ID,Provid,Name,Owner,Country,State,Colony,Pop,Goods_type,RGO_Production,Last_income,GDP,Last_Spending,Production_Income,AGDP
1,1,Sitka,USA,USA,blank,True,2702.0,precious_metal,0.817749,6.54199219,2387.82714935,1.603485,2.312744,0.7092589999999999
2,2,Yakutat,USA,USA,blank,True,1083.0,precious_metal,0.357178,2.85742188,1042.9589862,0.744141,0.901062,0.15692099999999998
3,3,Kenai,USA,USA,blank,True,757.0,fish,0.096463,0.14566040000000002,53.16604600000001,0.007263,0.004059,-0.0032040000000000003
4,4,Dutch Harbor,USA,USA,blank,True,694.0,fish,0.073383,0.11080933,40.44540545,0.528656,0.839294,0.31063799999999997
5,5,Bethel,USA,USA,blank,True,798.0,fish,0.100829,0.15225219999999998,55.57205299999999,0.0,0.0,0.0
6,6,Whitehorse,USA,USA,blank,True,1048.0,fish,0.134802,0.20355225,74.29657125,0.24585,0.372711,0.126861
7,7,Dawson,USA,USA,blank,True,976.0,fish,0.134802,0.20355225,74.29657125,0.0,0.0,0.0
8,8,Ross River,USA,USA,blank,True,971.0,grain,0.0,0.0,0.0,0.0,0.0,0.0
9,9,Fort Simpson,ENG,ENG,blank,True,985.0,timber,0.418896,0.40216064,146.7886336,0.0,0.0,0.0
10,10,Inuvik,ENG,ENG,blank,True,948.0,grain,0.098835,0.21743774,79.3647751,0.0,0.0,0.0
11,11,Echo Bay,ENG,ENG,blank,True,958.0,fish,0.129406,0.19540405000000002,71.32247825,0.0,0.0,0.0
12,12,Reliance,ENG,ENG,blank,True,367.0,fish,0.035792,0.05404663,19.72701995,0.0,0.0,0.0
13,13,Vancouver,COL,COL,blank,False,9389.0,timber,0.857849,0.8235778800000001,300.60592620000006,1.790588,2.679016,0.8884279999999998
14,14,Vancouver Island,COL,COL,blank,False,3519.0,fish,0.17593,0.26565552000000003,96.96426480000001,0.003321,0.0,-0.003321
15,15,Prince Rupert,COL,COL,blank,False,2833.0,timber,0.343114,0.32940674000000003,120.23346010000002,0.936105,1.141296,0.20519100000000012
16,16,Glenora,COL,COL,blank,False,2736.0,timber,0.171557,0.16470337000000002,60.11673005000001,0.0,0.0,0.0
17,17,Atlin,COL,COL,blank,False,1974.0,timber,0.343114,0.32940674000000003,120.23346010000002,0.684204,1.05954,0.3753359999999999
18,18,Fort Saint John,ENG,ENG,blank,True,1222.0,timber,0.594267,0.57052612,208.2420338,0.0,0.0,0.0
19,19,Prince George,ENG,ENG,blank,True,2064.0,timber,0.944978,0.9072265599999999,331.1376944,0.0,0.0,0.0
20,20,Kelowna,ENG,ENG,blank,True,2076.0,grain,0.256971,0.56533813,206.34841745,0.0,0.0,0.0
21,21,Vernon,ENG,ENG,blank,True,2100.0,timber,0.944978,0.9072265599999999,331.1376944,0.0,0.0,0.0
22,22,Edmonton,ENG,ENG,blank,True,4963.0,grain,0.430892,0.94796753,346.00814845,3.367432,5.155304,1.7878720000000001
23,23,Athabaska Landing,ENG,ENG,blank,True,1022.0,cattle,0.013826,0.02737427,9.99160855,0.0,0.0,0.0
24,24,Jasper,ENG,ENG,blank,True,838.0,timber,0.350711,0.33670044,122.8956606,0.0,0.0,0.0
25,25,Banff,ENG,ENG,blank,True,815.0,coal,0.155586,0.41235352000000003,150.50903480000002,0.0,0.0,0.0
26,26,Calgary,ENG,ENG,blank,True,2005.0,grain,0.217437,0.47836304,174.60250960000002,1.706238,2.440277,0.7340390000000001
27,27,Denwood,ENG,ENG,blank,True,1703.0,timber,0.915766,0.8791809100000001,320.90103215000005,0.240662,0.314728,0.07406600000000002
28,28,Fort MacLeod,ENG,ENG,blank,True,1872.0,iron,0.211326,1.11828613,408.17443744999997,0.0,0.0,0.0
29,29,Medicine Hat,ENG,ENG,blank,True,2132.0,fruit,0.424523,0.7598876999999999,277.35901049999995,0.0,0.0,0.0
30,30,Regina,ENG,ENG,blank,True,4171.0,grain,0.47044,1.03497314,377.76519609999997,1.185059,1.385345,0.20028599999999996
31,31,Stanley,ENG,ENG,blank,True,904.0,timber,0.594267,0.57052612,208.2420338,0.0,0.0,0.0
32,32,Prince Albert,ENG,ENG,blank,True,1886.0,grain,0.237204,0.52185059,190.47546535,0.0,0.0,0.0
33,33,Asquith,ENG,ENG,blank,True,1885.0,grain,0.237204,0.52185059,190.47546535,0.0,0.0,0.0
34,34,Saskatoon,ENG,ENG,blank,True,1906.0,grain,0.256971,0.56533813,206.34841745,0.0,0.0,0.0
35,35,Maple Creek,ENG,ENG,blank,True,796.0,grain,0.059301,0.13046264999999999,47.618867249999994,0.0,0.0,0.0
36,36,Winnipeg,ENG,ENG,blank,True,4059.0,grain,0.336039,0.7392883299999999,269.84024044999995,3.131317,4.893921,1.7626039999999996
37,37,Churchill,ENG,ENG,blank,True,850.0,fish,0.107417,0.16220093,59.203339449999994,0.0,0.0,0.0
38,38,Indian Lakes,ENG,ENG,blank,True,924.0,timber,0.477353,0.45828247,167.27310155,0.0,0.0,0.0
39,39,Norway House,ENG,ENG,blank,True,1865.0,timber,1.159321,1.11300659,406.24740534999995,0.627197,0.975861,0.348664
40,40,Dauphin,ENG,ENG,blank,True,1944.0,cattle,0.119698,0.23699951,86.50482115,0.718201,0.98175,0.26354900000000003
41,41,Brandon,ENG,ENG,blank,True,1664.0,grain,0.118602,0.26092529000000003,95.23773085,1.269409,2.037933,0.7685240000000002
42,42,Pembina,ENG,ENG,blank,True,1731.0,grain,0.118602,0.26092529000000003,95.23773085,0.538055,0.62085,0.08279500000000006
43,43,Arviat,ENG,ENG,blank,True,1239.0,fish,0.165259,0.24954224,91.0829176,0.0,0.0,0.0
44,44,Coral Harbour,ENG,ENG,blank,True,196.0,iron,0.035761,0.1892395,69.0724175,0.0,0.0,0.0
45,45,Baffin Island,ENG,ENG,blank,True,767.0,fish,0.102809,0.15524292,56.663665800000004,0.146391,0.146393,2.000000000002e-06
46,46,Toronto,ENG,ENG,blank,True,70112.0,grain,9.029819,19.86569214,7250.9776311000005,13.852112,22.24762,8.395508000000001
47,47,Fort Severn,ENG,ENG,blank,True,497.0,fish,0.071605,0.10812378,39.4651797,0.0,0.0,0.0
48,48,Fort Albany,ENG,ENG,blank,True,1647.0,fish,0.294705,0.44500732,162.42767179999998,0.0,0.0,0.0
49,49,Dryden,ENG,ENG,blank,True,3006.0,timber,1.938687,1.86123657,679.35134805,0.0,0.0,0.0
50,50,Thunder Bay,ENG,ENG,blank,True,2135.0,cattle,0.133523,0.26437378,96.49642970000001,0.000138,0.0,-0.000138
51,51,Sault Ste Marie,ENG,ENG,blank,True,1548.0,cattle,0.020731,0.04104614,14.9818411,1.632446,2.778442,1.145996
52,52,Sudbury,ENG,ENG,blank,True,2139.0,cattle,0.150385,0.29776001,108.68240365000001,0.0,0.0,0.0
53,53,Barrie,ENG,ENG,blank,True,795.0,grain,0.059301,0.13046264999999999,47.618867249999994,0.0,0.0,0.0
54,54,Windsor,ENG,ENG,blank,True,13139.0,grain,1.980679,4.35751343,1590.49240195,0.0,0.0,0.0
55,55,Hamilton,ENG,ENG,blank,True,25512.0,fish,4.864611,7.34561157,2681.14822305,0.0,0.0,0.0
56,56,Kingston,ENG,ENG,blank,True,26238.0,grain,3.625361,7.97583008,2911.1779791999998,3.242737,3.810059,0.5673219999999999
57,57,Ottawa,ENG,ENG,blank,True,15686.0,grain,2.312792,5.08816528,1857.1803272,0.0,0.0,0.0
58,58,Montreal,ENG,ENG,blank,True,100518.0,cattle,9.187256,18.190582279999997,6639.562532199999,9.900543,17.158966,7.258422999999999
59,59,Nitchequon,ENG,ENG,blank,True,421.0,fish,0.066997,0.10116576999999999,36.925506049999996,0.131836,0.145844,0.014007999999999993
60,60,Fort Rupert,ENG,ENG,blank,True,272.0,fish,0.035792,0.05404663,19.72701995,0.0,0.0,0.0
61,61,Chicoutimi,ENG,ENG,blank,True,3175.0,grain,0.336039,0.7392883299999999,269.84024044999995,0.0,0.0,0.0
62,62,Sept-Îles,ENG,ENG,blank,True,1549.0,fish,0.232276,0.35073853000000005,128.01956345000002,0.0,0.0,0.0
63,63,Temiscaming,ENG,ENG,blank,True,4832.0,cattle,0.461622,0.9140014599999999,333.61053289999995,0.0,0.0,0.0
64,64,Trois-Rivières,ENG,ENG,blank,True,25744.0,grain,3.739995,8.22802734,3003.2299791,3.624237,5.870453,2.2462160000000004
65,65,Quebec City,ENG,ENG,blank,True,72160.0,grain,9.812619,21.58786011,7879.56894015,24.072357,38.643982,14.571625000000001
66,66,Sherbrooke,ENG,ENG,blank,True,24640.0,grain,3.546293,7.80187988,2847.6861562000004,0.559601,0.648468,0.08886700000000003
67,67,Rimouski,ENG,ENG,blank,True,21039.0,grain,2.917675,6.41891479,2342.90389835,1.985535,3.102875,1.11734
68,68,Fredericton,ENG,ENG,blank,False,34694.0,timber,22.650715,21.74581909,7937.22396785,0.0,0.0,0.0
69,69,Bathurst,ENG,ENG,blank,False,23282.0,cattle,2.540383,5.02990723,1835.91613895,0.0,0.0,0.0
70,70,Prince Edward Island,ENG,ENG,blank,False,11475.0,fish,2.01447,3.04187012,1110.2825938,3.26236,3.951721,0.6893609999999999
71,71,Halifax,ENG,ENG,blank,False,29733.0,fish,4.735165,7.15014648,2609.8034652,17.420685,27.913452,10.492767
72,72,Truro,ENG,ENG,blank,False,15440.0,timber,10.930795,10.49411011,3830.35019015,0.0,0.0,0.0
73,73,Cape Breton Island,ENG,ENG,blank,False,6817.0,timber,4.929572,4.732635500000001,1727.4119575000002,0.0,0.0,0.0
74,74,Saint Johns,ENG,ENG,blank,False,21463.0,fish,2.711398,4.09423828,1494.3969722,15.353729,24.594025,9.240295999999999
75,75,Millertown,ENG,ENG,blank,False,8028.0,iron,1.337877,7.07971191,2584.09484715,0.0,0.0,0.0
76,76,Hopedale,ENG,ENG,blank,False,327.0,fish,0.004608,0.00695801,2.53967365,0.0,0.0,0.0
77,77,St Pierre & Miquelon,FRA,FRA,blank,False,323.0,fish,0.006791,0.01025391,3.74267715,0.0,0.0,0.0
78,78,Seattle,ENG,ENG,blank,True,4458.0,timber,2.630383,2.52529907,921.73416055,0.0,0.0,0.0
79,79,Spokane,ENG,ENG,blank,True,670.0,timber,0.39941,0.38345337,139.96048005,0.0,0.0,0.0
80,80,Walla Walla,ENG,ENG,blank,True,693.0,timber,0.44814,0.43023682,157.0364393,0.0,0.0,0.0
81,81,Portland,ENG,ENG,blank,True,4476.0,timber,2.883697,2.76849365,1010.50018225,0.001107,0.0,-0.001107
82,82,Baker City,ENG,ENG,blank,True,744.0,timber,0.467626,0.44894409,163.86459285,0.0,0.003784,0.003784
83,83,Klamath Falls,ENG,ENG,blank,True,584.0,fish,0.076213,0.11508179,42.00485335,0.0,0.0,0.0
84,84,San Francisco,USA,USA,blank,False,9557.0,fruit,1.611159,2.88394165,1052.63870225,0.553101,0.672241,0.11914000000000002
85,85,Eureka,USA,USA,blank,False,3779.0,fish,0.451738,0.68212891,248.97705215,0.0,0.0,0.0
86,86,Sacramento,USA,USA,blank,False,4636.0,fruit,0.551948,0.9879760700000001,360.61126555000004,0.0,0.0,0.0
87,87,Monterey,USA,USA,blank,False,4726.0,fruit,0.837811,1.4996643099999998,547.3774731499999,0.0,0.0,0.0
88,88,Mariposa,USA,USA,blank,False,4147.0,precious_metal,0.855347,6.84277344,2497.6123056,0.0,0.0,0.0
89,89,Los Angeles,USA,USA,blank,False,5468.0,grain,0.562644,1.23782349,451.80557385000003,0.0,0.0,0.0
90,90,San Diego,USA,USA,blank,False,4962.0,grain,0.562644,1.23782349,451.80557385000003,0.25351,0.332489,0.07897899999999997
91,91,Boise,USA,USA,blank,False,2602.0,wool,0.792174,0.5466003399999999,199.50912409999998,0.0,0.0,0.0
92,92,Coeur D'Alene,USA,USA,blank,False,1826.0,timber,0.986111,0.94671631,345.55145315,0.0,0.0,0.0
93,93,Pocatello,USA,USA,blank,False,3219.0,precious_metal,1.240723,9.92578125,3622.91015625,0.277405,0.372833,0.09542800000000001
94,94,Carson City,CSA,CSA,blank,False,5448.0,iron,0.105496,0.55825806,203.76419190000001,0.0,0.0,0.0
95,95,Elko,CSA,CSA,blank,False,4126.0,iron,0.12639,0.66882324,244.1204826,0.0,0.0,0.0
96,96,Las Vegas,CSA,CSA,blank,False,3586.0,iron,0.090185,0.47723389,174.19036985,0.0,0.0,0.0
97,97,Salt Lake City,CSA,CSA,blank,False,5293.0,coal,0.292944,0.7763977099999999,283.38516415,0.014374,0.015778,0.0014040000000000007
98,98,Loa,CSA,CSA,blank,False,4225.0,grain,0.089236,0.19631958,71.6566467,0.626587,0.924713,0.298126
99,99,Moab,CSA,CSA,blank,False,4390.0,grain,0.152851,0.33627319,122.73971435,0.0,0.0,0.0
100,100,Phoenix,USA,USA,blank,False,6591.0,iron,0.35293,1.86761475,681.6793837499999,0.348419,0.518311,0.169892
101,101,Flagstaff,USA,USA,blank,False,3535.0,cattle,0.075524,0.14953613000000002,54.580687450000006,0.0,0.0,0.0
102,102,Tucson,USA,USA,blank,False,4331.0,cattle,0.289057,0.57232666,208.8992309,0.0,0.0,0.0
103,103,Santa Fe,CSA,CSA,blank,False,11206.0,fruit,1.144661,2.04891968,747.8556832,0.002357,0.002441,8.399999999999987e-05
104,104,Albuquerque,CSA,CSA,blank,False,7093.0,cattle,0.295916,0.58590698,213.85604769999998,0.007752,0.009003,0.0012510000000000004
105,105,Las Cruces,CSA,CSA,blank,False,5141.0,cattle,0.161868,0.32049561,116.98089764999999,0.0,0.0,0.0
106,106,Denver,USA,USA,blank,False,2701.0,cattle,0.091877,0.18191527999999998,66.3990772,0.0,0.0,0.0
107,107,Grand Junction,USA,USA,blank,False,1985.0,cattle,0.24869,0.49240111999999997,179.7264088,0.0,0.0,0.0
108,108,Alamosa,USA,USA,blank,False,1270.0,cattle,0.07799,0.15441895,56.36291675,0.0,0.0,0.0
109,109,Pueblo,USA,USA,blank,False,1417.0,cattle,0.014704,0.029113769999999997,10.626526049999999,0.0,0.0,0.0
110,110,Cheyenne,USA,USA,blank,False,2574.0,grain,0.096824,0.2130127,77.7496355,0.906036,1.436829,0.530793
111,111,Cody,USA,USA,blank,False,3903.0,coal,0.981081,2.60018921,949.06906165,0.126282,0.129181,0.002898999999999985
112,112,Casper,USA,USA,blank,False,2676.0,grain,0.387391,0.8522644,311.076506,0.0,0.0,0.0
113,113,Bozeman,USA,USA,blank,False,2185.0,cattle,0.221702,0.43896483999999997,160.22216659999998,0.0,0.0,0.0
114,114,Missoula,USA,USA,blank,False,1848.0,cattle,0.035974,0.07122803,25.99823095,0.38443,0.4888,0.10437000000000002
115,115,Great Falls,USA,USA,blank,False,3558.0,cattle,0.364643,0.7219848600000001,263.52447390000003,0.0,0.0,0.0
116,116,Billings,USA,USA,blank,False,4640.0,cattle,0.436098,0.86346436,315.16449140000003,1.75058,2.127869,0.377289
117,117,Bismarck,USA,USA,blank,False,4779.0,coal,1.0187,2.69989014,985.4599011,0.437897,0.619904,0.18200700000000003
118,118,Minot,USA,USA,blank,False,3501.0,coal,0.641515,1.7002258300000002,620.58242795,0.0,0.0,0.0
119,119,Dickinson,USA,USA,blank,False,4002.0,cattle,0.359741,0.7122802699999999,259.98229855,0.0,0.0,0.0
120,120,Sioux Falls,USA,USA,blank,False,3114.0,grain,0.032279,0.07101439999999999,25.920256,1.308716,2.342438,1.033722
121,121,Dupree,USA,USA,blank,False,4061.0,coal,0.981081,2.60018921,949.06906165,0.389852,0.597229,0.20737700000000003
122,122,Rapid City,USA,USA,blank,False,2242.0,grain,0.189083,0.41598511000000005,151.83456515,0.0,0.0,0.0
123,123,Omaha,CSA,CSA,blank,False,5458.0,fruit,0.624373,1.11761475,407.92938375,0.005798,0.005981,0.000183
124,124,Alliance,CSA,CSA,blank,False,2981.0,grain,0.362658,0.7978515599999999,291.2158194,0.0,0.0,0.0
125,125,North Platte,CSA,CSA,blank,False,3995.0,grain,0.413927,0.91064453,332.38525345,0.0,0.0,0.0
126,126,Topeka,USA,USA,blank,False,3211.0,grain,0.023055,0.05072021,18.51287665,0.698792,1.097717,0.3989250000000001
127,127,Goodland,USA,USA,blank,False,3644.0,fruit,0.599669,1.07339478,391.7890947,0.011247,0.003571,-0.0076760000000000005
128,128,Wichita,USA,USA,blank,False,2393.0,grain,0.02766,0.06085205,22.21099825,0.0,0.0,0.0
129,129,Oklahoma City,CSA,CSA,blank,False,5196.0,grain,0.335123,0.7372741700000001,269.10507205000005,0.256348,0.360596,0.10424800000000001
130,130,Tahlequah,CSA,CSA,blank,False,16715.0,grain,2.166489,4.766296390000001,1739.6981823500003,3.846069,6.239258,2.3931890000000005
131,131,Okmulgee,CSA,CSA,blank,False,3421.0,grain,0.396838,0.87304688,318.66211119999997,0.0,0.0,0.0
132,132,Houston,CSA,CSA,blank,False,12127.0,cattle,0.803391,1.59069824,580.6048576000001,0.0,0.0,0.0
133,133,Austin,CSA,CSA,blank,False,8501.0,cattle,0.636868,1.26098633,460.26001045,0.100584,0.097351,-0.0032330000000000136
134,134,Dallas,CSA,CSA,blank,False,5690.0,cattle,0.367987,0.72860718,265.9416207,0.062072,0.061371,-0.0007010000000000002
135,135,Lubbock,CSA,CSA,blank,False,6306.0,sulphur,0.295783,2.0944519,764.4749435000001,0.0,0.0,0.0
136,136,El Paso,CSA,CSA,blank,False,5878.0,cattle,0.0,0.0,0.0,0.378845,0.441284,0.06243900000000002
137,137,San Antonio,CSA,CSA,blank,False,5624.0,cattle,0.29345,0.5810241700000001,212.07382205000002,0.0,0.0,0.0
138,138,Laredo,CSA,CSA,blank,False,5288.0,cattle,0.344498,0.6820983899999999,248.96591234999997,0.398376,0.587463,0.18908699999999995
139,139,New Orleans,CSA,CSA,blank,False,45691.0,grain,4.772553,10.49966431,3832.37747315,3.698212,5.641144,1.9429319999999999
140,140,Baton Rouge,CSA,CSA,blank,False,16723.0,cotton,1.539822,3.3416748,1219.711302,1.575867,2.472015,0.896148
141,141,Lake Charles,CSA,CSA,blank,False,10153.0,sulphur,0.694198,4.91564941,1794.21203465,0.0,0.0,0.0
142,142,Shreveport,CSA,CSA,blank,False,11497.0,sulphur,0.756538,5.3570861800000005,1955.3364557000002,0.344238,0.484222,0.139984
143,143,Little Rock,CSA,CSA,blank,False,13956.0,grain,1.382301,3.0410766600000003,1109.9929809,0.0,0.0,0.0
144,144,Hot Springs,CSA,CSA,blank,False,11757.0,grain,1.142101,2.5126342800000003,917.1115122000001,0.0,0.0,0.0
145,145,Fayetteville,CSA,CSA,blank,False,7000.0,timber,2.247789,2.1579895000000002,787.6661675,0.0,0.0,0.0
146,146,St Louis,USA,USA,blank,False,51268.0,cattle,8.155474,16.14767456,5893.9012144,9.90506,19.295654,9.390593999999998
147,147,Joplin,USA,USA,blank,False,8419.0,coal,2.12415,5.62969971,2054.84039415,0.0,0.0,0.0
148,148,Malden,USA,USA,blank,False,13183.0,grain,1.517383,3.33825684,1218.4637466000001,0.994049,1.743042,0.748993
149,149,Jefferson City,USA,USA,blank,False,15136.0,coal,4.070711,10.78872681,3937.88528565,1.690033,2.989868,1.299835
150,150,Kansas City,USA,USA,blank,False,17187.0,coal,4.712249,12.48901367,4558.48998955,1.860046,3.307922,1.447876
151,151,Des Moines,USA,USA,blank,False,5797.0,grain,0.673353,1.4813842799999999,540.7052622,0.179718,0.292633,0.11291499999999999
152,152,Oskaloosa,USA,USA,blank,False,3734.0,grain,0.401221,0.88269043,322.18200695,0.0,0.0,0.0
153,153,Cedar Rapids,USA,USA,blank,False,5395.0,cattle,0.701495,1.38894653,506.96548344999997,0.0,0.0,0.0
154,154,Sioux City,USA,USA,blank,False,2101.0,grain,0.110653,0.24343872,88.85513279999999,0.287659,0.486664,0.199005
155,155,Minneapolis,USA,USA,blank,False,5105.0,timber,2.868408,2.7538147,1005.1423655,1.289001,1.783691,0.49468999999999985
156,156,Granite Falls,USA,USA,blank,False,3903.0,coal,0.911095,2.4147033700000002,881.3667300500001,0.0,0.0,0.0
157,157,Moorhead,USA,USA,blank,False,3551.0,timber,2.151314,2.06536865,753.85955725,0.0,0.0,0.0
158,158,Duluth,USA,USA,blank,False,3915.0,iron,0.395784,2.0943908700000002,764.4526675500001,0.0,0.0,0.0
159,159,Milwaukee,USA,USA,blank,False,7476.0,timber,7.062894,6.7807312,2474.966888,0.0,0.0,0.0
160,160,Eau Claire,USA,USA,blank,False,2891.0,grain,0.30437,0.6696167000000001,244.4100955,0.0,0.0,0.0
161,161,Green Bay,USA,USA,blank,False,3522.0,timber,3.593067,3.44952393,1259.07623445,0.0,0.0,0.0
162,162,Madison,USA,USA,blank,False,4070.0,coal,1.180664,3.12915039,1142.13989235,0.0,0.0,0.0
163,163,Chicago,USA,USA,blank,False,57149.0,coal,15.490959,41.05615234,14985.495604099999,6.076782,9.553131,3.476349000000001
164,164,Rockford,USA,USA,blank,False,16902.0,coal,4.63183,12.27587891,4480.6958021499995,0.0,0.0,0.0
165,165,Champaign,USA,USA,blank,False,13964.0,coal,3.865935,10.246002200000001,3739.7908030000003,0.0,0.0,0.0
166,166,Peoria,USA,USA,blank,False,33749.0,cattle,5.240877,10.37683105,3787.54333325,5.613434,10.022339,4.408905000000001
167,167,Springfield,USA,USA,blank,False,12783.0,cattle,1.914658,3.7909851100000003,1383.7095651500001,0.098245,0.103638,0.005392999999999995
168,168,Carbondale,USA,USA,blank,False,24785.0,cattle,3.162501,6.26168823,2285.51620395,2.669556,5.255219,2.5856630000000003
169,169,Indianapolis,USA,USA,blank,False,90746.0,grain,12.867886,28.30947876,10332.9597474,14.258636,21.392548,7.133912000000002
170,170,Evansville,USA,USA,blank,False,65578.0,grain,8.74462,19.23825073,7021.96151645,3.030365,5.94516,2.9147949999999994
171,171,South Bend,USA,USA,blank,False,14840.0,timber,12.344226,11.851074220000001,4325.642090300001,0.440704,0.858917,0.41821300000000006
172,172,Fort Wayne,USA,USA,blank,False,39861.0,timber,29.809162,28.61828613,10445.674437450001,2.020782,2.47403,0.4532479999999999
173,173,Detroit,USA,USA,blank,False,29047.0,timber,26.809949,25.7388916,9394.695434,0.961365,1.892761,0.9313959999999999
174,174,Grand Rapids,USA,USA,blank,False,9057.0,timber,8.736155,8.387146000000001,3061.3082900000004,0.002931,0.002045,-0.0008860000000000001
175,175,Saginaw,USA,USA,blank,False,6498.0,timber,6.222464,5.97387695,2180.46508675,0.0,0.0,0.0
176,176,Traverse City,USA,USA,blank,False,5019.0,timber,4.679977,4.493011470000001,1639.9491865500004,0.0,0.0,0.0
177,177,Marquette,USA,USA,blank,False,5061.0,iron,0.602497,3.18826294,1163.7159731,0.253418,0.28241,0.028992000000000018
178,178,Cleveland,USA,USA,blank,False,68572.0,coal,17.534737,46.472839359999995,16962.5863664,2.733319,5.395416,2.662097
179,179,Columbus,USA,USA,blank,False,82142.0,grain,13.135399,28.89801025,10547.77374125,14.328552,23.944519,9.615967
180,180,Sandusky,USA,USA,blank,False,59927.0,timber,56.249327,54.002166749999994,19710.790863749997,2.115509,3.014496,0.898987
181,181,Dayton,USA,USA,blank,False,69724.0,grain,11.184475,24.605957030000003,8981.17431595,13.89212,24.806244,10.914124
182,182,Cincinnati,USA,USA,blank,False,91307.0,grain,14.454488,31.80001831,11607.006683149999,9.204803,14.018799,4.8139959999999995
183,183,Marietta,USA,USA,blank,False,51324.0,cotton,12.719771,27.60406494,10075.4837031,2.765167,4.193756,1.4285889999999997
184,184,Louisville,CSA,CSA,blank,False,41995.0,tobacco,5.012884,5.81524658,2122.5650017000003,6.133881,10.016449,3.882568
185,185,Lexington,CSA,CSA,blank,False,86500.0,coal,15.333243,40.638153079999995,14832.925874199998,18.995672,24.705017,5.709345000000003
186,186,Bowling Green,CSA,CSA,blank,False,38285.0,cattle,3.577791,7.083953859999999,2585.6431589,1.78186,2.782043,1.0001829999999998
187,187,Paducah,CSA,CSA,blank,False,27180.0,cattle,2.46153,4.8737793,1778.9294445,1.401093,1.910034,0.5089410000000001
188,188,Nashville,CSA,CSA,blank,False,110303.0,grain,16.245862,35.741058349999996,13045.486297749998,15.445282,24.385345,8.940063
189,189,Memphis,CSA,CSA,blank,False,31888.0,cotton,4.489136,9.7421875,3555.8984375,4.129395,6.612946,2.4835510000000003
190,190,Knoxville,CSA,CSA,blank,False,36471.0,coal,5.271111,13.97018433,5099.11728045,2.934662,4.445404,1.510742
191,191,Chattanooga,CSA,CSA,blank,False,40297.0,coal,6.214056,16.469299319999998,6011.294251799999,4.608354,6.009644,1.4012899999999995
192,192,Jackson,CSA,CSA,blank,False,46340.0,cotton,4.269131,9.26473999,3381.6300963500003,9.81158,12.919983,3.108403000000001
193,193,Vicksburg,CSA,CSA,blank,False,26955.0,grain,1.76585,3.8848877,1417.9840105,0.917511,0.842987,-0.07452399999999992
194,194,Biloxi,CSA,CSA,blank,False,21897.0,cotton,0.089619,0.19448853,70.98831344999999,2.260055,2.782471,0.5224160000000002
195,195,Montgomery,CSA,CSA,blank,False,74526.0,cotton,9.02718,19.59051514,7150.5380261,9.543976,12.33017,2.786194
196,196,Tuscaloosa,CSA,CSA,blank,False,55311.0,iron,3.066867,16.22909546,5923.6198429,3.441162,5.181061,1.7398989999999999
197,197,Mobile,CSA,CSA,blank,False,36712.0,cotton,3.6174,7.85037231,2865.38589315,3.20955,3.762146,0.5525959999999999
198,198,Tallahassee,CSA,CSA,blank,False,9493.0,cotton,0.749563,1.62667847,593.73764155,0.0,0.0,0.0
199,199,St Augustine,CSA,CSA,blank,False,14119.0,cotton,0.0,0.0,0.0,0.0,0.0,0.0
200,200,Tampa,CSA,CSA,blank,False,5428.0,fruit,0.0,0.0,0.0,0.022858,0.023102,0.00024400000000000116
201,201,Atlanta,CSA,CSA,blank,False,78804.0,cotton,4.953543,10.750030520000001,3923.7611398000004,5.068359,7.670197,2.601838
202,202,Valdosta,CSA,CSA,blank,False,16741.0,cotton,1.686449,3.65988159,1335.85678035,0.438134,0.48941,0.05127599999999999
203,203,Bermuda,ENG,ENG,blank,False,4511.0,fish,0.201051,0.30358887,110.80993755,0.0,0.0,0.0
204,204,Savannah,CSA,CSA,blank,False,61286.0,cotton,4.472809,9.706756590000001,3542.9661553500005,7.043539,9.142792,2.099253
205,205,Charleston,CSA,CSA,blank,False,68859.0,coal,6.217107,16.477386470000003,6014.246061550001,4.34964,6.668182,2.318542
206,206,Columbia,CSA,CSA,blank,False,94843.0,cotton,8.106507,17.592498780000003,6421.2620547000015,10.355629,6.79248,-3.563149
207,207,Greenville,CSA,CSA,blank,False,30074.0,tobacco,3.560744,4.13067627,1507.6968385500002,0.0,0.0,0.0
208,208,Raleigh,CSA,CSA,blank,False,45751.0,tobacco,5.743006,6.66223145,2431.71447925,0.0,0.0,0.0
209,209,Charlotte,CSA,CSA,blank,False,37637.0,tobacco,4.281474,4.966766359999999,1812.8697213999997,5.384328,6.902557,1.5182289999999998
210,210,Wilmington,CSA,CSA,blank,False,54585.0,cotton,6.134889,13.31375122,4859.5191953,6.281952,10.325348,4.0433959999999995
211,211,Richmond,CSA,CSA,blank,False,110347.0,tobacco,12.310759,14.281219479999999,5212.645110199999,16.782684,27.989838,11.207154
212,212,Manassas,CSA,CSA,blank,False,15077.0,tobacco,0.909482,1.05505371,385.09460414999995,2.859344,4.504608,1.645264
213,213,Fredericksburg,CSA,CSA,blank,False,34285.0,tobacco,3.382514,3.92391968,1432.2306832,0.0,0.0,0.0
214,214,Norfolk,CSA,CSA,blank,False,32803.0,tobacco,3.550826,4.119171140000001,1503.4974661000003,2.589966,4.084442,1.4944760000000001
215,215,Staunton,CSA,CSA,blank,False,19446.0,grain,1.877877,4.13134766,1507.9418959000002,1.637817,2.684753,1.046936
216,216,Roanoke,CSA,CSA,blank,False,37450.0,tobacco,2.464299,2.8587341299999998,1043.4379574499999,4.45108,7.2966,2.8455199999999996
217,217,Wheeling,USA,USA,blank,False,33352.0,coal,9.047335,23.978424070000003,8752.12478555,0.847717,1.236206,0.38848899999999986
218,218,Huntington,USA,USA,blank,False,32481.0,coal,7.532309,19.96310425,7286.53305125,5.570374,9.927002,4.356628
219,219,Baltimore,USA,USA,blank,False,61850.0,tobacco,12.436217,14.42675781,5265.76660065,86.19754,124.32016,38.12262
220,220,Washington,USA,USA,blank,False,51849.0,grain,6.290962,13.84017944,5051.6654956,3.580322,5.718475,2.138153
221,221,Hagerstown,USA,USA,blank,False,18469.0,tobacco,4.902632,5.68734741,2075.88180465,2.983887,5.308624,2.324737
222,222,Dover,USA,USA,blank,False,21497.0,grain,3.689697,8.11737061,2962.84027265,5.040793,7.256195,2.215402
223,223,Philadelphia,USA,USA,blank,False,178093.0,iron,26.60837,140.80484009,51393.76663285,120.698356,177.766571,57.068214999999995
224,224,Scranton,USA,USA,blank,False,52175.0,grain,8.085096,17.78729248,6492.3617552000005,6.707458,9.698517,2.991059000000001
225,225,Williamsport,USA,USA,blank,False,57671.0,coal,15.054209,39.898620609999995,14562.996522649999,6.509674,10.235504,3.72583
226,226,Harrisburg,USA,USA,blank,False,91086.0,tobacco,24.5673,28.49954224,10402.3329176,16.891815,29.007111,12.115295999999997
227,227,Pittsburgh,USA,USA,blank,False,102226.0,coal,26.711658,70.79470825,25840.06851125,2.875916,5.13678,2.2608639999999998
228,228,Erie,USA,USA,blank,False,37108.0,timber,31.706526,30.439849849999998,11110.545195249999,2.245422,3.365875,1.120453
229,229,Newark,USA,USA,blank,False,49146.0,fish,12.114267,18.292663570000002,6676.822203050001,0.586548,0.845917,0.25936900000000007
230,230,Trenton,USA,USA,blank,False,33705.0,fish,7.8463,11.84799194,4324.5170581,2.692688,4.0755,1.382812
231,231,Atlantic City,USA,USA,blank,False,32014.0,fish,7.406486,11.183868409999999,4082.1119696499995,3.600067,6.415466,2.815399
232,232,New York,USA,USA,blank,False,265461.0,grain,24.767246,54.4881897,19888.1892405,314.234194,440.941681,126.70748700000001
233,233,Long Island,USA,USA,blank,False,32134.0,grain,5.160971,11.35418701,4144.27825865,2.361359,2.824829,0.4634699999999996
234,234,Albany,USA,USA,blank,False,99402.0,iron,17.535559,92.79379272,33869.7343428,9.100098,11.283112,2.183014
235,235,Binghamton,USA,USA,blank,False,104799.0,grain,16.244003,35.73696899,13043.99368135,2.255615,3.365875,1.1102599999999998
236,236,Buffalo,USA,USA,blank,False,78206.0,timber,68.563641,65.82452393,24025.95123445,12.044067,13.303284,1.2592169999999996
237,237,Rochester,USA,USA,blank,False,56748.0,grain,9.122828,20.0703125,7325.6640625,9.000549,13.033752,4.033203
238,238,Syracuse,USA,USA,blank,False,89917.0,grain,14.537482,31.98260498,11673.6508177,15.698456,26.220734,10.522278
239,239,Watertown,USA,USA,blank,False,39783.0,iron,4.762028,25.19946289,9197.80395485,3.509705,4.223053,0.7133480000000003
240,240,Plattsburgh,USA,USA,blank,False,25540.0,timber,23.709906,22.762695309999998,8308.383788149999,1.699097,2.488678,0.7895810000000001
241,241,Hartford,USA,USA,blank,False,92644.0,fish,22.678028,34.24404907,12499.07791055,10.403961,15.819977,5.416015999999999
242,242,Providence,USA,USA,blank,False,32469.0,grain,4.233934,9.31469727,3399.86450355,15.651215,23.834717,8.183502
243,243,Boston,USA,USA,blank,False,156934.0,grain,7.125739,15.67669678,5721.9943247,167.156219,253.173767,86.017548
244,244,New Bedford,USA,USA,blank,False,44574.0,grain,6.853648,15.078094479999999,5503.504485199999,7.028564,10.137115,3.1085509999999994
245,245,Pittsfield,USA,USA,blank,False,29331.0,iron,3.491481,18.476043699999998,6743.755950499999,2.193848,3.622589,1.428741
246,246,Burlington,USA,USA,blank,False,88869.0,timber,76.713508,73.64880371,26881.81335415,14.172974,23.679749,9.506775000000001
247,247,Concord,USA,USA,blank,False,91415.0,timber,79.944293,76.75051880000001,28013.939362000005,8.188751,12.875977,4.687226000000001
248,248,Lewiston,USA,USA,blank,False,78087.0,timber,72.0335,69.15576172,25241.8530278,7.884918,8.729279,0.8443610000000001
249,249,Bangor,USA,USA,blank,False,55094.0,timber,50.512385,48.49441528,17700.4615772,2.768555,4.193756,1.4252009999999995
250,250,Caribou,USA,USA,blank,False,13790.0,timber,12.445024,11.94784546,4360.9635929,1.629181,2.608948,0.9797669999999998
251,251,Godthab,DEN,DEN,blank,True,2192.0,fish,0.211378,0.31918335000000003,116.50192275,0.0,0.0,0.0
252,252,Iceland,DEN,DEN,blank,True,16238.0,fish,2.434135,3.67556763,1341.58218495,0.0,0.0,0.0
253,253,Faroe Islands,DEN,DEN,blank,True,2233.0,fish,0.352061,0.53161621,194.03991665,0.0,0.0,0.0
254,254,Belfast,ENG,ENG,blank,False,216431.0,cattle,18.716065,37.05743408,13525.9634392,32.178467,38.049988,5.871521000000001
255,255,Londonderry,ENG,ENG,blank,False,194608.0,cattle,20.309345,40.21209717,14677.41546705,18.616852,30.548401,11.931548999999997
256,256,Armagh,ENG,ENG,blank,False,102098.0,cattle,10.585638,20.95935059,7650.1629653499995,6.268707,10.004395,3.7356880000000006
257,257,Donegal,ENG,ENG,blank,False,196475.0,cattle,19.310825,38.23504639,13955.791932350001,20.584595,31.802094,11.217499
258,258,Galway,ENG,ENG,blank,False,211573.0,cattle,21.642884,42.85247803,15641.154480950001,34.625885,52.869843,18.243958000000006
259,259,Sligo,ENG,ENG,blank,False,296671.0,cattle,30.04694,59.49234009,21714.704132849998,85.722748,125.756531,40.033783
260,260,Cork,ENG,ENG,blank,False,355810.0,fish,52.155509,78.75534058000001,28745.699311700002,121.751068,183.473846,61.722778000000005
261,261,Limerick,ENG,ENG,blank,False,316416.0,fish,47.79591,72.17230224999999,26342.890321249994,53.731812,87.320587,33.588775000000005
262,262,Waterford,ENG,ENG,blank,False,207689.0,fish,37.87938,57.198242189999995,20877.35839935,45.950195,75.711914,29.761718999999992
263,263,Dublin,ENG,ENG,blank,False,343506.0,grain,35.012325,77.02746582,28115.0250243,261.168701,392.480835,131.31213400000001
264,264,Kildare,ENG,ENG,blank,False,206501.0,cattle,19.820473,39.244140630000004,14324.111329950001,13.905029,16.300018,2.3949890000000007
265,265,Wexford,ENG,ENG,blank,False,171926.0,fish,31.031422,46.857757570000004,17103.08151305,34.47525,56.766754,22.291503999999996
266,266,Aberdeen,ENG,ENG,blank,False,61616.0,wool,11.787835,8.13360596,2968.7661754,5.581787,7.69162,2.109833
267,267,Inverness,ENG,ENG,blank,False,119715.0,sulphur,15.853397,112.25869751,40974.424591150004,22.91098,37.752869,14.841888999999998
268,268,Dundee,ENG,ENG,blank,False,132159.0,fish,19.859698,29.988342290000002,10945.744935850002,33.029053,39.083862,6.054809000000006
269,269,Edinburgh,ENG,ENG,blank,False,171492.0,coal,42.408844,112.39743042,41025.0621033,129.539673,198.049866,68.51019300000002
270,270,Stirling,ENG,ENG,blank,False,138582.0,coal,40.05759,106.16583252,38750.5288698,23.770966,39.223755,15.452788999999996
271,271,Glasgow,ENG,ENG,blank,False,233439.0,coal,45.053985,119.40792847,43583.893891550004,62.640076,101.391693,38.751617
272,272,Dumfries,ENG,ENG,blank,False,65222.0,coal,17.651622,46.782623290000004,17075.65750085,3.657379,5.939178,2.281799
273,273,Cardiff,ENG,ENG,blank,False,151834.0,coal,43.446151,115.14663696000001,42028.522490400006,19.054779,31.318604,12.263825
274,274,Cardigan,ENG,ENG,blank,False,63402.0,fish,7.437367,11.230499270000001,4099.132233550001,5.487579,6.676971,1.1893919999999998
275,275,Llandrindod,ENG,ENG,blank,False,69192.0,sulphur,12.214789,86.49353027000001,31570.138548550003,3.367157,3.589752,0.22259499999999965
276,276,Holyhead,ENG,ENG,blank,False,90819.0,fish,13.190843,19.91830444,7270.1811206,7.53949,12.373444,4.833953999999999
277,277,Liverpool,ENG,ENG,blank,False,453927.0,fish,47.75551,72.11129761,26320.62362765,107.801636,175.374878,67.573242
278,278,Manchester,ENG,ENG,blank,False,329998.0,coal,82.552885,218.79238892,79859.2219558,102.557922,153.268738,50.71081600000001
279,279,Carlisle,ENG,ENG,blank,False,81993.0,grain,9.634702,21.19644165,7736.70120225,12.361877,18.478668,6.116790999999999
280,280,Newcastle-upon-Tyne,ENG,ENG,blank,False,179889.0,coal,41.682719,110.47296143,40322.630921949996,17.949677,24.478302,6.528624999999998
281,281,Hull,ENG,ENG,blank,False,143194.0,fish,22.906282,34.588714599999996,12624.880828999998,30.078857,49.493835,19.414977999999998
282,282,Leeds,ENG,ENG,blank,False,135248.0,coal,31.171275,82.61416626,30154.1706849,65.803314,99.983887,34.180572999999995
283,283,Sheffield,ENG,ENG,blank,False,214646.0,coal,52.453496,139.01907349,50741.961823850004,80.693787,116.817474,36.123687000000004
284,284,Birmingham,ENG,ENG,blank,False,260231.0,coal,52.436201,138.97323608,50725.2311692,32.63916,52.526703,19.887543
285,285,Chester,ENG,ENG,blank,False,139578.0,fish,22.281019,33.64456177,12280.26504605,35.532013,52.070129,16.538116000000002
286,286,Shrewsbury,ENG,ENG,blank,False,121528.0,iron,15.121448,80.0189209,29206.9061285,66.777008,97.92984,31.152832000000004
287,287,Coventry,ENG,ENG,blank,False,162945.0,grain,19.621299,43.16705322,15755.974425299999,30.607147,44.863922,14.256775000000001
288,288,Nottingham,ENG,ENG,blank,False,178269.0,coal,38.691793,102.54602051,37429.297486150004,20.148132,33.133179,12.985046999999998
289,289,Leicester,ENG,ENG,blank,False,155367.0,grain,18.680349,41.09695435,15000.388337749999,5.751648,7.901886,2.150238
290,290,Lincoln,ENG,ENG,blank,False,127503.0,iron,16.395928,86.76315308000001,31668.550874200002,16.496521,26.570831,10.074309999999997
291,291,Cambridge,ENG,ENG,blank,False,123993.0,grain,14.078458,30.9727478,11305.052947,22.054626,33.608063,11.553437000000002
292,292,Ipswich,ENG,ENG,blank,False,246845.0,grain,31.877199,70.13015747,25597.50747655,37.318787,61.523651,24.204864
293,293,Chelmsford,ENG,ENG,blank,False,98588.0,coal,26.313182,69.73861694000001,25454.595183100006,4.354004,5.984894,1.63089
294,294,Oxford,ENG,ENG,blank,False,112377.0,grain,13.884727,30.54653931,11149.48684815,36.028107,59.351257,23.32315
295,295,St Albans,ENG,ENG,blank,False,109724.0,grain,14.647774,32.22525024,11762.2163376,11.514954,15.874756,4.359802
296,296,Bristol,ENG,ENG,blank,False,170048.0,iron,20.160846,106.68615722999999,38940.44738895,118.064331,179.376404,61.31207300000001
297,297,Salisbury,ENG,ENG,blank,False,154160.0,grain,19.229912,42.30599976,15441.6899124,4.078094,6.437683,2.3595889999999997
298,298,Bath,ENG,ENG,blank,False,151722.0,grain,17.272885,38.000518799999995,13870.189361999997,63.728149,74.500824,10.772674999999992
299,299,Plymouth,ENG,ENG,blank,False,309268.0,fish,47.626044,71.915802,26249.26773,24.647705,37.610138,12.962433
300,300,London,ENG,ENG,blank,False,900814.0,grain,46.291751,101.84231566999999,37172.44521955,555.607941,829.404511,273.79657
301,301,Canterbury,ENG,ENG,blank,False,149341.0,coal,41.233211,109.28161621,39887.78991665,19.741241,31.634277,11.893036000000002
302,302,Brighton,ENG,ENG,blank,False,150682.0,fish,24.161455,36.48403931,13316.67434815,44.33316,67.511383,23.178222999999996
303,303,Southampton,ENG,ENG,blank,False,122986.0,fish,20.226028,30.54150391,11147.64892715,16.598755,27.262695,10.66394
304,304,Isle of Man,ENG,ENG,blank,False,16494.0,fish,2.050303,3.09597778,1130.0318897,4.44986,5.267517,0.8176569999999996
305,305,Trondheim,SWE,SWE,blank,False,41080.0,timber,16.579114,15.916778560000001,5809.6241744,9.226013,13.695709,4.469696000000001
306,306,Bodo,SWE,SWE,blank,False,16140.0,fish,1.310408,1.97872925,722.23617625,0.0,0.0,0.0
307,307,Hammerfest,SWE,SWE,blank,False,9744.0,timber,3.815166,3.66275024,1336.9038375999999,0.0,0.0,0.0
308,308,Alesund,SWE,SWE,blank,False,23258.0,fish,1.860408,2.8092346200000002,1025.3706363000001,0.0,0.0,0.0
309,309,Bergen,SWE,SWE,blank,False,56145.0,fish,5.666551,8.556549069999999,3123.1404105499996,16.780243,27.715057,10.934814000000003
310,310,Christianssand,SWE,SWE,blank,False,49281.0,fish,6.443229,9.7293396,3551.2089539999997,1.185455,1.279144,0.09368900000000013
311,311,Skien,SWE,SWE,blank,False,20653.0,timber,13.131856,12.60723877,4601.64215105,0.0,0.0,0.0
312,312,Drammen,SWE,SWE,blank,False,41515.0,grain,5.493195,12.08508301,4411.05529865,1.427521,2.360657,0.9331359999999997
313,313,Christiania,SWE,SWE,blank,False,32906.0,fish,2.641916,3.98931885,1456.10138025,24.739777,36.81012,12.070342999999998
314,314,Hamar,SWE,SWE,blank,False,23344.0,grain,2.575367,5.66583252,2068.0288698,0.0,0.0,0.0
315,315,Lillehammer,SWE,SWE,blank,False,28264.0,timber,12.665661,12.159667970000001,4438.278809050001,0.991028,1.625641,0.6346129999999999
316,316,Frederiksstad,SWE,SWE,blank,False,19756.0,grain,2.462605,5.41775513,1977.4806224499998,0.0,0.0,0.0
317,317,Gävle,SWE,SWE,blank,False,28967.0,timber,18.568916,17.8270874,6506.886901,5.95639,9.774017,3.8176270000000008
318,318,Sundsvall,SWE,SWE,blank,False,25820.0,timber,16.571962,15.909912109999999,5807.11792015,0.375,0.450745,0.075745
319,319,Östersund,SWE,SWE,blank,False,12486.0,timber,6.749882,6.4802246100000005,2365.2819826500004,0.0,0.0,0.0
320,320,Umeå,SWE,SWE,blank,False,15738.0,timber,10.31326,9.90124512,3613.9544688,0.0,0.0,0.0
321,321,Luleå,SWE,SWE,blank,False,10063.0,iron,0.999746,5.29040527,1930.99792355,0.0,0.0,0.0
322,322,Stockholm,SWE,SWE,blank,False,65029.0,coal,8.616688,22.83706665,8335.52932725,54.931427,83.844666,28.913239000000004
323,323,Falun,SWE,SWE,blank,False,41737.0,iron,7.366185,38.980010990000004,14227.70401135,1.026855,1.522156,0.495301
324,324,Uppsala,SWE,SWE,blank,False,25090.0,timber,17.029257,16.34893799,5967.36236635,1.115601,1.672668,0.557067
325,325,Norrköping,SWE,SWE,blank,False,65680.0,grain,9.363208,20.59915161,7518.6903376499995,14.574432,15.926605,1.3521730000000005
326,326,Västerås,SWE,SWE,blank,False,63134.0,iron,8.142517,43.08816528,15727.1803272,1.608459,2.278625,0.6701659999999998
327,327,Örebro,SWE,SWE,blank,False,36851.0,timber,24.949141,23.9524231,8742.6344315,3.412689,3.826813,0.41412400000000016
328,328,Karlstad,SWE,SWE,blank,False,55948.0,timber,37.007534,35.529083250000006,12968.115386250003,1.79892,2.164093,0.36517299999999975
329,329,Göteborg,SWE,SWE,blank,False,53272.0,fish,5.824292,8.79473877,3210.07965105,11.538666,17.09726,5.558593999999999
330,330,Borås,SWE,SWE,blank,False,63476.0,fish,9.394946,14.1864624,5178.058776,5.72879,9.462189,3.7333990000000004
331,331,Gotland,SWE,SWE,blank,False,10711.0,grain,1.651021,3.63226318,1325.7760607,0.0,0.0,0.0
332,332,Kalmar,SWE,SWE,blank,False,52442.0,timber,35.119548,33.71652222,12306.5306103,8.48642,13.624146,5.137725999999999
333,333,Växjö,SWE,SWE,blank,False,79804.0,grain,11.487555,25.2727356,9224.548494,11.800507,19.396362,7.595855
334,334,Malmö,SWE,SWE,blank,False,86448.0,grain,12.578956,27.67382813,10100.94726745,1.84433,2.612885,0.7685549999999999
335,335,Karlskrona,SWE,SWE,blank,False,75194.0,fish,11.124473,16.798065190000003,6131.293794350001,8.995819,14.893524,5.897705
336,336,Oulu,RUS,RUS,blank,False,29065.0,timber,12.407102,11.91143799,4347.67486635,2.85144,4.153015,1.3015749999999997
337,337,Kajaani,RUS,RUS,blank,False,6674.0,timber,2.98173,2.86260986,1044.8525989,0.0,0.0,0.0
338,338,Tornio,RUS,RUS,blank,False,14892.0,iron,0.849677,4.49627686,1641.1410539,1.342438,1.63739,0.2949519999999999
339,339,Viipuri,RUS,RUS,blank,False,82151.0,timber,39.43203,37.85671997,13817.70278905,11.206543,17.614532,6.407989000000001
340,340,Kotka,RUS,RUS,blank,False,24222.0,timber,11.97867,11.50012207,4197.54455555,1.787964,2.296539,0.508575
341,341,Mikkeli,RUS,RUS,blank,False,44967.0,timber,21.318215,20.46655273,7470.29174645,6.584442,10.805939,4.221497
342,342,Kuopio,RUS,RUS,blank,False,56497.0,iron,3.402294,18.004089360000002,6571.492616400001,7.13736,8.671509,1.5341490000000002
343,343,Helsinki,RUS,RUS,blank,False,56306.0,grain,3.725111,8.195281979999999,2991.2779226999996,14.918579,18.619843,3.701264
344,344,Hämeenlinna,RUS,RUS,blank,False,16322.0,timber,8.019983,7.69958496,2810.3485104,1.692291,2.064301,0.37200999999999995
345,345,Turku,RUS,RUS,blank,False,108368.0,fish,19.499431,29.444335940000002,10747.182618100001,23.04892,33.459229,10.410309000000002
346,346,Vaasa,RUS,RUS,blank,False,104184.0,timber,51.444935,49.38970947,18027.24395655,27.83551,30.38089,2.5453800000000015
347,347,Tampere,RUS,RUS,blank,False,31657.0,timber,15.663094,15.03735352,5488.6340348,4.672913,7.55545,2.882537
348,348,Åland Islands,RUS,RUS,blank,False,3751.0,fish,0.656305,0.9910278299999999,361.72515795,0.491394,0.627167,0.13577300000000003
349,349,Reval,RUS,RUS,blank,False,63262.0,grain,3.757598,8.26675415,3017.3652647500003,8.231598,11.102661,2.8710629999999995
350,350,Narva,RUS,RUS,blank,False,70237.0,cattle,5.016015,9.93161011,3625.03769015,14.955353,25.843811,10.888457999999998
351,351,Pärnu,RUS,RUS,blank,False,34670.0,grain,2.870221,6.31451416,2304.7976684,1.692261,1.944397,0.2521359999999999
352,352,Dorpat,RUS,RUS,blank,False,56843.0,cattle,3.396194,6.724395749999999,2454.4044487499996,5.635376,8.21051,2.5751339999999994
353,353,Ösel,RUS,RUS,blank,False,6970.0,grain,0.500514,1.10113525,401.91436625,0.407623,0.531738,0.12411500000000003
354,354,Riga,RUS,RUS,blank,False,90410.0,fish,9.231648,13.939880370000001,5088.056335050001,25.112183,34.79364,9.681457000000002
355,355,Valmiera,RUS,RUS,blank,False,196386.0,cattle,13.56369,26.85583496,9802.3797604,22.3461,32.527313,10.181213
356,356,Daugavpils,RUS,RUS,blank,False,50243.0,grain,4.193152,9.22497559,3367.11609035,11.425476,16.739014,5.313538000000001
357,357,Jelgava,RUS,RUS,blank,False,47413.0,cattle,3.456844,6.84448242,2498.2360833000002,2.757935,3.316895,0.5589600000000003
358,358,Ventspils,RUS,RUS,blank,False,52393.0,fish,7.692481,11.61572266,4239.7387708999995,2.546722,3.610504,1.0637820000000002
359,359,Liepaja,RUS,RUS,blank,False,35923.0,grain,3.322031,7.3085021999999995,2667.603303,1.343903,1.887329,0.543426
360,360,Vilnius,RUS,RUS,blank,False,70896.0,grain,4.193152,9.22497559,3367.11609035,76.982574,86.39151,9.408935999999997
361,361,Kaunas,RUS,RUS,blank,False,75584.0,grain,6.982196,15.360900879999999,5606.728821199999,14.166107,21.755005,7.588898
362,362,Marijampole,RUS,RUS,blank,False,82765.0,grain,7.723367,16.9914856,6201.892244000001,24.092865,35.237305,11.14444
363,363,Panevezys,RUS,RUS,blank,False,75323.0,grain,6.764399,14.88174438,5431.8366987,17.414032,27.163147,9.749115
364,364,Siauliai,RUS,RUS,blank,False,75511.0,cattle,5.645747,11.1784668,4080.140382,7.588074,10.564209,2.976135
365,365,Palanga,RUS,RUS,blank,False,30800.0,grain,2.853977,6.27877808,2291.7539992,5.792267,9.08609,3.2938230000000006
366,366,Aarhus,DEN,DEN,blank,False,60437.0,grain,4.626624,10.17861938,3715.1960737000004,11.632874,18.469757,6.836883000000002
367,367,Aalborg,DEN,DEN,blank,False,40419.0,fish,5.967036,9.01028442,3288.7538133,1.694244,2.074585,0.3803409999999998
368,368,Ribe,DEN,DEN,blank,False,27940.0,cattle,2.144775,4.24661255,1550.01358075,0.0,0.0,0.0
369,369,Kiel,HOL,HOL,blank,False,32789.0,cattle,2.758755,5.46228027,1993.73229855,0.0,0.0,0.0
370,370,Flensburg,DEN,DEN,blank,False,48950.0,cattle,3.556181,7.0411682099999995,2570.0263966499997,6.97049,11.35141,4.38092
371,371,Aabenraa,DEN,DEN,blank,False,22924.0,cattle,1.799076,3.56213379,1300.1788333499999,0.23819,0.285034,0.046844
372,372,Copenhagen,DEN,DEN,blank,False,104504.0,grain,5.969253,13.13241577,4793.33175605,27.611267,45.551971,17.940704
373,373,Odense,DEN,DEN,blank,False,49952.0,grain,3.53231,7.77111816,2836.4581284,9.680481,15.298401,5.61792
374,374,Bornholm,DEN,DEN,blank,False,4912.0,fish,0.796504,1.2027282700000002,438.9958185500001,0.0,0.0,0.0
375,375,Amsterdam,NET,NET,blank,False,37592.0,cattle,2.479686,4.9097290000000005,1792.051085,36.777802,60.553009,23.775207
376,376,Rotterdam,NET,NET,blank,False,58576.0,fish,7.552929,11.40499878,4162.8245547,23.428101,38.735229,15.307127999999995
377,377,Utrecht,NET,NET,blank,False,13243.0,grain,1.396298,3.0718689,1121.2321485,4.482788,7.38269,2.899902
378,378,Middelburg,NET,NET,blank,False,13324.0,fish,2.000444,3.02069092,1102.5521858,0.0,0.0,0.0
379,379,Eindhoven,NET,NET,blank,False,64867.0,coal,15.893579,42.12322998,15374.9789427,1.040009,1.712219,0.67221
380,380,Breda,NET,NET,blank,False,44154.0,cattle,4.230442,8.376190189999999,3057.3094193499996,2.76947,4.414673,1.6452029999999995
381,381,Maastricht,NET,NET,blank,False,48446.0,coal,10.198165,27.02850342,9865.4037483,22.57135,39.873169,17.301819
382,382,Arnhem,NET,NET,blank,False,122416.0,cattle,12.26241,24.27932739,8861.95449735,18.145203,32.018585,13.873382000000003
383,383,Groningen,NET,NET,blank,False,34027.0,grain,3.884038,8.54492188,3118.8964862000003,0.0,0.001923,0.001923
384,384,Zwolle,NET,NET,blank,False,35717.0,fish,6.050019,9.1355896,3334.4902039999997,4.719971,5.67868,0.9587089999999998
385,385,Leeuwarden,NET,NET,blank,False,40975.0,cattle,3.111499,6.16070557,2248.65753305,15.77887,25.537781,9.758911
386,386,Assen,NET,NET,blank,False,12016.0,wool,4.742653,3.27243042,1194.4371033,0.0,0.0,0.0
387,387,Brussels,BEL,BEL,blank,False,158712.0,sulphur,21.543375,152.54971313,55680.64529245,74.439117,90.638184,16.199067
388,388,Bruges,BEL,BEL,blank,False,100520.0,grain,15.686172,34.50973511,12596.05331515,31.661072,52.231445,20.570373
389,389,Ghent,BEL,BEL,blank,False,148423.0,wool,47.799152,32.98141479,12038.216398350001,55.696594,75.510986,19.814392000000005
390,390,Antwerp,BEL,BEL,blank,False,67712.0,cattle,7.777884,15.40005493,5621.0200494499995,47.781921,75.26535,27.483429
391,391,Hasselt,BEL,BEL,blank,False,60535.0,coal,16.36546,43.373870849999996,15831.462860249998,7.71936,12.179443,4.460082999999999
392,392,Namur,BEL,BEL,blank,False,71689.0,iron,7.576802,40.094543460000004,14634.508362900002,12.869843,15.330414,2.460571
393,393,Tournai,BEL,BEL,blank,False,59104.0,coal,16.680259,44.20819092,16135.9896858,0.626221,0.735168,0.10894700000000002
394,394,Charleroi,BEL,BEL,blank,False,82153.0,coal,21.526584,57.05255127,20824.18121355,9.61319,15.670776,6.057586000000001
395,395,Liège,BEL,BEL,blank,False,39957.0,iron,4.872755,25.78540039,9411.67114235,6.156372,10.041595,3.885222999999999
396,396,Spa,BEL,BEL,blank,False,13145.0,coal,3.700987,9.808837890000001,3580.2258298500005,0.0,0.0,0.0
397,397,Luxembourg,LUX,LUX,blank,False,30172.0,iron,5.885252,31.143280030000003,11367.29721095,0.491852,0.582184,0.09033200000000002
398,398,Arlon,BEL,BEL,blank,False,31453.0,timber,26.756165,25.68725586,9375.8483889,0.0,4.456085,4.456085
399,399,Lille,FRA,FRA,blank,False,129652.0,iron,17.90012,94.72296143,34573.880921949996,30.054352,53.182007,23.127654999999997
400,400,Dunkirk,FRA,FRA,blank,False,84156.0,fish,19.098623,28.83911133,10526.27563545,18.919891,27.696747,8.776855999999999
401,401,Arras,FRA,FRA,blank,False,83374.0,coal,23.789336,63.04959106,23013.1007369,3.881805,5.765747,1.8839420000000002
402,402,Amiens,FRA,FRA,blank,False,113192.0,fish,24.91669,37.62445068,13732.9244982,24.53775,31.006683,6.468933
403,403,Laon,FRA,FRA,blank,False,126083.0,grain,19.010672,41.82366943,15265.63934195,6.754242,7.365021,0.610779
404,404,Cambrai,FRA,FRA,blank,False,71301.0,coal,18.660523,49.45654297,18051.63818405,4.475586,7.300598,2.825012
405,405,Charleville,FRA,FRA,blank,False,77574.0,coal,21.983657,58.26394653,21266.34048345,1.988708,2.926514,0.9378060000000001
406,406,Troyes,FRA,FRA,blank,False,67289.0,timber,57.240429,54.95367432,20058.091126799998,7.38681,12.164429,4.7776190000000005
407,407,Chaumont,FRA,FRA,blank,False,61269.0,iron,9.915971,52.472839359999995,19152.5863664,14.964508,18.2005,3.2359920000000013
408,408,Chalons,FRA,FRA,blank,False,62192.0,fruit,17.813309,31.885467530000003,11638.19564845,20.465576,29.718658,9.253082000000003
409,409,Strasbourg,FRA,FRA,blank,False,141092.0,grain,20.132285,44.291229249999994,16166.298676249997,65.27301,76.749146,11.476135999999997
410,410,Colmar,FRA,FRA,blank,False,65763.0,sulphur,11.530555,81.6484375,29801.6796875,22.237061,26.217102,3.980041
411,411,Nancy,FRA,FRA,blank,False,75027.0,iron,10.670994,56.468231200000005,20610.904388000003,20.972931,32.516235,11.543304000000003
412,412,Metz,FRA,FRA,blank,False,118485.0,precious_metal,57.40863,459.26904297,167633.20068404998,19.348755,25.318207,5.969452
413,413,Verdun,FRA,FRA,blank,False,87437.0,grain,13.389693,29.4574585,10751.9723525,11.441193,18.078308,6.637115
414,414,Épinal,FRA,FRA,blank,False,63468.0,sulphur,10.695441,75.73495483,27643.258512950004,11.734283,20.828339,9.094056
415,415,Rouen,FRA,FRA,blank,False,216796.0,cotton,43.062794,93.45358276,34110.5577074,63.796631,86.258362,22.461731000000007
416,416,Évreux,FRA,FRA,blank,False,126361.0,grain,18.902322,41.585296629999995,15178.633269949998,15.72229,23.615845,7.893555000000001
417,417,Alençon,FRA,FRA,blank,False,117241.0,cotton,26.084256,56.60726929,20661.653290849998,3.851685,4.414856,0.5631710000000005
418,418,Caen,FRA,FRA,blank,False,304952.0,cotton,62.401927,135.42279053,49429.31854345,51.614227,77.908142,26.293915
419,419,Channel Islands,ENG,ENG,blank,False,27100.0,fish,3.707679,5.59863281,2043.5009756499999,5.033478,5.900635,0.8671570000000006
420,420,Brest,FRA,FRA,blank,False,163256.0,grain,20.25129,44.55303955,16261.85943575,58.983673,75.776978,16.793304999999997
421,421,St Brieuc,FRA,FRA,blank,False,170867.0,grain,25.322067,55.70880127,20333.71246355,36.912903,61.364594,24.451690999999997
422,422,Vannes,FRA,FRA,blank,False,118388.0,fish,27.632878,41.725921629999995,15229.961394949998,27.209747,45.200897,17.991149999999998
423,423,Nantes,FRA,FRA,blank,False,120672.0,coal,30.736794,81.46264647999999,29733.865965199995,51.50116,84.768463,33.267303
424,424,Rennes,FRA,FRA,blank,False,168418.0,grain,22.970449,50.53521729,18445.354310849998,46.663239,77.219849,30.55661
425,425,Paris,FRA,FRA,blank,False,584488.0,grain,24.102674,53.02612305,19354.53491325,1242.54832,1675.230194,432.6818739999999
426,426,Chartres,FRA,FRA,blank,False,81027.0,grain,9.763347,21.47946167,7840.00350955,19.673431,35.524109,15.850678000000002
427,427,Melun,FRA,FRA,blank,False,89519.0,grain,10.972143,24.13882446,8810.670927899999,18.019562,20.64743,2.6278679999999994
428,428,Dijon,FRA,FRA,blank,False,77991.0,fruit,18.843792,33.730010990000004,12311.45401135,25.940399,46.883453,20.943054000000004
429,429,Auxerre,FRA,FRA,blank,False,53508.0,iron,8.62288,45.63012695,16654.99633675,1.210876,1.723022,0.512146
430,430,Moulins,FRA,FRA,blank,False,152159.0,coal,42.496412,112.6295166,41109.773559,30.049713,34.451324,4.401610999999999
431,431,Macon,FRA,FRA,blank,False,135624.0,coal,37.987996,100.68072509999999,36748.464661499995,27.073547,39.44577,12.372223000000002
432,432,Besançon,FRA,FRA,blank,False,82790.0,coal,24.354198,64.54666138,23559.531403700003,4.272491,6.705902,2.4334110000000004
433,433,Lons,FRA,FRA,blank,False,96373.0,grain,14.133126,31.09301758,11348.9514167,19.790863,32.675446,12.884583
434,434,Angers,FRA,FRA,blank,False,155117.0,coal,42.844097,113.55099487,41446.11312755,39.545227,65.665009,26.119782
435,435,Laval,FRA,FRA,blank,False,75985.0,coal,18.924196,50.15536499,18306.70822135,4.451141,5.628082,1.1769410000000002
436,436,Le Mans,FRA,FRA,blank,False,120982.0,grain,15.222959,33.49066162,12224.0914913,22.500732,33.873016,11.372284
437,437,La Roche,FRA,FRA,blank,False,83775.0,grain,12.072533,26.55969238,9694.287718700001,1.961731,2.904633,0.9429020000000001
438,438,Orléans,FRA,FRA,blank,False,86771.0,timber,48.050667,46.13104248,16837.8305052,25.605652,39.111481,13.505828999999999
439,439,Bourges,FRA,FRA,blank,False,72954.0,timber,46.325814,44.47509766,16233.410645900001,3.151306,4.71936,1.568054
440,440,Blois,FRA,FRA,blank,False,66535.0,grain,8.123382,17.871521,6523.105165000001,4.801666,5.211243,0.40957699999999964
441,441,Tours,FRA,FRA,blank,False,79065.0,grain,9.440528,20.76925659,7580.77865535,5.279358,8.726379,3.4470209999999994
442,442,La Rochelle,FRA,FRA,blank,False,129794.0,fish,27.918306,42.15692139,15387.276307350001,33.821777,49.250275,15.428498000000005
443,443,Poitiers,FRA,FRA,blank,False,77871.0,grain,11.220721,24.68569946,9010.280302899999,8.291443,10.167786,1.8763430000000003
444,444,Angoulême,FRA,FRA,blank,False,100615.0,cattle,14.296273,28.30633545,10331.81243925,13.650085,20.497681,6.847595999999999
445,445,Limoges,FRA,FRA,blank,False,84094.0,cattle,9.887533,19.57711792,7145.6480408,59.033447,86.066589,27.03314199999999
446,446,Châteauroux,FRA,FRA,blank,False,127106.0,grain,18.502918,40.706604,14857.91046,17.747559,22.424103,4.676544
447,447,Tulle,FRA,FRA,blank,False,216164.0,coal,62.528328,165.72070313,60488.05664245,23.549774,29.763886,6.214112
448,448,Clermont-Ferrand,FRA,FRA,blank,False,126859.0,coal,34.742401,92.0788269,33608.7718185,17.22641,25.957367,8.730957
449,449,Aurillac,FRA,FRA,blank,False,65251.0,coal,19.907822,52.76229858,19258.2389817,7.183563,10.969177,3.785614
450,450,Cahors,FRA,FRA,blank,False,49572.0,timber,43.630171,41.887146,15288.80829,12.959686,25.579346,12.619660000000001
451,451,Lyon,FRA,FRA,blank,False,226286.0,grain,18.341508,40.35150146,14728.2980329,308.602295,401.771759,93.16946399999995
452,452,St Étienne,FRA,FRA,blank,False,107723.0,sulphur,14.518223,102.80426025000001,37523.55499125001,58.937347,85.791748,26.854400999999996
453,453,Valence,FRA,FRA,blank,False,177827.0,coal,49.03411,129.95657348999998,47434.14932385,20.405548,25.797058,5.39151
454,454,Grenoble,FRA,FRA,blank,False,189766.0,tobacco,33.848163,39.26589966,14332.0533759,4.367432,6.607666,2.240234
455,455,Toulouse,FRA,FRA,blank,False,186391.0,grain,22.970449,50.53521729,18445.354310849998,44.014435,64.779846,20.765411000000007
456,456,Montauban,FRA,FRA,blank,False,147566.0,tobacco,34.645893,40.1913147,14669.8298655,4.33963,5.472687,1.133057
457,457,Foix,FRA,FRA,blank,False,100215.0,grain,12.223358,26.89151001,9815.40115365,1.709167,2.677155,0.9679879999999998
458,458,Bordeaux,FRA,FRA,blank,False,145587.0,fruit,32.607681,58.36709595,21303.99002175,107.592499,159.428467,51.83596800000001
459,459,Mont de Marsan,FRA,FRA,blank,False,149397.0,grain,22.560489,49.63330078,18116.1547847,21.854187,32.904755,11.050568000000002
460,460,Pau,FRA,FRA,blank,False,186460.0,grain,23.639669,52.007507319999995,18982.740171799996,28.562073,45.592621,17.030548
461,461,Montpellier,FRA,FRA,blank,False,199155.0,cattle,26.818918,53.100921629999995,19381.836394949998,49.415741,81.594605,32.178864000000004
462,462,Rodez,FRA,FRA,blank,False,133923.0,coal,36.833746,97.62158203,35631.87744095,28.70752,47.557373,18.849853
463,463,Carcassonne,FRA,FRA,blank,False,78292.0,grain,11.101745,24.4239502,8914.741823,20.392242,33.800751,13.408508999999999
464,464,Perpignan,FRA,FRA,blank,False,41468.0,grain,5.382985,11.84262085,4322.55661025,8.091309,10.672455,2.5811459999999986
465,465,Annecy,FRA,FRA,blank,False,77343.0,coal,16.972443,44.98257446,16418.639677900002,13.969727,23.0961,9.126373
466,466,Chambéry,FRA,FRA,blank,False,71999.0,grain,7.044202,15.49731445,5656.5197742499995,1.204468,1.884399,0.6799309999999998
467,467,Marseilles,FRA,FRA,blank,False,108882.0,coal,18.0026,47.71282959,17415.182800349998,83.198608,131.927826,48.72921800000002
468,468,Avignon,FRA,FRA,blank,False,61266.0,sulphur,9.247438,65.48156738,23900.7720937,17.558136,29.013855,11.455718999999998
469,469,Digne,FRA,FRA,blank,False,33384.0,silk,0.943347,11.898010249999999,4342.773741249999,2.632843,3.894806,1.2619630000000002
470,470,Toulon,FRA,FRA,blank,False,62514.0,silk,1.426034,17.985931400000002,6564.864961000001,17.549744,21.49411,3.9443659999999987
471,471,Frejus,FRA,FRA,blank,False,35553.0,silk,0.926349,11.683624270000001,4264.522858550001,0.327057,0.506836,0.17977899999999997
472,472,Nice,FRA,FRA,blank,False,57099.0,grain,6.969947,15.33395386,5596.893158899999,36.835052,66.544739,29.70968700000001
473,473,Corsica,FRA,FRA,blank,False,62832.0,fish,14.811053,22.364837650000002,8163.165742250001,10.024353,16.452087,6.427733999999999
474,474,La Coruña,SPA,SPA,blank,False,211332.0,fish,24.3196,36.722839359999995,13403.836366399999,5.927521,7.180054,1.2525330000000006
475,475,Oviedo,SPA,SPA,blank,False,25527.0,coal,3.802869,10.07885742,3678.7829583000002,45.185242,49.645996,4.460753999999994
476,476,Vigo,SPA,SPA,blank,False,100591.0,fish,12.066288,18.22021484,6650.3784166000005,8.271484,9.541321,1.2698370000000008
477,477,León,SPA,SPA,blank,False,85914.0,coal,14.572931,38.62307739,14097.42324735,10.886322,16.636566,5.750243999999999
478,478,Santander,SPA,SPA,blank,False,53536.0,fish,5.76643,8.70736694,3178.1889331,11.967499,13.797241,1.8297419999999995
479,479,Burgos,SPA,SPA,blank,False,63444.0,iron,4.467317,23.6399231,8628.5719315,8.900208,10.257263,1.3570550000000008
480,480,Valladolid,SPA,SPA,blank,False,52643.0,cattle,3.706613,7.339019779999999,2678.7422196999996,7.057465,9.287231,2.2297660000000006
481,481,Soria,SPA,SPA,blank,False,75132.0,grain,6.109786,13.44158936,4906.1801164,14.950836,24.629547,9.678710999999998
482,482,Salamanca,SPA,SPA,blank,False,57714.0,grain,5.135391,11.2979126,4123.738099,9.557617,15.709564,6.151947
483,483,Ávila,SPA,SPA,blank,False,59132.0,grain,5.152121,11.3347168,4137.1716320000005,2.251587,3.19519,0.9436030000000004
484,484,Badajoz,SPA,SPA,blank,False,56052.0,wool,10.287652,7.098480220000001,2590.9452803000004,7.03833,10.296234,3.257904
485,485,Almendralejo,SPA,SPA,blank,False,49238.0,wool,9.914144,6.84075928,2496.8771372,11.061981,18.794006,7.732025
486,486,Cáceres,SPA,SPA,blank,False,49873.0,iron,3.715477,19.66137695,7176.40258675,4.817657,5.864716,1.047059
487,487,Madrid,SPA,SPA,blank,False,98723.0,cattle,1.880395,3.72314453,1358.94775345,178.924683,290.456207,111.53152400000002
488,488,Sigüenza,SPA,SPA,blank,False,47093.0,grain,4.403556,9.68786621,3536.0711666499997,1.176453,1.954132,0.777679
489,489,Toledo,SPA,SPA,blank,False,67121.0,iron,4.670696,24.71615601,9021.39694365,12.101715,17.208405,5.106689999999999
490,490,Cuenca,SPA,SPA,blank,False,73523.0,grain,6.251969,13.754394529999999,5020.354003449999,7.672028,12.591766,4.919738
491,491,Ciudad Real,SPA,SPA,blank,False,69658.0,grain,6.452704,14.1960144,5181.545255999999,11.218292,17.261017,6.042724999999999
492,492,Bilbao,SPA,SPA,blank,False,96442.0,iron,5.85746,30.99621582,11313.6187743,15.880707,18.8125,2.9317930000000008
493,493,Pamplona,SPA,SPA,blank,False,69434.0,fruit,7.91241,14.163055420000001,5169.515228300001,3.611206,3.934937,0.323731
494,494,Logroño,SPA,SPA,blank,False,46379.0,iron,3.461861,18.31930542,6686.5464783,3.826355,10.721375,6.895020000000001
495,495,Zaragoza,SPA,SPA,blank,False,94353.0,grain,7.360168,16.19244385,5910.24200525,72.768677,123.569214,50.800537000000006
496,496,Huesca,SPA,SPA,blank,False,52183.0,wool,9.990703,6.89358521,2516.15860165,0.846497,1.288666,0.44216900000000003
497,497,Teruel,SPA,SPA,blank,False,63527.0,grain,5.231577,11.50952148,4200.9753402,9.630066,11.683533,2.0534670000000013
498,498,Barcelona,SPA,SPA,blank,False,122661.0,cattle,6.462702,12.79602051,4670.54748615,68.668488,100.637848,31.96936000000001
499,499,Gerona,SPA,SPA,blank,False,63230.0,fruit,7.202365,12.89208984,4705.6127916000005,5.750061,9.472473,3.722412000000001
500,500,Lérida,SPA,SPA,blank,False,40570.0,fruit,4.456997,7.97793579,2911.94656335,1.473877,1.6026,0.12872299999999992
501,501,Tarragona,SPA,SPA,blank,False,67165.0,grain,6.063774,13.34036255,4869.23233075,4.901764,7.677856,2.7760920000000002
502,502,Balearic Islands,SPA,SPA,blank,False,67494.0,cattle,4.858386,9.61950684,3511.1199966,32.120087,49.819061,17.698974
503,503,Valencia,SPA,SPA,blank,False,136244.0,fruit,15.923551,28.50283813,10403.53591745,46.692627,55.078339,8.385711999999998
504,504,Castellón,SPA,SPA,blank,False,63408.0,fruit,9.35601,16.747070309999998,6112.680663149999,9.716309,15.676178,5.959868999999999
505,505,Alicante,SPA,SPA,blank,False,117621.0,fruit,16.085057,28.79193115,10509.05486975,3.720245,4.508484,0.7882390000000004
506,506,Cartagena,SPA,SPA,blank,False,61868.0,iron,4.127547,21.84194946,7972.3115529,0.179219,0.388733,0.209514
507,507,Murcia,SPA,SPA,blank,False,28270.0,iron,2.033731,10.761993409999999,3928.1275946499995,2.944336,4.783997,1.8396610000000004
508,508,Albacete,SPA,SPA,blank,False,61622.0,fruit,9.111474,16.30935669,5952.91519185,8.076691,8.801392,0.7247009999999996
509,509,Seville,SPA,SPA,blank,False,108719.0,grain,8.192379,18.02331543,6578.51013195,102.103729,165.412415,63.30868600000001
510,510,Córdoba,SPA,SPA,blank,False,98206.0,grain,8.660752,19.05374146,6954.6156329000005,34.482574,53.370056,18.887482
511,511,Huelva,SPA,SPA,blank,False,44022.0,grain,4.002099,8.804656979999999,3213.6997976999996,8.8172,14.503632,5.686432
512,512,Cádiz,SPA,SPA,blank,False,110446.0,fish,8.986983,13.57043457,4953.20861805,66.714813,111.389893,44.675079999999994
513,513,Granada,SPA,SPA,blank,False,125104.0,iron,12.465134,65.96237183000001,24076.265717950002,22.828125,36.617279,13.789154000000003
514,514,Málaga,SPA,SPA,blank,False,121172.0,coal,20.515806,54.37365723,19846.38488895,44.230865,68.779205,24.548340000000003
515,515,Almería,SPA,SPA,blank,False,74231.0,iron,8.930556,47.258270259999996,17249.2686449,20.279144,31.32135,11.042206
516,516,Jaén,SPA,SPA,blank,False,81179.0,grain,7.268172,15.99005127,5836.36871355,24.596375,40.611633,16.015258
517,517,Gibraltar,ENG,ENG,Gibraltar,False,5323.0,fish,0.062389,0.09420775999999999,34.3858324,7.47467,12.304688,4.830018000000001
518,518,Oporto,POR,POR,blank,False,272871.0,fruit,30.241638,54.13192749,19758.15353385,61.000763,96.068787,35.068024
519,519,Vila Real,POR,POR,blank,False,120981.0,fruit,15.294013,27.375976559999998,9992.231444399999,20.031433,33.393219,13.361786000000002
520,520,Covilhã,POR,POR,blank,False,101664.0,wool,2.063829,1.42404175,519.77523875,3.521626,3.373657,-0.1479689999999998
521,521,Lisbon,POR,POR,blank,False,134672.0,grain,3.632213,7.9909057599999995,2916.6806023999998,156.547882,293.638489,137.090607
522,522,Coimbra,POR,POR,blank,False,165297.0,fruit,19.560622,35.013122560000006,12779.789734400003,23.381409,45.369629,21.988220000000002
523,523,Abrantes,POR,POR,blank,False,52473.0,grain,3.020186,6.6444396999999995,2425.2204905,7.665222,14.713989,7.048767
524,524,Setubal,POR,POR,blank,False,44184.0,grain,2.67115,5.8765564,2144.943086,11.523865,22.241852,10.717987
525,525,Évora,POR,POR,blank,False,61223.0,grain,3.024015,6.65286255,2428.29483075,9.561951,15.854767,6.292816
526,526,Beja,POR,POR,blank,False,40989.0,iron,2.877012,15.22442627,5556.91558855,1.24408,1.196381,-0.04769900000000016
527,527,Faro,POR,POR,blank,False,49188.0,fruit,5.294416,9.47689819,3459.06783935,5.774963,11.132843,5.35788
528,528,Hamburg,HAM,HAM,blank,False,29013.0,fruit,1.357434,2.42977905,886.86935325,54.136394,66.686462,12.550068000000003
529,529,Lauenburg,HOL,HOL,blank,False,20793.0,grain,2.228744,4.90325928,1789.6896372,0.0,0.0,0.0
530,530,Lübeck,LUB,LUB,blank,False,5955.0,fish,0.440259,0.6647949200000001,242.65014580000002,9.637451,11.846558,2.2091069999999995
531,531,Stade,HAN,HAN,blank,False,74827.0,cattle,5.846441,11.57583618,4225.1802056999995,2.607269,4.166199,1.5589299999999997
532,532,Lüneburg,HAN,HAN,blank,False,77720.0,cattle,5.804055,11.491912840000001,4194.5481866,8.358612,12.220459,3.861846999999999
533,533,Heligoland,ENG,ENG,blank,False,993.0,fish,0.035792,0.05404663,19.72701995,0.0,0.0,0.0
534,534,Hanover,HAN,HAN,blank,False,131834.0,fruit,20.623004,36.9147644,13473.889006000001,28.429504,47.039276,18.609772
535,535,Nienburg,HAN,HAN,blank,False,78703.0,grain,7.780796,17.117828369999998,6248.007355049999,18.594086,20.365814,1.7717279999999995
536,536,Brunswick,BRA,BRA,blank,False,50919.0,fruit,6.916554,12.38049316,4518.8800034000005,24.115143,29.407684,5.292541
537,537,Göttingen,HAN,HAN,blank,False,51491.0,grain,5.599936,12.31991577,4496.76925605,2.018951,3.050659,1.031708
538,538,Osnabrück,HAN,HAN,blank,False,76719.0,grain,7.782752,17.12213135,6249.57794275,10.322845,15.065063,4.742218000000001
539,539,Bremen,BRE,BRE,blank,False,10164.0,fish,1.037874,1.5671997100000001,572.0278941500001,2.200277,2.682068,0.4817910000000003
540,540,Oldenburg,OLD,OLD,blank,False,54605.0,fish,11.421179,17.24609375,6294.82421875,8.266235,10.041656,1.7754209999999997
541,541,Cloppenburg,OLD,OLD,blank,False,22865.0,coal,4.549305,12.05715942,4400.8631883,11.109039,18.378937,7.269898000000001
542,542,Lingen,HAN,HAN,blank,False,27901.0,cattle,2.453284,4.857452390000001,1772.9701223500003,3.207947,5.244232,2.0362850000000003
543,543,Emden,HAN,HAN,blank,False,22635.0,fish,3.51643,5.30984497,1938.09341405,2.573486,3.920837,1.3473510000000002
544,544,Schwerin,MEC,MEC,blank,False,43315.0,grain,5.411644,11.905670169999999,4345.56961205,7.08429,11.717194,4.632903999999999
545,545,Neustrelitz,MEC,MEC,blank,False,8436.0,grain,1.183744,2.6042480500000003,950.55053825,0.0,0.0,0.0
546,546,Stettin,PRU,PRU,blank,False,169036.0,fish,30.764122,46.45413208,16955.7582092,40.285614,58.7117,18.426085999999998
547,547,Swinemünde,PRU,PRU,blank,False,34755.0,fruit,6.991417,12.51449585,4567.79098525,1.430634,2.248352,0.8177180000000002
548,548,Stralsund,PRU,PRU,blank,False,58710.0,fish,9.420896,14.22564697,5192.36114405,20.12085,31.953339,11.832488999999999
549,549,Berlin,PRU,PRU,blank,False,312478.0,fruit,33.637942,60.211242680000005,21977.103578200004,227.96109,359.989563,132.02847299999996
550,550,Prenzlau,PRU,PRU,blank,False,113161.0,cattle,9.781584,19.367340090000003,7069.079132850001,20.650055,32.814972,12.164916999999999
551,551,Pritzwalk,PRU,PRU,blank,False,94497.0,cattle,8.121904,16.08120728,5869.6406572000005,19.153229,27.850098,8.696869
552,552,Cottbus,PRU,PRU,blank,False,120871.0,fruit,21.104999,37.777526859999995,13788.797303899999,11.677032,18.355804,6.678771999999999
553,553,Magdeburg,PRU,PRU,blank,False,240743.0,cattle,20.997863,41.575347900000004,15175.001983500002,72.702026,126.437836,53.73581
554,554,Erfurt,PRU,PRU,blank,False,86450.0,iron,9.891104,52.341247560000006,19104.5553594,22.056763,36.772919,14.716156000000002
555,555,Dessau,ANH,ANH,blank,False,30059.0,fruit,5.871085,10.50912476,3835.8305374,0.0,0.0,0.0
556,556,Halle,PRU,PRU,blank,False,178295.0,fruit,34.341405,61.47042847,22436.70639155,33.824127,56.481262,22.657135000000004
557,557,Stendal,PRU,PRU,blank,False,55425.0,grain,7.003947,15.40875244,5624.194640600001,7.989441,11.628845,3.639404
558,558,Dresden,SAX,SAX,blank,False,143327.0,coal,34.576475,91.6390686,33448.260039,33.367462,37.944183,4.576720999999999
559,559,Leipzig,SAX,SAX,blank,False,72253.0,coal,17.548255,46.508666989999995,16975.66345135,3.312073,5.008728,1.6966549999999998
560,560,Chemnitz,SAX,SAX,blank,False,50360.0,iron,7.567333,40.04443359,14616.218260349999,3.99762,4.599915,0.6022950000000002
561,561,Weimar,WEI,WEI,blank,False,67847.0,grain,6.197329,13.63418579,4976.47781335,11.233368,17.667511,6.434143000000001
562,562,Gotha,COB,COB,blank,False,86062.0,iron,11.395624,60.30279541,22010.520324650002,18.065979,28.58075,10.514771
563,563,Meiningen,MEI,MEI,blank,False,60744.0,iron,9.343284,49.44232178,18046.4474497,2.34845,3.550751,1.2023009999999998
564,564,Frankfurt,FRM,FRM,blank,False,7715.0,fruit,0.359037,0.64266968,234.57443320000002,19.206329,23.627625,4.421295999999998
565,565,Wiesbaden,NAS,NAS,blank,False,77253.0,fruit,14.190508,25.40072632,9271.2651068,13.840027,21.923431,8.083404000000002
566,566,Kassel,HEK,HEK,blank,False,86364.0,grain,9.675679,21.28659058,7769.605561699999,8.954071,14.812775,5.8587039999999995
567,567,Giessen,HES,HES,blank,False,62599.0,cattle,6.399524,12.67092896,4624.8890704,7.651215,12.0867,4.435485000000001
568,568,Fulda,HEK,HEK,blank,False,38226.0,grain,4.098534,9.016815189999999,3291.1375443499996,3.890717,4.703552,0.8128350000000002
569,569,Mannheim,BAD,BAD,blank,False,40386.0,grain,5.556421,12.224182129999999,4461.826477449999,0.458426,0.419037,-0.03938900000000001
570,570,Mainz,HES,HES,blank,False,65053.0,sulphur,10.334172,73.17678833,26709.527740449998,23.27182,36.817963,13.546142999999997
571,571,Kaiserslautern,BAV,BAV,blank,False,60147.0,fruit,12.053691,21.5758667,7875.191345499999,7.594238,12.499146,4.904908
572,572,Trier,PRU,PRU,blank,False,56290.0,fruit,10.627601,19.02319336,6943.4655764,2.267212,3.348969,1.081757
573,573,Saarbrücken,PRU,PRU,blank,False,123279.0,coal,32.776968,86.86978149,31707.47024385,18.926575,31.581543,12.654968
574,574,Kreuznach,PRU,PRU,blank,False,54755.0,grain,7.641386,16.81112671,6136.06124915,4.906433,7.434235,2.5278020000000003
575,575,Cologne,PRU,PRU,blank,False,201253.0,coal,42.102831,111.58639526,40729.0342699,45.289307,65.149811,19.860504
576,576,Aachen,PRU,PRU,blank,False,148853.0,coal,38.112711,101.01126099,36869.11026135,29.882782,47.495178,17.612396000000004
577,577,Cleves,PRU,PRU,blank,False,136585.0,coal,33.27896,88.20022583,32193.082427949998,5.31601,7.924133,2.608123
578,578,Düsseldorf,PRU,PRU,blank,False,142143.0,coal,33.919323,89.89739990000001,32812.550963500005,18.449738,29.002899,10.553161
579,579,Koblenz,PRU,PRU,blank,False,77122.0,timber,44.937686,43.14242554,15746.9853221,1.216125,1.903381,0.6872560000000001
580,580,Dortmund,PRU,PRU,blank,False,142771.0,coal,38.298799,101.50445557,37049.12628305,18.162445,28.919342,10.756896999999999
581,581,Münster,PRU,PRU,blank,False,186394.0,coal,46.564383,123.41098022,45045.0077803,32.922394,54.965393,22.042999000000002
582,582,Minden,PRU,PRU,blank,False,82818.0,cattle,7.824925,15.493194579999999,5655.016021699999,1.432556,2.248352,0.8157960000000002
583,583,Siegen,PRU,PRU,blank,False,41006.0,cattle,4.021733,7.96295166,2906.4773559,5.40332,8.440948,3.0376280000000007
584,584,Korbach,PRU,PRU,blank,False,41288.0,timber,26.610514,25.547424319999998,9324.8098768,0.567291,0.77533,0.20803899999999997
585,585,Detmold,LIP,LIP,blank,False,7940.0,coal,1.824091,4.83444214,1764.5713811,0.0,0.0,0.0
586,586,Karlsruhe,BAD,BAD,blank,False,92506.0,fruit,20.552335,36.788269039999996,13427.718199599998,11.965607,17.46225,5.496643000000001
587,587,Freiburg,BAD,BAD,blank,False,31885.0,fruit,7.173211,12.83990479,4686.56524835,0.403107,0.546265,0.143158
588,588,Konstanz,BAD,BAD,blank,False,25838.0,timber,21.475214,20.61727905,7525.30685325,2.288452,2.810211,0.5217589999999999
589,589,Stuttgart,WUR,WUR,blank,False,132643.0,fruit,26.091406,46.70309448,17046.6294852,38.214813,75.198639,36.983826
590,590,Heilbronn,WUR,WUR,blank,False,60802.0,fruit,13.275994,23.763763429999997,8673.77365195,10.746521,11.723755,0.977234000000001
591,591,Tübingen,WUR,WUR,blank,False,39005.0,grain,4.890392,10.75891113,3927.00256245,0.558899,0.810028,0.25112899999999994
592,592,Augsburg,BAV,BAV,blank,False,51681.0,cattle,5.396749,10.685455319999999,3900.1911917999996,23.966858,47.306061,23.339203
593,593,Ulm,WUR,WUR,blank,False,58941.0,grain,7.13359,15.693969730000001,5728.2989514500005,0.710297,0.853302,0.14300500000000005
594,594,Sigmaringen,PRU,PRU,blank,False,13845.0,grain,2.124791,4.67456055,1706.21460075,0.0,0.0,0.0
595,595,Nuremberg,BAV,BAV,blank,False,199220.0,grain,24.663903,54.26083374,19805.2043151,34.45694,54.436157,19.979217
596,596,Aschaffenburg,BAV,BAV,blank,False,28013.0,grain,3.740314,8.22872925,3003.4861762500004,0.650208,0.87561,0.225402
597,597,Würzburg,BAV,BAV,blank,False,65741.0,fruit,14.733898,26.37338257,9626.28463805,21.613434,34.146759,12.533325000000001
598,598,Bayreuth,BAV,BAV,blank,False,115199.0,timber,96.684824,92.82226562999999,33880.12695495,23.197968,40.05127,16.853302000000003
599,599,Munich,BAV,BAV,blank,False,229121.0,cattle,20.84105,41.26486206,15061.674651899999,69.540863,92.79007,23.249207
600,600,Landshut,BAV,BAV,blank,False,36020.0,cattle,3.98149,7.883270260000001,2877.3936449000003,5.409302,6.331085,0.9217829999999996
601,601,Ingolstadt,BAV,BAV,blank,False,15054.0,grain,1.520046,3.34411621,1220.6024166500001,2.237061,3.540833,1.303772
602,602,Regensburg,BAV,BAV,blank,False,46434.0,grain,5.378463,11.83267212,4318.9253238,8.915161,14.617798,5.702637000000001
603,603,Zurich,SWI,SWI,blank,False,102844.0,cattle,6.971749,13.803924559999999,5038.4324644,4.744965,7.848938,3.1039730000000008
604,604,Basel,SWI,SWI,blank,False,35223.0,fruit,6.490036,11.617034910000001,4240.21774215,7.586853,13.104706,5.517853000000001
605,605,Bern,SWI,SWI,blank,False,63943.0,iron,8.191485,43.34729004,15821.760864599999,12.451813,23.703613,11.251800000000001
606,606,Lucerne,SWI,SWI,blank,False,26139.0,timber,13.296833,12.765625,4659.453125,2.778961,3.414185,0.635224
607,607,Geneva,SWI,SWI,blank,False,81977.0,grain,7.811632,17.18566895,6272.76916675,5.624146,8.188446,2.564300000000001
608,608,Neuchâtel,SWI,SWI,blank,False,15612.0,coal,3.268728,8.66320801,3162.07092365,12.751587,24.277863,11.526276
609,609,Sitten,SWI,SWI,blank,False,15986.0,coal,3.975531,10.53646851,3845.81100615,0.0,0.0,0.0
610,610,Ponape,NET,NET,blank,True,637.0,fish,0.074394,0.11233521,41.00235165,0.0,0.0,0.0
611,611,Chur,SWI,SWI,blank,False,15633.0,cattle,1.075925,2.13031006,777.5631718999999,0.0,0.0,0.0
612,612,Innsbruck,AUS,AUS,blank,False,66064.0,timber,33.935083,32.57937622,11891.4723203,8.541077,13.425446,4.884369000000001
613,613,Salzburg,AUS,AUS,blank,False,42604.0,grain,4.566158,10.04559326,3666.6415399,2.013245,3.045074,1.031829
614,614,Bregenz,AUS,AUS,blank,False,33750.0,timber,18.880878,18.12658691,6616.2042221500005,1.121063,1.558777,0.43771400000000016
615,615,Lienz,AUS,AUS,blank,False,17530.0,timber,9.959243,9.56137085,3489.9003602499997,0.0,0.0,0.0
616,616,Graz,AUS,AUS,blank,False,117987.0,iron,11.582101,61.289581299999995,22370.697174499997,41.379486,50.848633,9.469147
617,617,Judenburg,AUS,AUS,blank,False,50920.0,iron,5.560944,29.42712402,10740.9002673,2.864227,4.002228,1.1380009999999996
618,618,Klagenfurt,AUS,AUS,blank,False,53652.0,coal,14.328683,37.97573853,13861.14456345,4.445557,6.662384,2.2168270000000003
619,619,Vienna,AUS,AUS,blank,False,337819.0,grain,36.720789,80.78610229,29486.92733585,226.716034,336.91391,110.19787599999998
620,620,Sankt Pölten,AUS,AUS,blank,False,30524.0,coal,8.004616,21.21487427,7743.42910855,1.911041,3.02005,1.109009
621,621,Krems,AUS,AUS,blank,False,74189.0,grain,10.653666,23.43817139,8554.932557350001,15.204468,24.17157,8.967101999999999
622,622,Linz,AUS,AUS,blank,False,173210.0,sulphur,25.89763,183.38241577,66934.58175605,12.354828,15.177429,2.8226010000000006
623,623,Sopron,AUS,AUS,blank,False,54302.0,fruit,7.859404,14.06817627,5134.88433855,6.843994,10.095673,3.2516789999999993
624,624,Eisenstadt,AUS,AUS,blank,False,60742.0,grain,9.367245,20.60803223,7521.93176395,5.96167,7.174469,1.2127990000000004
625,625,Prague,AUS,AUS,blank,False,421182.0,iron,72.187148,381.99633789,139428.66332985,47.412079,69.601562,22.189483000000003
626,626,Hradec Králové,AUS,AUS,blank,False,122363.0,coal,34.206452,90.65838623,33090.31097395,30.187439,53.502258,23.314818999999996
627,627,Karlsbad,AUS,AUS,blank,False,133220.0,iron,14.272423,75.52609253,27567.02377345,25.838928,39.401764,13.562836
628,628,Aussig,AUS,AUS,blank,False,62731.0,coal,16.559217,43.88739014,16018.897401100001,2.581329,3.90564,1.3243109999999998
629,629,Plzen,AUS,AUS,blank,False,157628.0,coal,42.017335,111.35980224999999,40646.32782124999,21.851471,35.521881,13.67041
630,630,Budejovice,AUS,AUS,blank,False,116244.0,coal,30.500444,80.83624268,29505.2285782,15.503418,21.063843,5.560424999999999
631,631,Brno,AUS,AUS,blank,False,329536.0,coal,84.175171,223.09197998,81428.57269269999,90.249756,141.807373,51.55761700000001
632,632,Olomouc,AUS,AUS,blank,False,132775.0,coal,35.143951,93.14306641,33997.21923965,21.822815,24.745239,2.922424000000003
633,633,Bratislava,AUS,AUS,blank,False,208726.0,cattle,21.353689,42.279876709999996,15432.154999149998,33.109878,51.124542,18.014663999999996
634,634,Trencín,AUS,AUS,blank,False,56863.0,grain,8.922717,19.63006592,7164.9740608,2.326721,2.95752,0.6307990000000001
635,635,Nitra,AUS,AUS,blank,False,87495.0,grain,15.208976,33.459899899999996,12212.863463499998,13.377136,21.207245,7.830109
636,636,Banská Bystrica,AUS,AUS,blank,False,43074.0,grain,6.106664,13.4347229,4903.6738585,16.183563,17.688599,1.5050360000000005
637,637,Koice,AUS,AUS,blank,False,172943.0,coal,40.929363,108.47631836000001,39593.856201400005,10.691101,13.495331,2.8042300000000004
638,638,Ronava,AUS,AUS,blank,False,37697.0,coal,9.25438,24.527160639999998,8952.4136336,1.852814,2.866333,1.013519
639,639,Zalaegerszeg,AUS,AUS,blank,False,270254.0,cattle,31.115251,61.60757446,22486.764677900002,15.147888,27.431366,12.283478
640,640,Pécs,AUS,AUS,blank,False,68985.0,cattle,7.815507,15.47454834,5648.2101441,4.118347,6.68219,2.5638430000000003
641,641,Budapest,AUS,AUS,blank,False,221210.0,cattle,18.36998,36.37219238,13275.850218700001,74.594788,114.005219,39.410431
642,642,Gyor,AUS,AUS,blank,False,118858.0,cattle,13.601267,26.930236819999998,9829.5364393,3.344177,4.914948,1.5707709999999997
643,643,Székesfehérvár,AUS,AUS,blank,False,116906.0,grain,17.85377,39.278472900000004,14336.642608500002,16.466064,24.080475,7.6144110000000005
644,644,Kaposvár,AUS,AUS,blank,False,123434.0,cattle,14.064846,27.84811401,10164.56161365,5.641327,8.5336,2.8922729999999994
645,645,Kecskemét,AUS,AUS,blank,False,33811.0,grain,3.445308,7.57971191,2766.59484715,40.24058,64.18927,23.948689999999992
646,646,Miskolc,AUS,AUS,blank,False,103251.0,fruit,24.945466,44.651885990000004,16297.93838635,8.246857,11.552063,3.305206
647,647,Oradea,ROM,ROM,blank,False,217890.0,wool,44.140758,30.4571228,11116.849822,18.969147,26.715363,7.746216
648,648,Debrecen,AUS,AUS,blank,False,44822.0,fruit,9.775571,17.49807739,6386.79824735,28.04892,46.343628,18.294708000000004
649,649,Szeged,AUS,AUS,blank,False,200989.0,fruit,51.34807,91.91201781999999,33547.8865043,17.505096,21.067108,3.5620119999999993
650,650,Békéscsaba,AUS,AUS,blank,False,105840.0,fruit,26.517344,47.46551514,17324.9130261,5.731903,8.704346,2.9724429999999993
651,651,Szatmár,ROM,ROM,blank,False,133195.0,fruit,24.704051,44.21975708,16140.211334200001,27.506744,37.646729,10.139985
652,652,Temesvar,ROM,ROM,blank,False,272668.0,grain,26.885434,59.148223879999996,21589.1017162,32.421722,51.687988,19.266265999999995
653,653,Resicabánya,ROM,ROM,blank,False,121060.0,grain,11.741072,25.830474849999998,9428.123320249999,3.497528,5.077209,1.579681
654,654,Cluj,ROM,ROM,blank,False,67946.0,grain,4.695344,10.32980347,3770.37826655,8.683716,13.295593,4.611877
655,655,Gyulafehervar,ROM,ROM,blank,False,99058.0,grain,9.802063,21.56463623,7871.0922239500005,20.390778,24.784607,4.393829
656,656,Deva,ROM,ROM,blank,False,77680.0,grain,7.630164,16.78643799,6127.04986635,16.911621,20.659668,3.7480469999999997
657,657,Nagyszeben,ROM,ROM,blank,False,97390.0,cattle,7.813026,15.46963501,5646.41677865,8.063995,12.07489,4.010895
658,658,Hawaii,CSA,CSA,blank,False,30589.0,fish,0.0,0.0,0.0,4.312805,7.00766,2.6948549999999996
659,659,Brasso,ROM,ROM,blank,False,38133.0,wool,8.419048,5.80914307,2120.33722055,12.135712,15.942078,3.8063660000000006
660,660,Udvarhely,ROM,ROM,blank,False,46983.0,wool,8.564604,5.9095764200000005,2156.9953933,5.420746,7.906586,2.4858399999999996
661,661,Beszterce,ROM,ROM,blank,False,93195.0,grain,6.986815,15.371063229999999,5610.438078949999,9.455841,12.286133,2.830292
662,662,Cernauti,ROM,ROM,blank,False,48399.0,fruit,6.806519,12.18353271,4446.98943915,0.529907,0.775726,0.245819
663,663,Suceava,ROM,ROM,blank,False,45247.0,cattle,3.794976,7.51397705,2742.60162325,3.487396,5.639252,2.151856
664,664,Bucharest,WAL,WAL,blank,False,22918.0,grain,1.663963,3.66073608,1336.1686692,16.210693,17.713013,1.502320000000001
665,665,Tirgu Jiu,WAL,WAL,blank,False,28489.0,grain,2.274007,5.00283813,1826.03591745,1.471832,2.101959,0.6301269999999999
666,666,Craiova,WAL,WAL,blank,False,22961.0,coal,5.90954,15.66223145,5716.71447925,0.353516,0.500366,0.14684999999999998
667,667,Tirgoviste,WAL,WAL,blank,False,23657.0,wool,9.39278,6.48101807,2365.57159555,0.933044,1.366119,0.4330750000000001
668,668,Braila,WAL,WAL,blank,False,26610.0,coal,6.875468,18.222259519999998,6651.124724799999,2.662842,5.060822,2.39798
669,669,Calarasi,WAL,WAL,blank,False,14810.0,coal,3.864818,10.24304199,3738.71032635,0.221832,0.304657,0.08282500000000001
670,670,Iasi,MOL,MOL,blank,False,67431.0,fruit,10.606102,18.98471069,6929.41940185,4.274567,6.189972,1.9154049999999998
671,671,Botosani,MOL,MOL,blank,False,25368.0,fruit,4.331925,7.75405884,2830.2314766,1.30304,1.723907,0.4208670000000001
672,672,Bacau,MOL,MOL,blank,False,60052.0,grain,6.260639,13.773468020000001,5027.315827300001,7.53775,11.367096,3.829346
673,673,Galati,MOL,MOL,blank,False,45225.0,grain,3.99938,8.79867554,3211.5165721,8.279785,11.991486,3.7117009999999997
674,674,Constanta,TUR,TUR,blank,False,43319.0,grain,7.430234,16.34658813,5966.50466745,4.468536,6.603668,2.1351319999999996
675,675,Tulcea,TUR,TUR,blank,False,13639.0,coal,5.50951,14.60202026,5329.7373949,0.060303,0.075287,0.014984000000000004
676,676,Chisinau,RUS,RUS,blank,False,132305.0,fruit,18.114857,32.42523193,11835.20965445,63.266571,73.336212,10.069641000000004
677,677,Balti,RUS,RUS,blank,False,123714.0,fruit,19.652415,35.1774292,12839.761658,35.678345,55.072998,19.394652999999998
678,678,Izmail,RUS,RUS,blank,False,123993.0,fish,19.249552,29.0670166,10609.461059,15.27652,19.157623,3.8811030000000013
679,679,Kolberg,PRU,PRU,blank,False,58823.0,grain,7.003947,15.40875244,5624.194640600001,7.91806,12.527802,4.609742
680,680,Köslin,PRU,PRU,blank,False,58185.0,grain,6.972458,15.33947754,5598.9093021,4.07254,5.10257,1.03003
681,681,Küstrin,PRU,PRU,blank,False,83919.0,grain,10.32491,22.714904790000002,8290.940248350002,5.040039,7.605347,2.565308
682,682,Breslau,PRU,PRU,blank,False,380066.0,grain,43.6527,96.03637695,35053.27758675,22.499298,35.132965,12.633666999999999
683,683,Liegnitz,PRU,PRU,blank,False,191492.0,fruit,34.98148,62.616149899999996,22854.894713499998,4.582306,6.869476,2.2871699999999997
684,684,Oppeln,PRU,PRU,blank,False,195274.0,coal,50.92669,134.97253418,49264.974975699995,4.758514,7.434753,2.676239
685,685,Kattowitz,PRU,PRU,blank,False,185552.0,coal,50.312096,133.34365845,48670.435334249996,34.320587,39.450165,5.129577999999995
686,686,Line Islands,none,none,blank,False,150.0,fish,0.0,0.0,0.0,0.0,0.0,0.0
687,687,Görlitz,PRU,PRU,blank,False,89241.0,coal,21.07954,55.86773682,20391.723939299998,1.013275,1.582184,0.5689090000000001
688,688,Troppau,AUS,AUS,blank,False,32205.0,coal,8.4141,22.300140380000002,8139.551238700001,5.035919,8.191101,3.155182
689,689,Tesin,AUS,AUS,blank,False,35636.0,coal,9.297675,24.64190674,8994.2959601,1.069305,1.299591,0.230286
690,690,Danzig,PRU,PRU,blank,False,28932.0,fish,0.800828,1.20925903,441.37954594999997,66.57077,86.662323,20.091553000000005
691,691,Tuchel,PRU,PRU,blank,False,81321.0,cattle,6.150156,12.17718506,4444.672546899999,0.0,0.0,0.0
692,692,Deutsch Krone,PRU,PRU,blank,False,45001.0,grain,6.216985,13.6774292,4992.261658,5.494904,6.996826,1.5019220000000004
693,693,Elbing,PRU,PRU,blank,False,39893.0,cattle,3.936653,7.79449463,2844.99053995,1.70755,2.540375,0.8328250000000001
694,694,Torun,PRU,PRU,blank,False,51769.0,grain,7.602033,16.724548340000002,6104.4601441,1.552826,2.569763,1.016937
695,695,Königsberg,PRU,PRU,blank,False,190167.0,precious_metal,95.640747,765.12597656,279270.98144440004,68.876251,109.644745,40.768494000000004
696,696,Allenstein,PRU,PRU,blank,False,112421.0,cattle,10.87753,21.53729248,7861.1117552000005,13.408264,21.825928,8.417664
697,697,Gumbinnen,PRU,PRU,blank,False,70380.0,grain,10.151779,22.33401489,8151.91543485,12.997314,20.527802,7.530488000000002
698,698,Memel,PRU,PRU,blank,False,65082.0,fish,9.490197,14.33029175,5230.55648875,17.168304,27.179047,10.010743000000002
699,699,Posen,PRU,PRU,blank,False,179023.0,grain,25.347993,55.765838620000004,20354.5310963,14.335419,22.268524,7.933104999999999
700,700,Bromberg,PRU,PRU,blank,False,79138.0,grain,10.907266,23.99609375,8758.57421875,9.167908,14.471313,5.303405
701,701,Gniezno,PRU,PRU,blank,False,160366.0,grain,22.806112,50.17367554,18313.391572099998,15.779816,24.743347,8.963531
702,702,Lvov,AUS,AUS,blank,False,239018.0,coal,56.228177,149.02322388000002,54393.476716200006,27.61673,42.816345,15.199614999999998
703,703,Krakow,KRA,KRA,blank,False,33857.0,coal,8.137702,21.567596440000003,7872.172700600001,2.416992,2.599182,0.18218999999999985
704,704,Novy Sacz,AUS,AUS,blank,False,187676.0,grain,23.852833,52.47647095,19153.91189675,10.080414,15.403717,5.323303000000001
705,705,Przemysl,AUS,AUS,blank,False,182230.0,coal,49.278888,130.60531616,47670.9403984,29.390198,42.454926,13.064727999999999
706,706,Warsaw,RUS,RUS,Mazowieckie,False,337918.0,cattle,20.981663,41.543273930000005,15163.294984450002,193.068665,282.170654,89.101989
707,707,Suwalki,RUS,RUS,Mazowieckie,False,85766.0,grain,6.57913,14.474151610000002,5283.06533765,21.083557,28.963623,7.880065999999999
708,708,Plock,RUS,RUS,Mazowieckie,False,150039.0,fruit,23.954418,42.877929689999995,15650.444336849998,54.358673,68.070679,13.712005999999995
709,709,Lomza,RUS,RUS,Mazowieckie,False,76686.0,grain,7.014683,15.43237305,5632.8161632500005,40.684204,49.843994,9.159790000000001
710,710,Skierniewice,RUS,RUS,blank,False,141540.0,fruit,19.988163,35.778411870000006,13059.120332550003,36.391785,54.321747,17.929962000000003
711,711,Siedlice,RUS,RUS,Mazowieckie,False,178059.0,cattle,12.994593,25.72903442,9391.0975633,56.23172,86.932159,30.700438999999996
712,712,Lodz,RUS,RUS,blank,False,67970.0,cattle,4.929271,9.759857180000001,3562.3478707000004,4.700287,5.567535,0.867248
713,713,Radom,RUS,RUS,blank,False,128741.0,coal,15.77035,41.79663086,15255.7702639,30.461243,44.643616,14.182373000000002
714,714,Tarnow,AUS,AUS,blank,False,178313.0,grain,26.693743,58.72650146,21435.173032900002,63.014008,108.467285,45.45327700000001
715,715,Lublin,RUS,RUS,Mazowieckie,False,179839.0,grain,14.825927,32.6171875,11905.2734375,60.755219,94.289764,33.53454500000001
716,716,Kielce,RUS,RUS,blank,False,100073.0,wool,16.903687,11.6635437,4257.1934505,27.455597,38.919098,11.463500999999997
717,717,Kalisz,RUS,RUS,blank,False,72642.0,grain,5.97451,13.14398193,4797.55340445,14.998108,19.341949,4.343840999999999
718,718,Minsk,RUS,RUS,Minsk,False,193521.0,timber,86.181444,82.73849487,30199.550627549997,27.042847,39.353821,12.310974000000005
719,719,Bialystock,RUS,RUS,Brest,False,119128.0,grain,11.198236,24.636230469999997,8992.22412155,14.141418,21.05069,6.909272
720,720,Turin,ITA,ITA,blank,False,263153.0,fruit,55.283568,98.95648193,36119.11590445,64.663269,98.972504,34.309235
721,721,Aosta,ITA,ITA,blank,False,27855.0,wool,12.015744,8.29086304,3026.1650096,0.252228,0.268982,0.01675399999999999
722,722,Novara,ITA,ITA,blank,False,47396.0,cattle,6.63015,13.127563480000001,4791.5606702000005,11.377136,16.822632,5.445495999999999
723,723,Alessandria,ITA,ITA,blank,False,86384.0,fruit,19.046796,34.09338379,12444.085083349999,48.121033,74.859406,26.73837300000001
724,724,Genoa,ITA,ITA,blank,False,158218.0,fruit,33.395657,59.777557370000004,21818.80844005,77.140533,116.281464,39.140930999999995
725,725,Savona,ITA,ITA,blank,False,85493.0,fish,17.152645,25.900665280000002,9453.742827200002,9.606628,10.864319,1.2576909999999994
726,726,Milan,AUS,AUS,blank,False,349046.0,iron,32.952427,174.37600708000002,63647.24258420001,98.06131,157.344696,59.28338599999999
727,727,Bergamo,AUS,AUS,blank,False,130240.0,cattle,12.825419,25.39407349,9268.83682385,49.224823,54.018799,4.793976000000001
728,728,Brescia,AUS,AUS,blank,False,174559.0,silk,3.53084,44.53289795,16254.50775175,5.763275,6.924194,1.1609189999999998
729,729,Venice,AUS,AUS,blank,False,112504.0,fish,13.940802,21.05075073,7683.52401645,143.260071,224.837677,81.577606
730,730,Verona,AUS,AUS,blank,False,96123.0,silk,1.642431,20.715240480000002,7561.062775200001,12.373047,15.20047,2.8274229999999996
731,731,Padua,AUS,AUS,blank,False,113731.0,fruit,28.388638,50.81509399,18547.50930635,8.999847,13.741608,4.741760999999999
732,732,Treviso,AUS,AUS,blank,False,53841.0,iron,5.518504,29.20254517,10658.92898705,12.092712,19.185028,7.0923159999999985
733,733,Udine,AUS,AUS,blank,False,73554.0,fish,15.654484,23.63842773,8628.02612145,14.939117,23.89328,8.954163000000001
734,734,Trent,AUS,AUS,blank,False,71205.0,grain,10.32509,22.71530151,8291.08505115,13.163208,21.672821,8.509613
735,735,Bozen,AUS,AUS,blank,False,25061.0,grain,3.205191,7.051452640000001,2573.7802136000005,4.86145,5.253632,0.39218200000000003
736,736,Trieste,AUS,AUS,blank,False,40702.0,grain,1.962757,4.31808472,1576.1009228,71.968597,115.181244,43.212647000000004
737,737,Gorizia,AUS,AUS,blank,False,54247.0,grain,7.324255,16.11343384,5881.4033516,6.760681,12.501007,5.740326
738,738,Parma,ITA,ITA,blank,False,112332.0,iron,11.660694,61.70547485,22522.49832025,28.70639,43.587036,14.880645999999999
739,739,Modena,ITA,ITA,blank,False,110985.0,iron,10.917262,57.77142334,21086.569519099998,2.880554,4.229248,1.348694
740,740,Massa,ITA,ITA,blank,False,55362.0,timber,45.399018,43.58532715,15908.644409749999,6.046631,8.918152,2.8715209999999995
741,741,Bologna,ITA,ITA,blank,False,155983.0,timber,102.413947,98.32250977000001,35887.71606605,64.28537,96.128326,31.842956
742,742,Ferrara,ITA,ITA,blank,False,62143.0,grain,9.549503,21.009002690000003,7668.285981850001,36.960999,55.233826,18.272827
743,743,Ravenna,ITA,ITA,blank,False,82408.0,wool,26.25498,18.115936280000003,6612.3167422000015,4.032135,6.003845,1.9717099999999999
744,744,Florence,ITA,ITA,blank,False,157496.0,fruit,32.462934,58.108001709999996,21209.42062415,6.975586,8.346252,1.370666
745,745,Leghorn,ITA,ITA,blank,False,138934.0,fish,23.428675,35.377532959999996,12912.799530399998,22.496338,40.93338,18.437041999999998
746,746,Lucca,ITA,ITA,blank,False,24080.0,grain,3.229577,7.10510254,2593.3624271,4.928528,7.360931,2.432403
747,747,Siena,ITA,ITA,blank,False,105540.0,grain,17.037873,37.48348999,13681.473846350002,10.941834,13.153381,2.2115469999999995
748,748,Grosetto,ITA,ITA,blank,False,51668.0,cattle,7.274755,14.403869629999999,5257.412414949999,7.575684,11.431549,3.8558650000000005
749,749,Rome,ITA,ITA,blank,False,334210.0,fruit,65.972887,118.09014893,43102.904359449996,136.669098,205.305603,68.636505
750,750,Viterbo,ITA,ITA,blank,False,48259.0,fruit,11.161886,19.979553220000003,7292.536925300001,0.766266,0.89444,0.128174
751,751,Perugia,ITA,ITA,blank,False,101416.0,fruit,22.125764,39.604675289999996,14455.706480849998,13.420868,16.129974,2.7091060000000002
752,752,Ancona,ITA,ITA,blank,False,52515.0,fruit,10.679857,19.11672974,6977.6063551,29.868042,44.635864,14.767821999999999
753,753,Aquila,FRA,FRA,blank,False,107829.0,wool,33.144478,22.86968994,8347.4368281,10.328888,16.231964,5.903076000000002
754,754,Naples,ITA,ITA,blank,False,381227.0,fish,56.717817,85.64447021,31260.23162665,146.187378,190.329895,44.142517
755,755,Salerno,ITA,ITA,blank,False,163388.0,fruit,40.227374,72.00619507,26282.26120055,16.380981,19.706421,3.3254400000000004
756,756,Bari,FRA,FRA,blank,False,133858.0,grain,21.039486,46.28707886,16894.783783900002,23.846863,43.087677,19.240814
757,757,Foggia,FRA,FRA,blank,False,104474.0,fish,25.969863,39.2147522,14313.384553,16.380432,27.136871,10.756439
758,758,Brindisi,FRA,FRA,blank,False,63867.0,fish,15.791166,23.84481812,8703.3586138,6.825012,11.29248,4.467467999999999
759,759,Reggio di Calabria,ITA,ITA,blank,False,143599.0,fish,28.867477,43.59017944,15910.4154956,19.447662,29.572693,10.125031
760,760,Catanzaro,ITA,ITA,blank,False,91342.0,fish,19.650987,29.67318726,10830.7133499,0.0,0.0,0.0
761,761,Potenza,ITA,ITA,blank,False,146054.0,fruit,33.624149,60.18655396,21968.0921954,13.726196,20.743561,7.017365
762,762,Palermo,ITA,ITA,blank,False,207819.0,fish,32.848944,49.60223389,18104.81536985,46.599579,70.375458,23.775878999999996
763,763,Messina,ITA,ITA,blank,False,126148.0,sulphur,13.699309,97.00549316,35407.0050034,27.014557,40.231354,13.216797000000003
764,764,Catania,ITA,ITA,blank,False,214801.0,sulphur,27.136314,192.15359497,70136.06216405,56.496429,76.861267,20.364838
765,765,Cagliari,ITA,ITA,blank,False,48374.0,sulphur,0.0,0.0,0.0,25.352997,38.45282,13.099823000000004
766,766,Sassari,ITA,ITA,blank,False,25335.0,precious_metal,0.0,0.0,0.0,27.767395,41.462067,13.694671999999997
767,767,Maribor,AUS,AUS,blank,False,69993.0,timber,45.552393,43.73257446,15962.3896779,5.374115,7.384552,2.0104370000000005
768,768,Ljubljana,AUS,AUS,blank,False,91890.0,cotton,13.784329,29.91433716,10918.733063399999,30.610779,33.625519,3.014739999999996
769,769,Postojna,AUS,AUS,blank,False,55728.0,precious_metal,21.637665,173.10131836,63181.9812014,7.15921,11.803925,4.644715
770,770,Pola,AUS,AUS,blank,False,60994.0,grain,9.063485,19.9397583,7278.011779500001,6.324646,9.875702,3.551056
771,771,Zagreb,AUS,AUS,blank,False,82780.0,timber,48.001046,46.083404540000004,16820.4426571,10.591888,17.497864,6.905975999999999
772,772,Sisak,AUS,AUS,blank,False,37970.0,cattle,3.964875,7.85037231,2865.38589315,0.961853,1.53067,0.568817
773,773,Karlovac,AUS,AUS,blank,False,59983.0,precious_metal,24.121033,192.96826172000002,70433.41552780001,4.073029,6.177643,2.1046139999999998
774,774,Senj,AUS,AUS,blank,False,32279.0,iron,5.470788,28.950042720000003,10566.7655928,0.69165,0.959503,0.267853
775,775,Varadin,AUS,AUS,blank,False,21857.0,wool,6.189805,4.27096558,1558.9024367000002,0.10675,0.164825,0.058075
776,776,Bjelovar,AUS,AUS,blank,False,15638.0,grain,2.258221,4.96810913,1813.35983245,0.0,0.0,0.0
777,777,Poega,AUS,AUS,blank,False,29401.0,fruit,6.911269,12.37103271,4515.42693915,1.056458,1.545441,0.48898300000000017
778,778,Fiume,AUS,AUS,blank,False,16486.0,fruit,3.303437,5.91308594,2158.2763681,6.689056,10.615814,3.9267580000000004
779,779,Osijek,AUS,AUS,blank,False,57068.0,cattle,5.871333,11.62512207,4243.16955555,0.596497,0.820923,0.2244259999999999
780,780,Split,AUS,AUS,blank,False,54021.0,fish,9.164206,13.83804321,5050.88577165,3.94281,5.975067,2.032257
781,781,Zadar,AUS,AUS,blank,False,42032.0,fruit,9.670788,17.31051636,6318.3384714,1.684967,2.553741,0.8687739999999999
782,782,Dubrovnik,AUS,AUS,blank,False,19296.0,fish,4.153314,6.27154541,2289.11407465,0.0,0.0,0.0
783,783,Sarajevo,TUR,TUR,blank,False,50816.0,fruit,13.414194,24.01113892,8764.0657058,33.090942,42.19693,9.105988000000004
784,784,Bihac,TUR,TUR,blank,False,35065.0,grain,6.373637,14.02206421,5118.05343665,1.39151,2.277283,0.8857730000000001
785,785,Banja Luka,TUR,TUR,blank,False,37406.0,fish,12.982617,19.60388184,7155.4168715999995,0.332367,0.376862,0.04449499999999995
786,786,Tuzla,TUR,TUR,blank,False,48662.0,grain,7.60489,16.73083496,6106.7547604,12.148682,13.714203,1.5655209999999986
787,787,Foca,TUR,TUR,blank,False,34205.0,coal,13.618184,36.092681879999994,13173.828886199997,0.48407,0.903687,0.419617
788,788,Mostar,TUR,TUR,blank,False,41619.0,grain,5.632326,12.39117432,4522.7786268,0.331329,0.616882,0.28555300000000006
789,789,Livno,TUR,TUR,blank,False,41529.0,grain,7.975525,17.546234130000002,6404.375457450001,1.358459,1.966522,0.608063
790,790,Kitwe,TUR,TUR,blank,False,12207.0,tobacco,2.540273,2.9468689,1075.6071485,1.486511,2.262024,0.7755129999999999
791,791,Mitrovica,AUS,AUS,blank,False,41534.0,timber,23.558534,22.617370610000002,8255.34027265,2.499603,3.989136,1.4895329999999998
792,792,Pancevo,AUS,AUS,blank,False,81591.0,grain,13.050076,28.710296630000002,10479.25826995,2.934357,4.890137,1.9557800000000003
793,793,Vukovar,AUS,AUS,blank,False,34301.0,cattle,3.527421,6.98422241,2549.24117965,0.437073,0.639496,0.20242299999999996
794,794,Belgrade,AUS,AUS,blank,False,74810.0,grain,9.706724,21.35488892,7794.534455800001,2.192505,2.624664,0.43215899999999996
795,795,Bor,AUS,AUS,blank,False,53283.0,grain,7.514684,16.53237915,6034.31838975,0.0,0.0,0.0
796,796,Kragujevac,AUS,AUS,blank,False,44693.0,coal,10.612024,28.12536621,10265.75866665,4.954041,7.750793,2.7967519999999997
797,797,Uice,AUS,AUS,blank,False,17242.0,grain,2.316177,5.09561157,1859.89822305,0.0,0.0,0.0
798,798,Ni,TUR,TUR,blank,False,93279.0,timber,95.062804,91.26504517,33311.74148705,28.388428,44.576691,16.188262999999996
799,799,Leskovac,TUR,TUR,blank,False,82268.0,timber,84.722779,81.33810425,29688.40805125,38.578979,42.62854,4.049561000000004
800,800,Ulcinj,TUR,TUR,blank,False,11298.0,grain,2.015191,4.43344116,1618.2060234,0.0,0.0,0.0
801,801,Tahiti,none,none,blank,False,4500.0,fish,0.0,0.0,0.0,0.0,0.0,0.0
802,802,Pristina,TUR,TUR,blank,False,68633.0,timber,70.282645,67.47485352000001,24628.321534800005,14.298798,21.278595,6.979797
803,803,Prizren,TUR,TUR,blank,False,81281.0,timber,72.215197,69.33020020000001,25305.523073000004,6.25708,7.736877,1.4797969999999996
804,804,Novi Pazar,TUR,TUR,blank,False,21357.0,iron,5.521913,29.22058105,10665.51208325,0.0,0.0,0.0
805,805,Salonika,TUR,TUR,blank,False,100154.0,tobacco,20.705079,24.019134519999998,8766.9840998,88.045258,109.027313,20.982055000000003
806,806,Skopje,TUR,TUR,blank,False,148976.0,timber,153.707827,147.56719970999998,53862.02789414999,51.122101,60.97406,9.851959
807,807,Bitola,TUR,TUR,blank,False,88483.0,timber,94.37114,90.60101318,33069.3698107,4.634155,5.406921,0.7727659999999998
808,808,Petrich,TUR,TUR,blank,False,48204.0,wool,22.987078,15.86108398,5789.2956527,11.417572,14.659363,3.241791000000001
809,809,Sofia,TUR,TUR,blank,False,104031.0,timber,110.265933,105.86080933000001,38639.19540545,17.272949,26.54776,9.274811
810,810,Vidin,TUR,TUR,blank,False,53518.0,grain,9.010801,19.82385254,7235.7061771,6.319885,7.010559,0.6906739999999996
811,811,Ruse,TUR,TUR,blank,False,60759.0,grain,12.900596,28.38143921,10359.22531165,0.645355,0.8302,0.18484500000000004
812,812,Pleven,TUR,TUR,blank,False,64620.0,grain,12.845262,28.259704590000002,10314.792175350001,5.402771,8.696503,3.2937319999999994
813,813,Shumen,TUR,TUR,blank,False,46917.0,grain,9.130124,20.08636475,7331.523133750001,2.300323,2.861847,0.5615239999999999
814,814,Varna,TUR,TUR,blank,False,76938.0,cotton,24.800607,53.8215332,19644.859618,18.579712,29.37204,10.792327999999998
815,815,Plovdiv,TUR,TUR,blank,False,40198.0,tobacco,13.621527,15.801788329999999,5767.652740449999,5.67099,6.797638,1.1266480000000003
816,816,Stara Zagora,TUR,TUR,blank,False,28090.0,tobacco,9.967762,11.5632019,4220.568693499999,0.21521,0.254333,0.03912299999999996
817,817,Burgas,TUR,TUR,blank,False,63738.0,grain,13.663226,30.059234619999998,10971.6206363,3.848694,4.827301,0.9786070000000002
818,818,Silistre,TUR,TUR,blank,False,26932.0,grain,5.981626,13.15963745,4803.26766925,0.112335,0.139404,0.027068999999999996
819,819,Florina,TUR,TUR,blank,False,46910.0,timber,44.311759,42.54150391,15527.648927150001,0.91153,1.267548,0.35601799999999995
820,820,Grevena,TUR,TUR,blank,False,43004.0,grain,6.2543,13.75952148,5022.2253402,1.717773,2.364807,0.6470339999999999
821,821,Edessa,TUR,TUR,blank,False,38573.0,grain,7.506874,16.51519775,6028.047178749999,2.431824,3.759979,1.3281549999999998
822,822,Polygyros,TUR,TUR,blank,False,32894.0,tobacco,9.825994,11.39874268,4160.5410782,5.08429,5.633698,0.5494079999999997
823,823,Kavala,TUR,TUR,blank,False,50083.0,tobacco,12.443583,14.43530273,5268.88549645,2.994049,5.228882,2.2348329999999996
824,824,Janina,TUR,TUR,blank,False,101457.0,wool,56.965969,39.30651855,14346.87927075,11.43634,17.587219,6.1508790000000015
825,825,Arta,TUR,TUR,blank,False,49495.0,wool,25.920879,17.88540649,6528.173368850001,4.204315,6.015656,1.8113409999999996
826,826,Corfu,GRE,GRE,blank,False,33682.0,fish,3.027748,4.5719299300000005,1668.7544244500002,16.795013,31.974884,15.179870999999999
827,827,Zante,GRE,GRE,blank,False,19605.0,fish,2.187995,3.3038940400000003,1205.9213246000002,0.0,0.0,0.0
828,828,Edirne,TUR,TUR,blank,False,59485.0,grain,6.450277,14.19067383,5179.59594795,123.848572,196.6745,72.82592799999999
829,829,Xanthe,TUR,TUR,blank,False,22272.0,grain,4.107092,9.035644529999999,3298.0102534499997,1.123138,1.126587,0.0034490000000000354
830,830,Dedeagatch,TUR,TUR,blank,False,23263.0,grain,4.183733,9.20425415,3359.5527647500003,1.167969,1.932465,0.7644960000000001
831,831,Larissa,TUR,TUR,blank,False,46841.0,fruit,15.516827,27.77481079,10137.80593835,2.702728,4.34903,1.646302
832,832,Volos,TUR,TUR,blank,False,82182.0,grain,14.2512,31.3527832,11443.765868,11.056152,18.372498,7.316345999999999
833,833,Trikkala,TUR,TUR,blank,False,14059.0,grain,2.483828,5.46444702,1994.5231623,0.0,0.0,0.0
834,834,Athens,GRE,GRE,blank,False,91419.0,fruit,10.609972,18.991638180000002,6931.947935700001,37.001831,58.696075,21.694243999999998
835,835,Amfissa,GRE,GRE,blank,False,20642.0,cotton,3.163131,6.86453247,2505.5543515500003,1.325226,2.137146,0.81192
836,836,Lamia,GRE,GRE,blank,False,10761.0,cotton,1.52898,3.3181457500000002,1211.12319875,0.497864,0.544891,0.04702700000000004
837,837,Missolonghi,GRE,GRE,blank,False,30907.0,grain,2.795439,6.1499939,2244.7477735,2.731201,4.118225,1.3870239999999998
838,838,Khalkis,GRE,GRE,blank,False,18956.0,grain,1.621392,3.56707764,1301.9833386,1.54361,2.932556,1.388946
839,839,Nafplion,GRE,GRE,blank,False,13744.0,fruit,1.996878,3.5743713400000003,1304.6455391000002,1.990051,2.991913,1.0018619999999998
840,840,Corinth,GRE,GRE,blank,False,7050.0,fruit,1.123537,2.0111084,734.054566,1.000641,1.642029,0.6413880000000001
841,841,Kalamata,GRE,GRE,blank,False,14548.0,fruit,2.247585,4.02313232,1468.4432968,4.266205,8.103516,3.8373110000000006
842,842,Patras,GRE,GRE,blank,False,8275.0,fruit,1.207759,2.16186523,789.08080895,0.396301,0.561584,0.16528299999999996
843,843,Chios,TUR,TUR,blank,False,30618.0,sulphur,5.56546,39.409301760000005,14384.395142400002,9.937592,14.963226,5.025634
844,844,Myteline,TUR,TUR,blank,False,14101.0,grain,3.127122,6.87969971,2511.09039415,0.0,0.0,0.0
845,845,Cyclades,TUR,TUR,blank,False,11566.0,fish,4.062873,6.134979250000001,2239.2674262500004,0.733734,0.953308,0.21957400000000005
846,846,Dodecanese,TUR,TUR,blank,False,11124.0,grain,2.364505,5.20193481,1898.70620565,0.769196,1.254822,0.4856260000000001
847,847,Chania,TUR,TUR,blank,False,51708.0,fruit,14.826151,26.538513180000002,9686.5573107,3.56604,5.028748,1.4627080000000001
848,848,Iraklion,TUR,TUR,blank,False,37546.0,fruit,13.531304,24.220764159999998,8840.578918399999,0.541473,0.615021,0.07354800000000006
849,849,Tirana,TUR,TUR,blank,False,103692.0,grain,17.378364,38.23257446,13954.8896779,23.6745,40.997406,17.322906
850,850,Shkoder,TUR,TUR,blank,False,137567.0,grain,23.262043,51.17672729,18679.50546085,24.847015,40.991211,16.144196
851,851,Durres,TUR,TUR,blank,False,42453.0,cattle,7.35982,14.57229614,5318.888091100001,2.096558,2.553528,0.4569700000000001
852,852,Vlore,TUR,TUR,blank,False,97370.0,cattle,16.661548,32.98953247,12041.17935155,13.102814,17.398376,4.2955619999999985
853,853,Gjirokaster,TUR,TUR,blank,False,70348.0,cattle,7.821981,15.48736572,5652.8884878,7.868988,10.460541,2.5915529999999993
854,854,Malta,ENG,ENG,blank,False,44023.0,fish,5.914086,8.93032837,3259.56985505,5.22348,7.913055,2.6895749999999996
855,855,Nicosia,TUR,TUR,blank,False,26304.0,fruit,7.904772,14.14938354,5164.5249921,0.214142,0.2453,0.03115799999999999
856,856,Limassol,TUR,TUR,blank,False,17345.0,fruit,5.743592,10.28091431,3752.53372315,0.097443,0.112213,0.014769999999999991
857,857,Famagusta,TUR,TUR,blank,False,18183.0,fruit,6.054994,10.838317870000001,3955.98602255,0.0,0.0,0.0
858,858,Kirklareli,TUR,TUR,blank,False,36173.0,grain,7.528195,16.562103269999998,6045.167693549999,1.484558,1.80545,0.32089199999999996
859,859,Gallipoli,TUR,TUR,blank,False,26925.0,grain,5.611006,12.3442688,4505.658112,0.283447,0.290253,0.006805999999999979
860,860,Istanbul,TUR,TUR,blank,False,238626.0,fruit,16.17951,28.960998540000002,10570.764467100002,679.65509,950.448334,270.7932440000001
861,861,Üsküdar,TUR,TUR,blank,False,60176.0,grain,8.75949,19.27096558,7033.902436699999,19.664032,29.046936,9.382904
862,862,Izmit,TUR,TUR,blank,False,91626.0,fruit,28.415985,50.86404419,18565.37612935,3.470459,3.883148,0.41268899999999986
863,863,Bursa,TUR,TUR,blank,False,149450.0,grain,17.651023,38.83242798,14173.8362127,58.427002,88.654541,30.227538999999993
864,864,Balikesir,TUR,TUR,blank,False,70518.0,grain,14.131863,31.090240480000002,11347.9377752,3.276428,3.977966,0.7015379999999998
865,865,Canakkale,TUR,TUR,blank,False,46233.0,fish,16.098219,24.30847168,8872.5921632,9.847198,11.835754,1.988555999999999
866,866,Afyon,TUR,TUR,blank,False,29569.0,opium,2.609409,8.402374270000001,3066.8666085500004,1.018341,1.469543,0.4512020000000001
867,867,Kütahya,TUR,TUR,blank,False,42178.0,grain,7.430234,16.34658813,5966.50466745,5.685272,9.023865,3.3385930000000004
868,868,Eskishehir,TUR,TUR,blank,False,37989.0,wool,15.094127,10.41494751,3801.4558411499997,0.994659,1.417297,0.42263800000000007
869,869,Izmir,TUR,TUR,blank,False,135565.0,fish,28.007615,42.29177856,15436.4991744,159.503387,211.609955,52.10656800000001
870,870,Manisa,TUR,TUR,blank,False,83143.0,grain,14.719823,32.38375854,11820.071867100001,47.121002,55.915527,8.794525
871,871,Denizli,TUR,TUR,blank,False,82155.0,wool,34.753949,23.98022461,8752.78198265,20.523834,35.44693,14.923096000000001
872,872,Mugla,TUR,TUR,blank,False,34748.0,coal,15.864044,42.04495239,15346.40762235,2.293243,3.870361,1.577118
873,873,Konya,TUR,TUR,blank,False,93714.0,wool,31.337263,21.62271118,7892.2895806999995,3.456696,4.969879,1.5131829999999997
874,874,Burdur,TUR,TUR,blank,False,56037.0,grain,7.779547,17.11508179,6247.00485335,3.426605,5.029053,1.6024480000000003
875,875,Antalya,TUR,TUR,blank,False,56545.0,grain,10.067412,22.14840698,8084.1685477,2.628052,3.747955,1.1199030000000003
876,876,Ankara,TUR,TUR,blank,False,96554.0,fruit,30.275106,54.1918335,19780.0192275,13.290802,19.23288,5.942078000000002
877,877,Amasya,TUR,TUR,blank,False,36662.0,wool,17.018194,11.74255371,4286.03210415,6.130707,10.085144,3.9544369999999995
878,878,Kayseri,TUR,TUR,blank,False,128689.0,wool,60.032941,41.422729489999995,15119.296263849998,1.312469,1.421356,0.10888699999999996
879,879,Sivas,TUR,TUR,blank,False,57964.0,wool,26.054095,17.97732544,6561.7237856,10.754669,17.707092,6.952423
880,880,Kastamonu,TUR,TUR,blank,False,108506.0,coal,41.157376,109.08062744,39814.4290156,11.419678,17.186768,5.767090000000001
881,881,Bolu,TUR,TUR,blank,False,41445.0,coal,12.659268,33.551239009999996,12246.20223865,2.078247,3.94809,1.869843
882,882,Trabzon,TUR,TUR,blank,False,73011.0,cattle,14.969254,29.63882446,10818.170927899999,2.028503,2.673615,0.6451119999999997
883,883,Sinop,TUR,TUR,blank,False,67331.0,fish,17.965397,27.127929690000002,9901.694336850001,19.140686,23.017578,3.8768920000000016
884,884,Giresun,TUR,TUR,blank,False,60034.0,fruit,13.102792,23.45373535,8560.61340275,5.303925,10.086182,4.782257000000001
885,885,Kars,TUR,TUR,blank,False,150231.0,iron,33.007473,174.66729736,63753.5635364,12.012482,16.59375,4.581268
886,886,Ardahan,TUR,TUR,blank,False,108300.0,wool,50.571696,34.89447021,12736.48162665,6.538513,8.529358,1.9908450000000002
887,887,Erzurum,TUR,TUR,blank,False,55432.0,cattle,9.19245,18.2008667,6643.316345499999,3.469055,3.973663,0.5046080000000002
888,888,Erzincan,TUR,TUR,blank,False,106889.0,iron,30.408288,160.91305541999998,58733.26522829999,11.901672,15.316223,3.4145510000000012
889,889,Malatya,TUR,TUR,blank,False,85221.0,iron,18.938447,100.2175293,36579.3981945,2.945465,4.962921,2.0174559999999997
890,890,Van,TUR,TUR,blank,False,100887.0,iron,28.542487,151.03970337,55129.49173005,6.681824,10.521149,3.8393249999999997
891,891,Bitlis,TUR,TUR,blank,False,25721.0,grain,3.813099,8.38885498,3061.9320677,0.0,0.0,0.0
892,892,Hakkari,TUR,TUR,blank,False,32926.0,fruit,10.990833,19.67337036,7180.7801813999995,0.447357,0.737793,0.290436
893,893,Diyarbakir,TUR,TUR,blank,False,95346.0,iron,27.970878,148.01489258,54025.4357917,8.086029,14.132812,6.046783
894,894,Adana,TUR,TUR,blank,False,59991.0,wool,28.073518,19.37072754,7070.3155521,13.179688,20.870148,7.69046
895,895,Mersin,TUR,TUR,blank,False,27557.0,fish,9.560366,14.43624878,5269.2308047,0.296875,0.373993,0.07711800000000002
896,896,Marash,TUR,TUR,blank,False,48635.0,wool,21.850232,15.07666016,5502.9809583999995,18.265625,20.33548,2.0698550000000004
897,897,Aleppo,TUR,TUR,blank,False,107400.0,grain,16.931048,37.24847412,13595.6930538,21.691254,31.399231,9.707977
898,898,Antep,TUR,TUR,blank,False,57147.0,wool,27.190985,18.761779790000002,6848.049623350001,1.887451,2.761536,0.874085
899,899,Urfa,TUR,TUR,blank,False,117228.0,grain,20.995499,46.19030762,16859.4622813,10.194183,15.915802,5.721618999999999
900,900,Antioch,TUR,TUR,blank,False,53725.0,fruit,14.076876,25.197326659999998,9197.024230899999,2.167938,3.358154,1.190216
901,901,Dayr al-Zour,TUR,TUR,blank,False,84594.0,grain,15.657139,34.44586182,12572.7395643,1.04834,1.459106,0.41076599999999996
902,902,Damascus,TUR,TUR,blank,True,479952.0,grain,21.191476,46.62145996,17016.8328854,466.886597,673.625153,206.73855599999996
903,903,Homs,TUR,TUR,blank,True,198767.0,grain,7.975525,17.546234130000002,6404.375457450001,60.14682,72.361572,12.214751999999997
904,904,Hama,TUR,TUR,blank,False,38416.0,grain,6.940276,15.26867676,5573.0670174,0.992126,1.206665,0.21453900000000015
905,905,Latakia,TUR,TUR,blank,False,37589.0,fruit,11.866526,21.24084473,7752.90832645,1.252045,1.648865,0.39681999999999995
906,906,Suwayda,TUR,TUR,blank,True,57522.0,grain,3.791764,8.34191895,3044.80041675,16.100159,24.190399,8.090239999999998
907,907,Palmyra,TUR,TUR,blank,True,71874.0,grain,3.813099,8.38885498,3061.9320677,0.0,0.0,0.0
908,908,Amman,TUR,TUR,blank,True,57092.0,grain,3.791764,8.34191895,3044.80041675,0.0,0.0,0.0
909,909,Jerash,TUR,TUR,blank,True,50479.0,grain,3.791764,8.34191895,3044.80041675,0.0,0.0,0.0
910,910,Ruwayshid,TUR,TUR,blank,True,65652.0,grain,3.791764,8.34191895,3044.80041675,0.0,0.0,0.0
911,911,Maan,TUR,TUR,blank,True,58497.0,grain,3.791764,8.34191895,3044.80041675,0.0,0.0,0.0
912,912,Baalbeck,TUR,TUR,blank,True,116350.0,grain,7.583556,16.683898929999998,6089.623109449999,0.392242,0.434113,0.04187100000000005
913,913,Beirut,TUR,TUR,blank,True,123116.0,fruit,14.036981,25.125915529999997,9170.95916845,20.078217,28.739777,8.661560000000001
914,914,Askaleh,TUR,TUR,blank,True,156725.0,iron,13.686154,72.42370604999999,26434.652708249996,0.0,0.0,0.0
915,915,Sidon,TUR,TUR,blank,True,265538.0,fruit,14.036981,25.125915529999997,9170.95916845,0.021484,0.023041,0.0015569999999999994
916,916,Acre,TUR,TUR,blank,True,101347.0,fruit,14.076876,25.197326659999998,9197.024230899999,0.451172,0.536194,0.08502199999999993
917,917,Jerusalem,TUR,TUR,blank,True,135038.0,grain,7.898884,17.37762451,6342.83294615,105.836761,167.628296,61.79153500000001
918,918,Nablus,TUR,TUR,blank,True,120503.0,fruit,14.086219,25.21405029,9203.12835585,40.117035,44.090973,3.973937999999997
919,919,Jaffa,TUR,TUR,blank,True,106808.0,fruit,14.086219,25.21405029,9203.12835585,29.281921,55.743286,26.461364999999997
920,920,Gaza,TUR,TUR,blank,True,92772.0,grain,3.736417,8.22015381,3000.35614065,33.596039,41.320892,7.724853000000003
921,921,Beersheba,TUR,TUR,blank,True,220151.0,grain,3.791764,8.34191895,3044.80041675,0.0,0.0,0.0
922,922,Aqaba,TUR,TUR,blank,True,49990.0,wool,7.823292,5.39807129,1970.2960208499999,0.0,0.0,0.0
923,923,Mosul,TUR,TUR,blank,False,86475.0,sulphur,20.328171,143.94479370000002,52539.84970050001,2.216248,2.48053,0.2642819999999997
924,924,Arbil,TUR,TUR,blank,False,25606.0,wool,14.382625,9.92401123,3622.26409895,0.368835,0.55896,0.190125
925,925,Kirkuk,TUR,TUR,blank,False,52625.0,grain,9.130124,20.08636475,7331.523133750001,2.052368,2.582367,0.5299990000000001
926,926,Baghdad,TUR,TUR,blank,False,88345.0,grain,14.229866,31.30584717,11426.63421705,49.851746,61.508026,11.656280000000002
927,927,Samarra,TUR,TUR,blank,False,34169.0,grain,7.059572,15.53112793,5668.86169445,0.743439,0.963867,0.22042800000000007
928,928,Mendeli,TUR,TUR,blank,False,29806.0,grain,6.100963,13.42218018,4899.0957657,0.929108,1.487183,0.5580749999999999
929,929,Karbala,TUR,TUR,blank,False,35970.0,grain,7.31091,16.08407593,5870.68771445,1.195374,1.425507,0.23013300000000014
930,930,Kut,TUR,TUR,blank,False,28023.0,grain,5.219023,11.48190308,4190.8946242,0.302673,0.367859,0.06518599999999997
931,931,Rutbah,TUR,TUR,blank,False,12342.0,sulphur,1.475099,10.44525146,3812.5167828999997,0.0,0.0,0.0
932,932,Basra,TUR,TUR,blank,False,40804.0,fruit,10.639518,19.044525150000002,6951.251679750001,0.352905,0.557678,0.20477299999999998
933,933,Nasiriyya,TUR,TUR,blank,False,42799.0,fruit,14.086219,25.21405029,9203.12835585,0.396942,0.503021,0.10607900000000003
934,934,Najaf,TUR,TUR,blank,False,31713.0,fruit,7.661225,13.71343994,5005.405578100001,0.301758,0.425171,0.123413
935,935,Kuwait,TUR,TUR,blank,False,10864.0,fruit,2.111942,3.7803344699999997,1379.82208155,0.0,0.0,0.0
936,936,Grodno,RUS,RUS,Brest,False,119064.0,grain,10.00524,22.0116272,8034.243928,10.248657,13.936768,3.688111000000001
937,937,Brest-Litovsk,RUS,RUS,Brest,False,114170.0,grain,10.892631,23.96389771,8746.82266415,17.878143,24.195343,6.3172
938,938,Lida,RUS,RUS,Brest,False,69101.0,grain,6.627847,14.58132935,5322.185212750001,9.779907,14.13559,4.355683000000001
939,939,Baranovichi,RUS,RUS,Brest,False,73303.0,grain,6.764399,14.88174438,5431.8366987,3.63092,5.533569,1.9026489999999998
940,940,Pinsk,RUS,RUS,Brest,False,107394.0,grain,10.239281,22.526519779999997,8222.1797197,9.693481,14.8284,5.134919
941,941,Slutsk,RUS,RUS,Minsk,False,74819.0,cattle,4.238919,8.39297485,3063.43582025,10.335449,16.106018,5.770568999999998
942,942,Mozyr,RUS,RUS,Minsk,False,113970.0,cattle,7.522289,14.89398193,5436.30340445,21.278534,31.88974,10.611206
943,943,Smolensk,RUS,RUS,blank,False,152972.0,cattle,10.38892,20.56985474,7507.9969801,9.021729,12.771545,3.749815999999999
944,944,Orsha,RUS,RUS,blank,False,171408.0,grain,14.068498,30.95083618,11297.0552057,25.010681,38.297546,13.286864999999995
945,945,Vitebsk,RUS,RUS,blank,False,100845.0,grain,9.264082,20.381073,7439.091645,21.625092,34.121399,12.496306999999998
946,946,Polotsk,RUS,RUS,blank,False,178121.0,wool,29.082456,20.066894530000003,7324.416503450001,25.338165,37.269257,11.931092000000003
947,947,Pastavy,RUS,RUS,blank,False,130501.0,grain,11.198236,24.636230469999997,8992.22412155,14.95105,20.985779,6.0347290000000005
948,948,Mogilev,RUS,RUS,blank,False,147455.0,grain,13.931919,30.65036011,11187.38144015,11.293457,15.011749,3.718292
949,949,Gomel,RUS,RUS,blank,False,146388.0,cattle,10.966479,21.71340942,7925.394438300001,23.405487,26.9039,3.4984129999999993
950,950,Uzgorord,AUS,AUS,blank,False,211615.0,coal,50.905526,134.91644287,49244.50164755,20.135986,24.105652,3.969666
951,951,Stryi,AUS,AUS,blank,False,128503.0,coal,34.454143,91.31484985,33329.92019525,23.28894,39.027557,15.738617000000001
952,952,Ternopil,AUS,AUS,blank,False,364244.0,grain,54.679608,120.29568481000001,43907.92495565001,32.108856,49.866577,17.757720999999997
953,953,Stanislavov,AUS,AUS,blank,False,119068.0,grain,18.069057,39.75210571,14509.51858415,10.783081,12.928406,2.1453250000000015
954,954,Vinnitsa,RUS,RUS,Kiev,False,223545.0,cattle,13.437472,26.60592651,9711.16317615,77.1651,89.828125,12.663025000000005
955,955,Proskorov,RUS,RUS,Rovne,False,205928.0,cattle,14.002331,27.724334719999998,10119.382172799998,26.803497,36.134094,9.330596999999997
956,956,Rovne,RUS,RUS,Rovne,False,172928.0,grain,16.454476,36.200012210000004,13213.004456650002,26.776581,40.037476,13.260894999999998
957,957,Kovel,RUS,RUS,Rovne,False,167462.0,grain,15.8661,34.90557861,12740.536192649999,13.495056,16.954132,3.4590760000000014
958,958,Kiev,RUS,RUS,Kiev,False,182820.0,grain,15.947318,35.08425903,12805.75454595,48.331085,64.651611,16.320526
959,959,Korosten,RUS,RUS,Kiev,False,168972.0,grain,14.286295,31.429992679999998,11471.9473282,19.452393,27.821838,8.369444999999999
960,960,Zhitomir,RUS,RUS,Kiev,False,174778.0,grain,14.640617,32.20950317,11756.46865705,27.878967,39.412048,11.533081
961,961,Cherkassy,RUS,RUS,Kiev,False,171488.0,cattle,12.912102,25.56570435,9331.48208775,27.097382,41.805176,14.707794000000003
962,962,Chernigov,RUS,RUS,Kiev,False,233116.0,grain,21.856868,48.08532715,17551.14440975,45.633942,74.821381,29.187439000000005
963,963,Poltava,RUS,RUS,Kiev,False,597412.0,coal,70.782616,187.59729004,68473.0108646,128.657745,180.152496,51.49475100000001
964,964,Simferopol,RUS,RUS,blank,False,42964.0,fish,6.936236,10.4737854,3822.9316710000003,6.674744,9.777985,3.1032409999999997
965,965,Cherson,RUS,RUS,blank,False,54576.0,fish,7.036175,10.62469482,3878.0136093,4.762573,5.915985,1.1534120000000003
966,966,Kerch,RUS,RUS,blank,False,17971.0,iron,1.332629,7.05194092,2573.9584357999997,3.756653,5.693573,1.9369199999999998
967,967,Sevastopol,RUS,RUS,blank,False,21340.0,fish,3.144947,4.74890137,1733.3490000499999,3.206116,3.964874,0.7587579999999998
968,968,Odessa,RUS,RUS,blank,False,87622.0,fish,12.356627,18.658630369999997,6810.400085049999,82.113739,134.995789,52.88205000000001
969,969,Pervomaisk,RUS,RUS,blank,False,199587.0,cattle,14.792836,29.28952026,10690.6748949,31.025696,47.750397,16.724701
970,970,Nikolaev,RUS,RUS,blank,False,91574.0,fish,16.191206,24.44888306,8923.8423169,11.279907,17.628754,6.348847000000001
971,971,Krivoy Rog,RUS,RUS,blank,False,92678.0,coal,10.10568,26.78338623,9775.93597395,7.842011,12.714905,4.872894
972,972,Ekaterinoslav,RUS,RUS,blank,False,114011.0,coal,11.894075,31.52322388,11505.9767162,6.318512,9.121094,2.8025819999999992
973,973,Melitopol,RUS,RUS,blank,False,30937.0,coal,3.901941,10.34143066,3774.6221909,1.109344,1.652588,0.5432439999999998
974,974,Kramatorsk,RUS,RUS,blank,False,90455.0,coal,11.534692,30.57073975,11158.32000875,4.306335,6.182617,1.8762819999999998
975,975,Yuzovka,RUS,RUS,blank,False,28189.0,coal,3.59389,9.5249939,3476.6227735,2.491974,3.082825,0.5908510000000002
976,976,Mariupol,RUS,RUS,blank,False,95544.0,coal,12.073772,31.999481199999998,11679.810637999999,15.855377,22.167145,6.311768000000001
977,977,Kursk,RUS,RUS,blank,False,322563.0,grain,27.330878,60.12820435,21946.79458775,55.016632,66.633698,11.617065999999994
978,978,Kharkov,RUS,RUS,blank,False,227839.0,coal,28.785386,76.29077147999999,27846.131590199995,41.364532,67.613586,26.249054
979,979,Rostov,RUS,RUS,blank,False,74312.0,coal,5.442184,14.42358398,5264.6081527,11.115356,16.550873,5.435516999999999
980,980,Luhansk,RUS,RUS,blank,False,249618.0,cattle,18.575528,36.7791748,13424.398802,11.832489,15.263062,3.430572999999999
981,981,Archangel,RUS,RUS,blank,False,36949.0,timber,9.30531,8.933563229999999,3260.7505789499996,15.051163,15.015564,-0.03559900000000127
982,982,Petsamo,RUS,RUS,blank,False,1152.0,iron,0.050871,0.26919556,98.2563794,0.0,0.0,0.0
983,983,Kandalaksha,RUS,RUS,blank,False,2426.0,sulphur,0.219052,1.5511169400000002,566.1576831000001,0.0,0.0,0.0
984,984,Kostomushka,RUS,RUS,blank,False,7754.0,timber,3.255961,3.12588501,1140.94802865,0.764343,1.124878,0.36053500000000005
985,985,Mezen,RUS,RUS,blank,False,8310.0,timber,3.410162,3.27392578,1194.9829097,2.042572,3.012878,0.9703060000000003
986,986,Naryn Mar,RUS,RUS,blank,False,1275.0,timber,0.462635,0.44415283,162.11578295,0.0,0.0,0.0
987,987,Ust Sysolsk,RUS,RUS,blank,False,7377.0,timber,3.718596,3.57003784,1303.0638116,0.0,0.0,0.0
988,988,Povyents,RUS,RUS,blank,False,10453.0,timber,5.03819,4.83691406,1765.4736318999999,1.238495,1.462677,0.2241820000000001
989,989,Vologda,RUS,RUS,blank,False,295590.0,timber,146.743316,140.88092041,51421.535949649995,101.392517,111.245697,9.853180000000009
990,990,Kotlas,RUS,RUS,blank,False,17021.0,timber,3.684392,3.53720093,1291.07833945,0.0,0.0,0.0
991,991,Uglich,RUS,RUS,blank,False,169857.0,timber,83.81655,80.46807860999999,29370.848692649997,27.152435,32.878571,5.726136
992,992,Belozersk,RUS,RUS,blank,False,147596.0,cattle,9.602607,19.012969969999997,6939.7340390499985,12.422546,15.95636,3.5338139999999996
993,993,Vyterga,RUS,RUS,blank,False,35913.0,timber,18.062223,17.34063721,6329.33258165,4.822723,7.922607,3.0998840000000003
994,994,St Petersburg,RUS,RUS,blank,False,207521.0,grain,4.547487,10.0045166,3651.648559,477.281708,646.551758,169.27004999999997
995,995,Petrozavorsk,RUS,RUS,blank,False,38938.0,grain,3.708868,8.1595459,2978.2342535,4.561462,6.706757,2.145295
996,996,Luga,RUS,RUS,blank,False,49916.0,grain,4.193152,9.22497559,3367.11609035,7.546692,12.355286,4.808593999999999
997,997,Gdov,RUS,RUS,blank,False,47114.0,grain,4.193152,9.22497559,3367.11609035,1.003387,1.222107,0.21872000000000003
998,998,Tver,RUS,RUS,blank,False,291088.0,timber,134.45618,129.08465576,47115.8993524,39.326263,59.300415,19.974152000000004
999,999,Rzhev,RUS,RUS,blank,False,165305.0,timber,71.529414,68.67181396,25065.2120954,23.091309,34.178192,11.086883000000004
1000,1000,Staritsa,RUS,RUS,blank,False,93159.0,timber,45.97825,44.141418460000004,16111.617737900002,7.822418,8.559967,0.7375490000000005
1001,1001,Yaroslavl,RUS,RUS,blank,False,168788.0,timber,83.388086,80.05673218000001,29220.707245700003,35.706879,58.885162,23.178283
1002,1002,Manzhouli,MCK,MCK,blank,False,135987.0,cattle,2.525293,5.00003052,1825.0111398000001,14.659485,18.813354,4.153869
1003,1003,Novgorod,RUS,RUS,blank,False,97169.0,grain,8.409191,18.500305179999998,6752.611390699999,18.619751,30.500916,11.881165
1004,1004,Tikhvin,RUS,RUS,blank,False,66874.0,grain,6.345103,13.95928955,5095.14068575,3.77948,4.543274,0.7637940000000003
1005,1005,Borovichi,RUS,RUS,blank,False,132457.0,grain,12.488679,27.47521973,10028.45520145,49.640747,54.304779,4.664032000000006
1006,1006,Pskov,RUS,RUS,blank,False,179809.0,cattle,13.424772,26.580780030000003,9701.98471095,33.766907,58.186066,24.419158999999993
1007,1007,Velikiye Luki,RUS,RUS,blank,False,122290.0,grain,11.432263,25.151092530000003,9180.14877345,8.42038,10.128357,1.7079769999999996
1008,1008,Moscow,RUS,RUS,blank,False,243117.0,timber,51.719165,49.652984620000005,18123.339386300002,401.117615,582.364624,181.24700900000005
1009,1009,Borodino,RUS,RUS,blank,False,191948.0,timber,83.079652,79.76062012000001,29112.626343800006,16.234283,19.523651,3.2893679999999996
1010,1010,Kaluga,RUS,RUS,blank,False,258101.0,timber,126.658836,121.59881591999999,44383.5678108,46.746124,69.436371,22.690246999999992
1011,1011,Tula,RUS,RUS,blank,False,444752.0,grain,41.672535,91.67999268,33463.197328199996,64.654083,94.581696,29.927612999999994
1012,1012,Ryazan,RUS,RUS,blank,False,458739.0,timber,213.388773,204.86389160000002,74775.32043400001,99.829803,156.21994,56.39013700000001
1013,1013,Vladimir,RUS,RUS,blank,False,210083.0,timber,103.009899,98.89465332,36096.548461800005,56.279877,97.443939,41.164062
1014,1014,Vyazma,RUS,RUS,blank,False,119695.0,timber,58.968048,56.61227417,20663.48007205,21.87854,35.6138,13.735259999999997
1015,1015,Peremyshl,RUS,RUS,blank,False,184573.0,timber,91.956563,88.28289794999999,32223.257751749996,15.049744,24.280273,9.230529
1016,1016,Bryansk,RUS,RUS,blank,False,192811.0,cattle,12.529889,24.80892944,9055.2592456,39.627319,62.657501,23.030182000000003
1017,1017,Orel,RUS,RUS,blank,False,251079.0,timber,124.259739,119.29556274,43542.880400099995,28.897491,32.400055,3.502564000000003
1018,1018,Belgorod,RUS,RUS,blank,False,289563.0,grain,27.483687,60.464385990000004,22069.50088635,28.964996,43.417084,14.452088000000003
1019,1019,Voronets,RUS,RUS,blank,False,584796.0,grain,54.902413,120.78585815,44086.83822475,42.680969,48.68222,6.001251000000003
1020,1020,Nizhni Novgorod,RUS,RUS,blank,False,436048.0,timber,200.433178,192.4258728,70235.443572,55.800476,84.093842,28.293365999999992
1021,1021,Penza,RUS,RUS,blank,False,366022.0,grain,34.400936,75.68240356000001,27624.077299400004,67.580017,101.226715,33.646698
1022,1022,Ivanovo,RUS,RUS,blank,False,209635.0,timber,102.581467,98.48333740000001,35946.418151000005,40.808075,60.58905,19.780974999999998
1023,1023,Kostorma,RUS,RUS,blank,False,119648.0,timber,59.550712,57.171661379999996,20867.6564037,24.740265,39.282837,14.542572
1024,1024,Galich,RUS,RUS,blank,False,116607.0,timber,58.385383,56.05288696,20459.303740400002,23.317047,36.924896,13.607848999999998
1025,1025,Tambov,RUS,RUS,blank,False,476583.0,grain,44.962106,98.91708374,36104.735565099996,82.127106,117.781677,35.654571000000004
1026,1026,Perm,RUS,RUS,blank,False,367222.0,iron,28.581985,151.24871826,55205.7821649,31.38501,40.077789,8.692779000000002
1027,1027,Vetluga,RUS,RUS,blank,False,119028.0,timber,58.693849,56.349029540000004,20567.3957821,8.618256,10.424469,1.8062129999999996
1028,1028,Vyatkha,RUS,RUS,blank,False,193141.0,grain,16.890029,37.15823364,13562.7552786,37.376373,41.910614,4.5342410000000015
1029,1029,Glasov,RUS,RUS,blank,False,174405.0,timber,85.410343,81.99819946000001,29929.342802900002,6.92099,8.36853,1.44754
1030,1030,Kazan,RUS,RUS,blank,False,224017.0,grain,20.533937,45.17486572,16488.8259878,33.499695,41.783508,8.283812999999995
1031,1031,Sarapul,RUS,RUS,blank,False,214968.0,timber,105.374824,101.16510009999999,36925.261536499995,9.942322,12.040009,2.0976869999999987
1032,1032,Chistopol,RUS,RUS,blank,False,232048.0,timber,115.142833,110.5428772,40348.150178,25.279419,37.515137,12.235718000000002
1033,1033,Simbirsk,RUS,RUS,blank,False,140283.0,cattle,10.449555,20.68991089,7551.8174748500005,23.641449,38.787323,15.145874
1034,1034,Samara,RUS,RUS,blank,False,78826.0,grain,7.385262,16.24765015,5930.392304749999,14.014648,22.92627,8.911622
1035,1035,Syzran,RUS,RUS,blank,False,208595.0,grain,19.526251,42.95794678,15679.650574700001,37.389954,56.383759,18.993804999999995
1036,1036,Astrakhan,RUS,RUS,blank,False,23229.0,wool,2.403149,1.65817261,605.23300265,47.790009,71.488709,23.698700000000002
1037,1037,Saratov,RUS,RUS,blank,False,147954.0,grain,10.691077,23.52047729,8584.97421085,34.34137,53.759552,19.418182
1038,1038,Novo Uzensk,RUS,RUS,blank,False,130489.0,grain,12.287126,27.031799319999998,9866.6067518,12.166168,15.590118,3.4239499999999996
1039,1039,Tsaritsyn,RUS,RUS,blank,False,410370.0,cattle,30.159085,59.714385990000004,21795.75088635,139.256042,161.492737,22.236694999999997
1040,1040,Zarevka,RUS,RUS,blank,False,10145.0,wool,2.334639,1.61090088,587.9788212,1.171967,1.606812,0.4348449999999999
1041,1041,Elitsa,RUS,RUS,blank,False,45910.0,wool,6.695512,4.61990356,1686.2647994,2.083099,2.498322,0.4152230000000001
1042,1042,Ufa,RUS,RUS,blank,False,451601.0,iron,34.045224,180.15881348000002,65757.96692020001,111.486145,125.404572,13.918427000000008
1043,1043,Busuluk,RUS,RUS,blank,False,54647.0,cattle,3.396194,6.724395749999999,2454.4044487499996,18.123383,19.82489,1.7015069999999994
1044,1044,Orenburg,RUS,RUS,blank,False,45796.0,iron,3.400108,17.99252319,6567.27096435,6.013855,9.015594,3.0017389999999997
1045,1045,Migolinskaya,RUS,RUS,blank,False,30245.0,cattle,2.301742,4.55740356,1663.4522994,3.771637,6.243195,2.471558
1046,1046,Chirskaya,RUS,RUS,blank,False,33725.0,coal,4.287002,11.36196899,4147.11868135,2.819519,4.370514,1.550995
1047,1047,Azov,RUS,RUS,blank,False,62344.0,cattle,3.396194,6.724395749999999,2454.4044487499996,38.636871,48.706604,10.069733
1048,1048,Ekaterinodar,RUS,RUS,blank,False,42558.0,cattle,3.01395,5.96755981,2178.15933065,3.415009,4.032349,0.61734
1049,1049,Novorossiysk,RUS,RUS,blank,False,16032.0,grain,1.628522,3.58276367,1307.70873955,3.082733,3.760834,0.6781009999999998
1050,1050,Stavropol,RUS,RUS,blank,False,48155.0,grain,4.193152,9.22497559,3367.11609035,7.930969,11.27713,3.3461609999999995
1051,1051,Adygei,RUS,RUS,blank,False,33573.0,grain,3.305802,7.27279663,2654.57076995,5.106995,6.852997,1.7460019999999998
1052,1052,Derbent,RUS,RUS,blank,False,64604.0,fruit,7.0947,12.699371339999999,4635.2705391,10.540405,16.445038,5.9046330000000005
1053,1053,Gunib,RUS,RUS,blank,False,61250.0,silk,0.668217,8.42791748,3076.1898802,1.28125,1.547913,0.2666630000000001
1054,1054,Vladikavkaz,RUS,RUS,blank,False,24158.0,wool,4.677858,3.22772217,1178.11859205,2.586212,3.804626,1.2184139999999997
1055,1055,Grozny,RUS,RUS,blank,False,21300.0,wool,4.480777,3.0917358399999997,1128.4835816,2.214844,3.288696,1.073852
1056,1056,Pyatigorsk,RUS,RUS,blank,False,38214.0,grain,3.790086,8.33822632,3043.4526068,3.296051,3.964508,0.6684570000000001
1057,1057,Kizylyar,RUS,RUS,blank,False,26258.0,silk,0.358726,4.52444458,1651.4222717,1.211517,1.820129,0.6086120000000002
1058,1058,Ekaterinburg,RUS,RUS,blank,False,152880.0,coal,19.278674,51.09484863,18649.61974995,26.348175,39.089844,12.741668999999998
1059,1059,Chelyabinsk,RUS,RUS,blank,False,69193.0,iron,5.511918,29.16769409,10646.208342850001,8.262665,10.121887,1.859221999999999
1060,1060,Orsk,RUS,RUS,blank,False,87231.0,iron,9.497338,50.25753784,18344.0013116,3.533386,4.244263,0.710877
1061,1061,Tyumen,RUS,RUS,blank,False,21314.0,timber,10.504875,10.08520508,3681.0998541999998,2.553925,4.006592,1.4526670000000004
1062,1062,Berezov,RUS,RUS,blank,False,23225.0,iron,1.844578,9.761047360000001,3562.7822864000004,0.878937,1.051392,0.17245500000000014
1063,1063,Tomsk,RUS,RUS,blank,False,281983.0,coal,35.314298,93.59454346,34162.0083629,59.436096,97.995636,38.559540000000005
1064,1064,Omsk,RUS,RUS,blank,False,86595.0,sulphur,8.862697,62.75720215,22906.37878475,5.994446,7.205597,1.211151
1065,1065,Nizhnevartovsk,RUS,RUS,blank,False,1991.0,timber,0.462635,0.44415283,162.11578295,1.848267,2.701935,0.8536680000000001
1066,1066,Tobolsk,RUS,RUS,blank,False,3786.0,timber,1.902195,1.82620239,666.56387235,0.166229,0.186371,0.02014200000000002
1067,1067,Barnaul,RUS,RUS,blank,False,45151.0,coal,5.407951,14.332855219999999,5231.4921552999995,4.848663,7.291382,2.4427189999999994
1068,1068,Ulala,RUS,RUS,blank,False,13590.0,coal,1.745595,4.62640381,1688.63739065,0.782166,1.158142,0.375976
1069,1069,Vilyuysk,RUS,RUS,blank,False,2673.0,cattle,0.086699,0.17166138,62.6564037,2.420013,3.873627,1.453614
1070,1070,Bryanka,RUS,RUS,blank,False,1401.0,coal,0.094121,0.24945068,91.0494982,0.0,0.0,0.0
1071,1071,Bytantaysk,RUS,RUS,blank,False,1771.0,timber,0.462635,0.44415283,162.11578295,0.0,0.0,0.0
1072,1072,Okhotsk,RUS,RUS,blank,False,3119.0,grain,0.048717,0.10717773,39.11987145,0.563293,0.574524,0.011230999999999991
1073,1073,Yevensk,RUS,RUS,blank,False,916.0,grain,0.032473,0.07144165,26.076202249999998,1.22522,1.865723,0.640503
1074,1074,Petropavlovsk,RUS,RUS,blank,False,1670.0,fish,0.199879,0.30181884999999997,110.16388024999999,0.741669,1.048096,0.3064269999999999
1075,1075,Irkutsk,RUS,RUS,blank,False,115617.0,coal,12.270581,32.52108765,11870.19699225,17.760773,19.957794,2.1970209999999994
1076,1076,Bratsk,RUS,RUS,blank,False,937.0,coal,0.119787,0.31747437,115.87814505,0.0,0.0,0.0
1077,1077,Krasnoyarsk,RUS,RUS,blank,False,92597.0,timber,42.568024,40.86743164,14916.6125486,16.525299,27.186523,10.661224
1078,1078,Chita,RUS,RUS,blank,False,82298.0,timber,41.556896,39.896697999999994,14562.294769999997,7.440125,10.880859,3.440733999999999
1079,1079,Nerchinsk,RUS,RUS,blank,False,56942.0,grain,4.193152,9.22497559,3367.11609035,5.08548,7.067566,1.9820860000000007
1080,1080,Chernomin,RUS,RUS,blank,False,704.0,cattle,0.004223,0.008361819999999999,3.0520642999999996,1.640991,2.309082,0.668091
1081,1081,Yaksa,RUS,RUS,blank,False,18887.0,grain,1.75847,3.86865234,1412.0581041,3.348969,4.300629,0.95166
1082,1082,Haishenwai,MCK,MCK,blank,False,91901.0,coal,4.341339,11.50598145,4199.68322925,0.0,0.0,0.0
1083,1083,Boli,MCK,MCK,blank,False,80390.0,coal,3.476521,9.21392822,3363.0838003,8.812836,9.57666,0.7638239999999996
1084,1084,Utchan,MCK,MCK,blank,False,17459.0,precious_metal,2.266113,18.12890625,6617.05078125,0.0,0.0,0.0
1085,1085,Ulusamudan,MCK,MCK,blank,False,90659.0,grain,2.448359,5.386413569999999,1966.0409530499996,15.427094,19.846405,4.419311
1086,1086,Pogobi,RUS,RUS,blank,True,1845.0,fish,0.313157,0.47286986999999997,172.59750255,0.123444,0.125305,0.0018610000000000015
1087,1087,Ootomari,RUS,RUS,blank,True,1283.0,coal,0.128342,0.34014893,124.15435945,0.437086,0.558319,0.12123300000000004
1088,1088,Shumshu,RUS,RUS,blank,True,1412.0,coal,0.15402,0.40820312999999997,148.99414245,0.697449,1.011719,0.31427000000000005
1089,1089,Etorofu,RUS,RUS,blank,True,1175.0,fish,0.196544,0.29678345,108.32595925,0.0,0.0,0.0
1090,1090,Tblisi,RUS,RUS,blank,False,65303.0,wool,7.4623,5.14898682,1879.3801893,6.525879,9.700653,3.174774000000001
1091,1091,Pasanauri,RUS,RUS,blank,False,20585.0,wool,4.065251,2.80502319,1023.83346435,1.457764,2.324066,0.8663020000000001
1092,1092,Kutaisi,RUS,RUS,blank,False,46101.0,fruit,6.07489,10.87393188,3968.9851362000004,6.663727,10.527161,3.863434
1093,1093,Akhaltsikhe,RUS,RUS,blank,False,11093.0,wool,2.831545,1.95376587,713.12454255,0.319885,0.355896,0.036011000000000015
1094,1094,Poti,RUS,RUS,blank,False,39442.0,tea,3.63635,11.67486572,4261.3259878,6.220062,7.956757,1.7366949999999992
1095,1095,Sukhumi,RUS,RUS,blank,False,25222.0,grain,2.080332,4.57675171,1670.5143741499999,1.22287,1.520386,0.2975160000000001
1096,1096,Batum,TUR,TUR,blank,False,28365.0,tea,8.361109,26.84417725,9798.12469625,0.0,0.0,0.0
1097,1097,New Caledonia,none,none,blank,False,6000.0,coffee,0.0,0.0,0.0,0.0,0.0,0.0
1098,1098,Erivan,RUS,RUS,blank,False,30690.0,iron,2.25414,11.928344730000001,4353.8458264500005,1.329376,1.767578,0.4382020000000002
1099,1099,Gyumri,RUS,RUS,blank,False,15949.0,wool,3.572635,2.46511841,899.76821965,3.460815,3.878357,0.41754199999999964
1100,1100,Kapan,RUS,RUS,blank,False,12313.0,iron,0.978939,5.18029785,1890.80871525,0.884308,1.077423,0.19311500000000004
1101,1101,Nakhichevan,RUS,RUS,blank,False,16458.0,iron,1.299227,6.87518311,2509.44183515,3.155426,4.790039,1.6346130000000003
1102,1102,Baku,RUS,RUS,blank,False,29599.0,grain,2.16155,4.75543213,1735.73272745,7.00885,10.185425,3.1765750000000006
1103,1103,Siyazen,RUS,RUS,blank,False,20624.0,fruit,3.341814,5.98178101,2183.3500686499997,4.337067,6.87265,2.535583
1104,1104,Sheki,RUS,RUS,blank,False,7767.0,grain,0.653309,1.43728638,524.6095286999999,1.563041,2.013794,0.45075299999999996
1105,1105,Ganja,RUS,RUS,blank,False,19370.0,wool,3.791124,2.61587524,954.7944626,5.913391,8.082031,2.168640000000001
1106,1106,Agdam,RUS,RUS,blank,False,16903.0,wool,3.486965,2.40600586,878.1921389,2.725403,3.801483,1.0760800000000001
1107,1107,Lankaran,RUS,RUS,blank,False,21296.0,grain,1.830048,4.02612305,1469.53491325,1.379944,1.659119,0.27917499999999995
1108,1108,Tabriz,PER,PER,blank,False,254788.0,coal,35.721133,94.67279053,34555.56854345,135.043365,204.251709,69.20834400000001
1109,1109,Khvoy,PER,PER,blank,False,47723.0,cotton,5.632541,12.22357178,4461.6036997,6.00589,8.649689,2.6437990000000005
1110,1110,Urumia,PER,PER,blank,False,33451.0,wool,6.823377,4.70812988,1718.4674062000001,5.32074,9.158569,3.837829
1111,1111,Mahabad,PER,PER,blank,False,36595.0,wool,8.047706,5.55291748,2026.8148801999998,7.009308,7.992584,0.983276
1112,1112,Ardabil,PER,PER,blank,False,83575.0,timber,39.979156,38.38198853,14009.42581345,6.654511,7.735809,1.0812979999999994
1113,1113,Rasht,PER,PER,blank,False,54596.0,timber,17.594597,16.89169312,6165.4679888,10.769012,16.91095,6.141938
1114,1114,Noshehr,PER,PER,blank,False,30409.0,timber,12.717125,12.209075930000001,4456.31271445,0.250397,0.262634,0.012236999999999998
1115,1115,Sari,PER,PER,blank,False,12178.0,wool,2.578249,1.7789917,649.3319705,1.335327,2.184814,0.8494869999999999
1116,1116,Gorgan,PER,PER,blank,False,32357.0,wool,5.937969,4.097198489999999,1495.4774488499997,6.401398,10.064758,3.663359999999999
1117,1117,Kermanshah,PER,PER,blank,False,53435.0,wool,8.854874,6.10986328,2230.1000972,53.507446,64.728729,11.221283
1118,1118,Sanandaj,PER,PER,blank,False,21558.0,wool,4.271134,2.94708252,1075.6851198,2.008118,3.421051,1.4129329999999998
1119,1119,Ilam,PER,PER,blank,False,26420.0,cotton,3.531549,7.6640625,2797.3828125,1.446838,2.07666,0.6298219999999999
1120,1120,Khoramabad,PER,PER,blank,False,21151.0,cotton,2.550563,5.53515625,2020.33203125,0.234375,0.243958,0.009583000000000008
1121,1121,Tehran,PER,PER,blank,False,115538.0,cotton,7.316656,15.87838745,5795.61141925,169.467666,207.079346,37.61167999999998
1122,1122,Hamadan,PER,PER,blank,False,35901.0,fruit,2.884421,5.16305542,1884.5152283,48.44281,53.05365,4.610839999999996
1123,1123,Zanjan,PER,PER,blank,False,15967.0,cattle,0.928638,1.83868408,671.1196891999999,6.231354,7.097839,0.866485
1124,1124,Qazvin,PER,PER,blank,False,40460.0,timber,17.15949,16.47396851,6012.998506149999,25.447021,43.8302,18.383179
1125,1125,Qom,PER,PER,blank,False,54681.0,grain,3.430701,7.5475769,2754.8655685,15.830963,26.091644,10.260680999999998
1126,1126,Semnan,PER,PER,blank,False,14041.0,coal,2.367098,6.27359009,2289.86038285,0.0,0.0,0.0
1127,1127,Isfahan,PER,PER,blank,False,116697.0,cotton,9.26233,20.10083008,7336.802979200001,29.59845,44.358307,14.759857000000004
1128,1128,Arak,PER,PER,blank,False,20294.0,iron,1.56136,8.2623291,3015.7501215,0.120575,0.123535,0.0029600000000000043
1129,1129,Kashan,PER,PER,blank,False,27744.0,wool,5.964064,4.115203859999999,1502.0494088999997,0.0,0.0,0.0
1130,1130,Yazd,PER,PER,blank,False,41412.0,iron,2.336251,12.362853999999999,4512.441709999999,26.653687,39.081299,12.427612
1131,1131,Ahvaz,PER,PER,blank,False,17194.0,grain,1.316925,2.89724731,1057.49526815,0.0,0.0,0.0
1132,1132,Abadan,PER,PER,blank,False,14855.0,fish,1.501091,2.2666626,827.331849,0.0,0.0,0.0
1133,1133,Dezful,PER,PER,blank,False,11194.0,cotton,1.332515,2.89178467,1055.50140455,0.0,0.0,0.0
1134,1134,Dehkord,PER,PER,blank,False,11304.0,cotton,1.193495,2.59008789,945.38207985,0.0,0.0,0.0
1135,1135,Shiraz,PER,PER,blank,False,52555.0,opium,1.59486,5.13549805,1874.45678825,31.261383,53.876068,22.614684999999998
1136,1136,Bushire,PER,PER,blank,False,31727.0,fish,3.120291,4.71166992,1719.7595208,2.685059,3.293518,0.6084590000000003
1137,1137,Yasuj,PER,PER,blank,False,43911.0,fruit,4.639968,8.305450440000001,3031.4894106000006,4.45575,6.727905,2.2721549999999997
1138,1138,Kangan,PER,PER,blank,False,22192.0,fish,1.830093,2.7634582500000002,1008.66226125,0.0,0.0,0.0
1139,1139,Sirjan,PER,PER,blank,False,6241.0,iron,0.487232,2.57830811,941.08246015,0.0,0.0,0.0
1140,1140,Kerman,PER,PER,blank,False,25281.0,cotton,3.049241,6.61737061,2415.34027265,2.480804,4.694458,2.213654
1141,1141,Lengeh,PER,PER,blank,False,28226.0,fish,2.134175,3.2226257300000003,1176.25839145,1.354279,2.048889,0.69461
1142,1142,Bandar Abbas,PER,PER,blank,False,29695.0,fruit,3.762774,6.73529053,2458.38104345,0.806458,0.895294,0.08883600000000003
1143,1143,Bam,PER,PER,blank,False,23927.0,cotton,2.468833,5.35778809,1955.59265285,0.0,0.0,0.0
1144,1144,Zahedan,PER,PER,blank,False,18169.0,grain,1.08674,2.39083862,872.6560963,1.037567,1.495148,0.457581
1145,1145,Jask,PER,PER,blank,False,29335.0,fruit,3.762774,6.73529053,2458.38104345,1.269409,2.009155,0.7397459999999998
1146,1146,Chabahar,PER,PER,blank,False,30228.0,fish,2.48749,3.75613403,1370.98892095,1.481964,2.221069,0.7391049999999999
1147,1147,Mashhad,PER,PER,blank,False,98602.0,coal,14.890183,39.46389771,14404.322664149999,48.023102,79.118683,31.095581000000003
1148,1148,Birjand,PER,PER,blank,False,28553.0,cotton,1.978228,4.293090820000001,1566.9781493000003,0.651886,0.726196,0.07430999999999999
1149,1149,Sabzevar,PER,PER,blank,False,21659.0,coal,3.692363,9.785980219999999,3571.8827802999995,1.248444,2.372559,1.1241149999999998
1150,1150,Bojnurd,PER,PER,blank,False,17108.0,coal,2.888665,7.65591431,2794.40872315,0.0,0.0,0.0
1151,1151,Mecca,HDJ,HDJ,blank,False,35276.0,grain,0.338993,0.7457885700000001,272.21282805000004,0.0,0.0,0.0
1152,1152,Jidda,HDJ,HDJ,blank,False,40243.0,grain,0.742101,1.63262939,595.90972735,0.0,0.0,0.0
1153,1153,Medina,HDJ,HDJ,blank,False,21207.0,grain,0.444875,0.97872925,357.23617624999997,0.0,0.0,0.0
1154,1154,Tabuk,HDJ,HDJ,blank,False,1992.0,wool,0.074702,0.051544190000000004,18.813629350000003,0.0,0.0,0.0
1155,1155,Abha,HDJ,HDJ,blank,False,16608.0,wool,1.293326,0.89239502,325.7241823,0.0,0.0,0.0
1156,1156,Kaf,TUR,TUR,blank,False,16797.0,wool,4.889535,3.3737793000000003,1231.4294445,0.367035,0.37735,0.010315000000000019
1157,1157,Riyadh,TUR,TUR,blank,True,28471.0,wool,8.966241,6.18670654,2258.1478871,4.151703,6.192993,2.04129
1158,1158,Rafha,TUR,TUR,blank,False,5465.0,wool,2.774756,1.9145813,698.8221745,0.394043,0.503021,0.10897800000000007
1159,1159,Halaban,TUR,TUR,blank,True,7788.0,wool,3.689044,2.54544067,929.08584455,0.0,0.0,0.0
1160,1160,Hail,TUR,TUR,blank,False,3749.0,wool,1.727206,1.19177246,434.99694789999995,0.850464,1.593842,0.743378
1161,1161,Sharurah,TUR,TUR,blank,True,7605.0,wool,3.492272,2.40966797,879.5288090500001,0.069153,0.042786,-0.02636700000000001
1162,1162,Bahrain,TUR,TUR,blank,True,14774.0,grain,1.252574,2.75567627,1005.8218385499999,0.670929,0.79776,0.12683100000000003
1163,1163,Qatif,TUR,TUR,blank,False,25588.0,grain,3.693775,8.12634277,2966.1151110500005,1.994843,2.992584,0.997741
1164,1164,Hufuf,TUR,TUR,blank,True,28717.0,grain,3.497798,7.695190429999999,2808.74450695,3.184509,4.017273,0.8327640000000005
1165,1165,Doha,TUR,TUR,blank,True,5152.0,grain,0.587918,1.29342651,472.10067614999997,0.0,0.0,0.0
1166,1166,Muscat,OMA,OMA,blank,False,8226.0,opium,0.0787,0.25341797,92.49755904999999,0.0,0.0,0.0
1167,1167,Abu Dhabi,TUR,TUR,blank,True,10298.0,grain,1.23124,2.70874023,988.69018395,0.0,0.0,0.0
1168,1168,Dubai,TUR,TUR,blank,True,10183.0,grain,1.07789,2.37136841,865.54946965,0.0,0.0,0.0
1169,1169,Sohar,OMA,OMA,blank,False,3725.0,grain,0.084256,0.18536376999999998,67.65777605,0.0,0.0,0.0
1170,1170,Nizwa,OMA,OMA,blank,False,5396.0,opium,0.053576,0.17251587000000002,62.96829255000001,0.0,0.0,0.0
1171,1171,Sur,OMA,OMA,blank,False,6020.0,fruit,0.205476,0.36779785,134.24621525,0.0,0.0,0.0
1172,1172,Duqm,OMA,OMA,blank,False,5028.0,fish,0.217785,0.32885742,120.0329583,0.0,0.0,0.0
1173,1173,Mukalla,TUR,TUR,blank,True,24781.0,opium,0.906022,2.91741943,1064.85809195,0.0,0.0,0.0
1174,1174,Salalah,OMA,OMA,blank,False,4296.0,opium,0.058447,0.1882019,68.6936935,0.0,0.0,0.0
1175,1175,Ghayda,TUR,TUR,blank,True,6523.0,opium,0.510662,1.64434814,600.1870711,0.0,0.0,0.0
1176,1176,Bayda,TUR,TUR,blank,True,20464.0,fish,7.019684,10.59979248,3868.9242552,0.0,0.0,0.0
1177,1177,Socotra,TUR,TUR,blank,True,6986.0,fish,2.29426,3.46435547,1264.48974655,0.0,0.0,0.0
1178,1178,Sana,TUR,TUR,blank,True,32472.0,grain,5.142369,11.313262940000001,4129.3409731,4.744049,5.828461,1.0844119999999995
1179,1179,Hodeida,TUR,TUR,blank,True,13506.0,grain,1.895854,4.17089844,1522.3779306000001,0.0,0.0,0.0
1180,1180,Taizz,TUR,TUR,blank,True,13136.0,grain,1.742532,3.83358765,1399.25949225,0.0,0.0,0.0
1181,1181,Qaraganda,RUS,RUS,blank,True,16854.0,coal,2.096435,5.5562439,2028.0290235,2.341339,3.612793,1.2714539999999999
1182,1182,Guryev,RUS,RUS,blank,False,6278.0,wool,1.203719,0.83056641,303.15673965,2.169159,3.06308,0.8939209999999997
1183,1183,Aqtobe,RUS,RUS,blank,False,5743.0,wool,1.430744,0.98721313,360.33279245,0.351562,0.414764,0.06320200000000004
1184,1184,Kokshetau,RUS,RUS,blank,False,28959.0,iron,3.92298,20.75942993,7577.1919244499995,4.049866,6.277618,2.2277520000000006
1185,1185,Yasi,RUS,RUS,blank,False,20987.0,wool,4.245172,2.9291687,1069.1465755,3.2052,5.027496,1.8222960000000001
1186,1186,Alma Ata,RUS,RUS,blank,False,23785.0,grain,2.363062,5.198760989999999,1897.5477613499997,2.08017,2.611328,0.531158
1187,1187,Semipalatinsk,RUS,RUS,blank,False,30441.0,timber,15.354628,14.74121094,5380.5419931,5.364136,8.48468,3.1205440000000007
1188,1188,Qaratal,RUS,RUS,blank,True,31916.0,fish,5.613621,8.47662354,3093.9675921000003,6.853302,8.39093,1.5376280000000007
1189,1189,Bishkek,RUS,RUS,blank,True,42526.0,wool,9.081545,6.26626587,2287.18704255,1.042376,1.96402,0.9216440000000001
1190,1190,Naryn,RUS,RUS,blank,True,20877.0,grain,1.426982,3.13937378,1145.8714297000001,0.310547,0.366547,0.055999999999999994
1191,1191,Khiva,KHI,KHI,blank,False,28883.0,wool,1.866791,1.28808594,470.1513681,0.0,0.0,0.0
1192,1192,Nukus,KHI,KHI,blank,False,49556.0,opium,0.715716,2.30462646,841.1886579000001,1.358337,2.045837,0.6875000000000002
1193,1193,Kyzylorda,RUS,RUS,blank,False,30534.0,coal,3.996061,10.59088135,3865.67169275,2.144531,3.097107,0.9525759999999996
1194,1194,Aqtau,RUS,RUS,blank,True,9463.0,opium,0.412628,1.3286743200000002,484.96612680000004,2.109467,2.536896,0.42742900000000006
1195,1195,Tashkent,RUS,RUS,blank,True,14002.0,grain,1.355377,2.98184204,1088.3723446000001,0.0,0.0,0.0
1196,1196,Dashhowuz,KHI,KHI,blank,False,45470.0,wool,3.007529,2.0751953100000002,757.4462881500001,1.820648,2.602539,0.7818910000000001
1197,1197,Shymkent,BUK,BUK,blank,False,71937.0,grain,1.637566,3.60266113,1314.97131245,1.093292,1.682007,0.5887150000000001
1198,1198,Bukhara,BUK,BUK,blank,False,141341.0,wool,11.21322,7.73712158,2824.0493767000003,2.669237,3.197083,0.5278460000000003
1199,1199,Samarkand,BUK,BUK,blank,False,113731.0,grain,2.314373,5.0916442900000005,1858.45016585,14.056305,23.232452,9.176146999999998
1200,1200,Qarshi,BUK,BUK,blank,False,44754.0,wool,3.737828,2.5791015600000002,941.3720694000001,0.0,0.0,0.0
1201,1201,Khojand,RUS,RUS,blank,True,49983.0,grain,4.765284,10.4836731,3826.5406815,4.950592,5.546967,0.5963750000000001
1202,1202,Kokand,RUS,RUS,blank,True,71679.0,grain,6.611617,14.54562378,5309.1526797,3.496124,4.71347,1.217346
1203,1203,Osh,RUS,RUS,blank,True,26698.0,grain,2.16155,4.75543213,1735.73272745,0.757355,0.933868,0.17651300000000003
1204,1204,Ashkhabad,RUS,RUS,blank,True,41460.0,opium,1.544763,4.97418213,1815.57647745,6.316803,7.650116,1.3333129999999995
1205,1205,Kyzyl Arvat,RUS,RUS,blank,True,27003.0,grain,2.564602,5.64215088,2059.3850712,9.134644,10.943573,1.808929000000001
1206,1206,Merv,KHI,KHI,blank,False,45802.0,cotton,2.022454,4.3890686,1602.010039,0.0,0.0,0.0
1207,1207,Kulob,BUK,BUK,blank,False,37534.0,grain,0.67782,1.49121094,544.2919931,2.846619,3.085449,0.2388300000000001
1208,1208,Khorug,RUS,RUS,blank,True,32402.0,cattle,2.054224,4.06732178,1484.5724497,2.057556,3.508392,1.4508360000000002
1209,1209,Kabul,AFG,AFG,blank,False,305184.0,timber,44.568284,42.787780760000004,15617.539977400002,19.569916,22.336761,2.766845
1210,1210,Faizabad,AFG,AFG,blank,False,33032.0,wool,0.172181,0.11880493,43.36379945,15.596283,20.295502,4.699218999999999
1211,1211,Balkh,BUK,BUK,blank,False,142028.0,grain,3.499629,7.69921875,2810.21484375,0.580292,0.834747,0.254455
1212,1212,Herat,BUK,BUK,blank,False,110722.0,fruit,3.620806,6.48117065,2365.62728725,9.877945,12.099579,2.221634
1213,1213,Bamyan,BUK,BUK,blank,False,96690.0,grain,1.74962,3.84918213,1404.95147745,0.566772,0.730652,0.16387999999999991
1214,1214,Farrah,BUK,BUK,blank,False,119707.0,cotton,3.266784,7.08947754,2587.6593021,2.211334,2.795563,0.5842290000000001
1215,1215,Kandahar,BUK,BUK,blank,False,67612.0,wool,4.479892,3.09112549,1128.26080385,0.0,0.0,0.0
1216,1216,Jalalabad,AFG,AFG,blank,False,38670.0,grain,0.98305,2.1627197299999996,789.3927014499999,0.0,0.0,0.0
1217,1217,Ghazni,AFG,AFG,blank,False,89550.0,wool,6.889012,4.75341797,1734.99755905,1.29892,1.67334,0.37442
1218,1218,Peshawar,PAN,PAN,blank,False,156826.0,grain,2.640452,5.8090209999999995,2120.292665,47.361908,78.314758,30.952849999999998
1219,1219,Quetta,KAL,KAL,blank,False,23881.0,wool,1.86573,1.28735352,469.8840348,0.0,0.0,0.0
1220,1220,Dalbandin,KAL,KAL,blank,False,18191.0,wool,1.217253,0.8399047900000001,306.56524835000005,0.0,0.0,0.0
1221,1221,Kalat,KAL,KAL,blank,False,23493.0,wool,1.055068,0.72799683,265.71884295,0.0,0.0,0.0
1222,1222,Bela,MAK,MAK,blank,False,24243.0,tea,0.739252,2.3734436,866.306914,0.0,0.0,0.0
1223,1223,Chitral,PAN,PAN,blank,False,54709.0,grain,1.006867,2.21511841,808.51821965,6.499451,10.611908,4.112457
1224,1224,Srinagar,PAN,PAN,blank,False,220106.0,silk,0.864058,10.89797974,3977.7626051,93.891235,141.901184,48.009949000000006
1225,1225,Gilgit,PAN,PAN,blank,False,82029.0,tea,2.593481,8.326629639999998,3039.2198185999996,7.091644,11.274597,4.182953
1226,1226,Leh,PAN,PAN,blank,False,36882.0,wool,2.223537,1.5342407200000001,559.9978628,3.962067,5.984375,2.022308
1227,1227,Lahore,PAN,PAN,blank,False,748898.0,cotton,32.311056,70.1204834,25593.976441,125.284576,206.005798,80.721222
1228,1228,Multan,PAN,PAN,blank,False,164002.0,tea,4.992703,16.02957153,5850.79360845,32.041321,48.866272,16.824951
1229,1229,Sialkot,PAN,PAN,blank,False,127830.0,cotton,4.700211,10.20025635,3723.09356775,12.448517,20.208862,7.760344999999999
1230,1230,Attock,PAN,PAN,blank,False,56594.0,wool,2.461221,1.69824219,619.85839935,8.819305,15.257538,6.438233
1231,1231,Bahawalpur,PAN,PAN,blank,False,119763.0,tea,4.993397,16.03179932,5851.6067518,13.09494,18.771912,5.676972000000001
1232,1232,Shahpur,PAN,PAN,blank,False,274686.0,tea,8.398807,26.96520996,9842.3016354,59.145935,96.154449,37.008514
1233,1233,Amritsar,PAN,PAN,blank,False,601682.0,fruit,20.950841,37.50158691,13688.07922215,158.001892,257.280151,99.27825899999999
1234,1234,Firozpur,PAN,PAN,blank,False,137629.0,wool,10.249572,7.07220459,2581.35467535,24.205048,35.628082,11.423033999999998
1235,1235,Simla,ENG,ENG,blank,False,191167.0,tea,21.108952,67.77239990000001,24736.925963500005,21.348663,25.963287,4.614624000000003
1236,1236,Delhi,ENG,ENG,blank,True,615997.0,tea,73.479325,235.91271973000002,86108.14270145001,114.149017,163.431793,49.282776
1237,1237,Panipat,ENG,ENG,blank,True,375217.0,cotton,70.98831,154.05670166,56230.696105899995,56.00119,94.381104,38.37991399999999
1238,1238,Dehra Dun,ENG,ENG,blank,True,320340.0,tea,37.292526,119.73138428,43701.9552622,49.327789,74.296997,24.969208000000002
1239,1239,Meerut,ENG,ENG,blank,True,533227.0,grain,70.823306,155.81198120000002,56871.37313800001,57.829895,70.376404,12.546508999999993
1240,1240,Agra,ENG,ENG,blank,True,1413578.0,grain,162.050794,356.5133667,130127.3788455,147.24707,223.623993,76.376923
1241,1241,Cawnpore,ENG,ENG,blank,True,1256127.0,dye,15.579205,186.17071533,67952.31109545,88.227997,126.712891,38.484894
1242,1242,Lucknow,AWA,AWA,blank,False,765038.0,timber,104.290966,100.12454224,36545.4579176,88.687469,135.149689,46.46222
1243,1243,Allahabad,ENG,ENG,blank,True,1013679.0,grain,146.48579,322.27020264,117628.6239636,102.365265,170.7229,68.35763500000002
1244,1244,Fyzabad,AWA,AWA,blank,False,457015.0,timber,84.779584,81.39263916,29708.313293400002,64.501343,91.141174,26.639831
1245,1245,Benares,ENG,ENG,blank,True,842247.0,fruit,187.677905,335.93969727,122617.98950355001,107.530853,159.329681,51.798828
1246,1246,Gorakhpur,ENG,ENG,blank,True,830000.0,fruit,186.521447,333.86965942,121862.4256883,81.201172,123.548645,42.347472999999994
1247,1247,Patna,TUR,TUR,blank,True,871129.0,opium,75.726968,243.84310913,89002.73483244999,206.276916,261.191223,54.91430699999998
1248,1248,Gaya,TUR,TUR,blank,True,819891.0,opium,77.035013,248.05505371,90540.09460415,118.664795,196.102997,77.43820199999999
1249,1249,Kharswari,TUR,TUR,blank,True,782714.0,grain,16.931048,37.24847412,13595.6930538,126.101776,240.04068,113.93890400000001
1250,1250,Bhagalpur,TUR,TUR,blank,True,509263.0,opium,48.004821,154.57696533,56420.59234545,18.895142,21.176483,2.281341000000001
1251,1251,Calcutta,TUR,TUR,blank,True,1704182.0,dye,31.164663,372.41616820999997,135931.90139664998,133.156738,149.308807,16.15206900000001
1252,1252,Darjeeling,TUR,TUR,blank,True,886657.0,wool,354.50926,244.61138916,89283.1570434,51.427612,63.261597,11.833984999999998
1253,1253,Bardwan,TUR,TUR,blank,True,1191196.0,silk,35.697382,450.23501587,164335.78079254998,288.559387,566.833557,278.27417
1254,1254,Dacca,TUR,TUR,blank,True,1411642.0,dye,23.686513,283.05264282,103314.21462930001,109.203186,140.495209,31.292022999999986
1255,1255,Rajshahi,TUR,TUR,blank,True,590581.0,grain,85.051382,187.11389160000002,68296.57043400001,85.386719,132.571808,47.185089000000005
1256,1256,Jessore,TUR,TUR,blank,True,793973.0,dye,16.138542,192.85476685,70391.98990025,120.162323,217.333221,97.17089800000001
1257,1257,Chittagong,TUR,TUR,blank,True,1970587.0,dye,32.00458,382.453125,139595.390625,252.93866,377.439087,124.50042699999997
1258,1258,Gauhati,TUR,TUR,blank,True,298482.0,tea,64.032829,205.58380127,75038.08746355001,47.986816,69.809631,21.822815
1259,1259,Imphal,TUR,TUR,blank,True,162321.0,tea,41.390813,132.88934326,48504.6102899,3.076019,3.76712,0.6911009999999997
1260,1260,Dibrugarh,TUR,TUR,blank,True,102860.0,tea,23.09364,74.1444397,27062.720490500004,1.953918,2.380402,0.4264840000000001
1261,1261,Cuttack,TUR,TUR,blank,True,320367.0,grain,57.33285,126.13284302,46038.4877023,59.932678,86.983246,27.05056799999999
1262,1262,Keunjahr,ORI,ORI,blank,False,104709.0,grain,1.719838,3.78366089,1381.03622485,15.339233,29.503662,14.164428999999998
1263,1263,Sambalpur,ORI,ORI,blank,False,45176.0,grain,1.0541,2.31903076,846.4462274,3.060699,4.643402,1.582703
1264,1264,Ajmer,TUR,TUR,blank,True,73605.0,cotton,11.332567,24.593597409999997,8976.663054649998,30.209564,49.583771,19.374207
1265,1265,Jaisalmer,JAS,JAS,blank,False,95321.0,wool,5.302097,3.65844727,1335.3332535499999,5.772675,8.740082,2.9674069999999997
1266,1266,Jodhpur,TUR,TUR,blank,True,163767.0,tea,31.885071,102.37020874,37365.126190099996,44.268127,52.407074,8.138947000000002
1267,1267,Bikaner,BIK,BIK,blank,False,249204.0,wool,12.957277,8.94052124,3263.2902526000003,52.429047,90.726654,38.297607
1268,1268,Jaipur,JAI,JAI,blank,False,355646.0,timber,55.675277,53.4510498,19509.633177,112.955811,172.731812,59.776000999999994
1269,1269,Udaipur,MEW,MEW,blank,False,287444.0,cotton,9.740209,21.137908940000003,7715.336763100001,15.9104,18.118927,2.208527
1270,1270,Gwalior,TUR,TUR,blank,True,392691.0,dye,6.759475,80.77539062999999,29483.017579949996,48.930725,69.091949,20.161223999999997
1271,1271,Indore,IND,IND,blank,False,232869.0,cotton,9.732123,21.12036133,7708.931885450001,30.443939,54.829987,24.386048000000002
1272,1272,Bhopal,TUR,TUR,blank,True,263355.0,dye,3.435009,41.04818726,14982.5883499,49.984619,58.457367,8.472747999999996
1273,1273,Chhatarpur,BUN,BUN,blank,False,120151.0,dye,0.493358,5.89559937,2151.89377005,30.800171,53.929108,23.128937
1274,1274,Rewa,BUN,BUN,blank,False,178074.0,tea,6.986497,22.43084717,8187.25921705,51.495239,65.473541,13.978302
1275,1275,Jubbulpore,TUR,TUR,blank,True,1059676.0,dye,11.896588,142.16363525,51889.72686625,119.376984,174.447754,55.07077000000001
1276,1276,Hoshangabad,TUR,TUR,blank,True,198676.0,dye,4.053058,48.43383789,17678.35082985,22.80423,34.849457,12.045227
1277,1277,Nagpur,NAG,NAG,blank,False,378896.0,dye,1.437195,17.17440796,6268.6589054,40.486572,59.248901,18.762328999999994
1278,1278,Amarati,ENG,ENG,blank,True,431751.0,tea,67.967103,218.21517944,79648.5404956,50.057434,74.163818,24.106384000000006
1279,1279,Jagdalpur,BAS,BAS,blank,False,108759.0,grain,2.106758,4.6348877,1691.7340105,3.454803,5.031494,1.5766910000000003
1280,1280,Raipur,NAG,NAG,blank,False,166743.0,dye,0.656432,7.8443298299999995,2863.18038795,25.975922,39.672333,13.696411000000001
1281,1281,Bilaspur,NAG,NAG,blank,False,132957.0,grain,2.43249,5.351501460000001,1953.2980329000002,26.229889,43.287415,17.057526000000003
1282,1282,Raigarh,BUN,BUN,blank,True,145126.0,grain,3.237623,7.12280273,2599.82299645,24.056427,35.189819,11.133392
1283,1283,Hyderabad,ENG,ENG,blank,True,380012.0,cotton,49.904706,108.30169678,39530.1193247,110.510284,163.888184,53.3779
1284,1284,Aurangabad,ENG,ENG,blank,True,415016.0,cotton,77.544013,168.28369141,61423.547364649996,90.805145,145.475372,54.670227
1285,1285,Nizamabad,ENG,ENG,blank,True,350998.0,cotton,60.016132,130.24520874,47539.5011901,64.01825,105.421692,41.403442
1286,1286,Gulbarga,ENG,ENG,blank,True,262356.0,cotton,49.142178,106.6468811,38926.1116015,36.67804,56.554413,19.876372999999994
1287,1287,Warangal,ENG,ENG,blank,True,521517.0,cotton,97.152735,210.83795166,76955.8523559,65.411438,96.894501,31.483063
1288,1288,Karachi,SIN,SIN,blank,False,211833.0,fruit,8.125763,14.54495239,5308.907622350001,0.0,0.0,0.0
1289,1289,Sukkur,SIN,SIN,blank,False,58486.0,grain,1.620296,3.5646667499999998,1301.10336375,0.0,0.0,0.0
1290,1290,Umarkot,SIN,SIN,blank,False,115506.0,tea,4.799832,15.41033936,5624.7738664,0.0,0.0,0.0
1291,1291,Ahmedabad,ENG,ENG,blank,True,349995.0,tobacco,55.705537,64.62176514000001,23586.944276100003,116.877594,186.035919,69.158325
1292,1292,Rajkot,BER,BER,blank,False,357590.0,cotton,16.67565,36.18899536,13208.9833064,95.380157,158.074524,62.694367
1293,1293,Mandvi,KUT,KUT,blank,False,50780.0,cotton,2.038625,4.4241638199999995,1614.8197942999998,2.796875,4.187897,1.3910220000000004
1294,1294,Patan,BER,BER,blank,False,467904.0,cotton,14.888655,32.31091309,11793.48327785,41.20578,64.635437,23.429657
1295,1295,Baroda,BER,BER,blank,False,277957.0,cotton,9.682075,21.01174927,7669.28848355,35.653748,60.850677,25.196928999999997
1296,1296,Surat,ENG,ENG,blank,True,357510.0,grain,42.433112,93.35327147999999,34073.9440902,95.291595,140.427338,45.13574299999999
1297,1297,Bombay,TUR,TUR,blank,True,952802.0,grain,149.520541,328.94668579,120065.54031335001,247.85672,383.271271,135.41455100000002
1298,1298,Nasik,TUR,TUR,blank,True,269244.0,grain,39.681813,87.30038452000001,31864.640349800004,15.461334,25.252838,9.791504
1299,1299,Poona,TUR,TUR,blank,True,399255.0,grain,59.522754,130.95065308,47796.988374199995,40.065155,58.330994,18.265839
1300,1300,Bijapur,TUR,TUR,blank,True,354534.0,fruit,118.288512,211.73406982,77282.9354843,52.536133,70.20047,17.664336999999996
1301,1301,Kolhapur,TUR,TUR,blank,True,296316.0,tea,75.339294,241.88433838,88287.7835087,41.91568,59.845032,17.929352
1302,1302,Belgaum,TUR,TUR,blank,True,419932.0,fruit,29.525865,52.850708010000005,19290.50842365,22.203583,33.470276,11.266693
1303,1303,Goa,HND,HND,blank,False,55565.0,fruit,2.318919,4.15081787,1515.04852255,3.496185,5.399536,1.9033510000000002
1304,1304,Madras,TUR,TUR,blank,True,1570669.0,grain,256.854052,565.08148193,206254.74090445,192.214417,229.101501,36.887084000000016
1305,1305,Vizagapatnam,TUR,TUR,blank,True,435637.0,tobacco,123.082523,142.78311157000002,52115.835723050004,53.810547,73.506897,19.696349999999995
1306,1306,Masulipatnam,TUR,TUR,blank,True,542469.0,grain,94.104866,207.03164673,75566.55105645,30.701965,34.182678,3.4807130000000015
1307,1307,Nellore,TUR,TUR,blank,True,333920.0,grain,56.003621,123.20852661,44971.112212650005,47.772095,70.390625,22.61853
1308,1308,Kurnool,TUR,TUR,blank,True,219968.0,tea,58.456161,187.67935181,68502.96341065,34.044067,48.493774,14.449707000000004
1309,1309,Tanjore,TUR,TUR,blank,True,483608.0,dye,10.019415,119.73150634999999,43701.999817749995,76.049561,121.462006,45.412445000000005
1310,1310,Madurai,TUR,TUR,blank,True,569176.0,dye,11.075126,132.34719849,48306.727448850004,88.33075,97.079773,8.749023000000008
1311,1311,Coimbatore,TUR,TUR,blank,True,426068.0,tea,112.458958,361.06072998,131787.16644270002,75.516174,130.741211,55.225036999999986
1312,1312,Pondicherry,FRA,FRA,blank,False,36893.0,grain,5.200338,11.4407959,4175.8905035,0.391785,0.603668,0.211883
1313,1313,Bangalore,MYS,MYS,blank,False,104257.0,wool,7.495825,5.1721191399999995,1887.8234860999999,92.007385,149.978729,57.97134399999999
1314,1314,Mysore,MYS,MYS,blank,False,193068.0,silk,0.918964,11.59048462,4230.5268863,25.218201,43.732941,18.514739999999996
1315,1315,Chitaldroog,MYS,MYS,blank,False,70242.0,tea,2.978615,9.56314087,3490.54641755,5.746613,8.75116,3.0045470000000005
1316,1316,Mangalore,TUR,TUR,blank,True,390955.0,fruit,18.602905,33.298828130000004,12154.072267450001,51.118683,84.457336,33.338653
1317,1317,Calicut,TUR,TUR,blank,True,470909.0,tea,117.466707,377.13861083999996,137655.59295659998,10.144836,16.066376,5.921540000000002
1318,1318,Cochin,TRA,TRA,blank,False,208845.0,grain,4.066074,8.945404049999999,3265.0724782499997,24.949829,47.507263,22.557434
1319,1319,Trivandrum,TRA,TRA,blank,False,100884.0,fruit,4.518971,8.08886719,2952.43652435,14.997925,23.652985,8.65506
1320,1320,Andaman Islands,TUR,TUR,blank,True,3625.0,grain,0.587918,1.29342651,472.10067614999997,0.439728,0.464447,0.02471899999999999
1321,1321,Colombo,TUR,TUR,blank,True,134235.0,fruit,39.231211,70.22308349999999,25631.425477499994,10.376678,11.589569,1.212890999999999
1322,1322,Jaffna,TUR,TUR,blank,True,90257.0,tea,23.582105,75.71270752,27635.138244799997,4.713776,5.945923,1.2321469999999994
1323,1323,Kandy,TUR,TUR,blank,True,96016.0,tea,24.267301,77.91259766,28438.0981459,16.114716,27.808136,11.69342
1324,1324,Trincomalee,TUR,TUR,blank,True,62940.0,tea,16.984868,54.53161621,19904.03991665,1.728088,2.953857,1.225769
1325,1325,Maldives,TUR,TUR,blank,True,7131.0,fish,2.557093,3.86123657,1409.35134805,0.0,0.0,0.0
1326,1326,Katmandu,NEP,NEP,blank,False,106642.0,tea,3.253317,10.44509888,3812.4610912,9.149323,13.930756,4.781433
1327,1327,Jumla,NEP,NEP,blank,False,117554.0,tea,2.809735,9.02093506,3292.6412969,7.810791,14.008392,6.197601000000001
1328,1328,Tumlong,SIK,SIK,blank,False,13130.0,wool,0.773112,0.53344727,194.70825355000002,0.0,0.0,0.0
1329,1329,Thimpu,BHU,BHU,blank,False,25979.0,wool,1.462721,1.00927734,368.3862291,0.0,0.0,0.0
1330,1330,Rangoon,BUR,BUR,blank,False,70723.0,grain,1.178473,2.59265137,946.31775005,18.082886,29.856842,11.773956000000002
1331,1331,Bassein,BUR,BUR,blank,False,27153.0,fish,0.912308,1.37759399,502.82180635000003,5.237274,9.765259,4.527985
1332,1332,Pegu,BUR,BUR,blank,False,111531.0,grain,2.748595,6.046936039999999,2207.1316546,37.194458,67.138763,29.944305
1333,1333,Toungoo,BUR,BUR,blank,False,75335.0,opium,1.192913,3.84121704,1402.0442196000001,8.471191,13.383667,4.912476000000002
1334,1334,Ava,BUR,BUR,blank,False,87231.0,tropical_wood,4.306461,26.27233887,9589.403687549999,19.690491,33.38974,13.699249000000002
1335,1335,Kyaukse,BUR,BUR,blank,False,129484.0,opium,2.076247,6.685577390000001,2440.23574735,14.591125,21.389954,6.798829
1336,1336,Magwe,BUR,BUR,blank,False,32297.0,tropical_wood,2.462719,15.024261469999999,5483.8554365499995,4.292694,6.485596,2.192902
1337,1337,Prome,BUR,BUR,blank,False,55263.0,grain,1.121918,2.4682312,900.904388,12.045563,20.478638,8.433075
1338,1338,Taunggyi,BUR,BUR,blank,False,109536.0,opium,1.375458,4.429016109999999,1616.5908801499997,17.083618,28.686829,11.603210999999998
1339,1339,Haka,BUR,BUR,blank,False,41681.0,tropical_wood,2.213738,13.50531006,4929.438171899999,10.80838,17.957611,7.149231
1340,1340,Lashio,BUR,BUR,blank,False,77376.0,tropical_wood,5.53094,33.742492680000005,12316.009828200002,11.26004,17.64679,6.386749999999999
1341,1341,Putao,BUR,BUR,blank,False,61959.0,timber,8.990519,8.63134766,3150.4418959,2.124878,3.193268,1.0683900000000004
1342,1342,Myitkyina,BUR,BUR,blank,False,87907.0,grain,1.682593,3.70172119,1351.1282343500002,11.410461,13.936951,2.526490000000001
1343,1343,Moulmein,ENG,ENG,blank,True,54483.0,grain,5.914432,13.011810299999999,4749.310759499999,12.547028,19.586578,7.03955
1344,1344,Mergui,ENG,ENG,blank,True,102216.0,fish,16.764488,25.314544679999997,9239.8088082,6.945618,8.323914,1.3782960000000006
1345,1345,Sittwe,ENG,ENG,blank,False,60156.0,grain,3.447444,7.58441162,2768.3102413,28.473236,38.549133,10.075896999999998
1346,1346,Bangkok,SIA,SIA,blank,False,248109.0,grain,3.45026,7.5906066899999995,2770.5714418499997,112.830353,176.850739,64.020386
1347,1347,Lopburi,SIA,SIA,blank,False,76987.0,opium,0.772467,2.4873657199999997,907.8884877999999,8.911957,13.034851,4.1228940000000005
1348,1348,Nakhon Sawan,BUR,BUR,blank,False,45960.0,opium,0.57037,1.83660889,670.36224485,8.269043,13.265564,4.9965209999999995
1349,1349,Sukhothai,BUR,BUR,blank,False,34117.0,opium,0.557339,1.79464722,655.0462353,2.692963,3.937683,1.2447199999999996
1350,1350,Nakhon Ratchasima,SIA,SIA,blank,False,37299.0,tea,0.0,0.0,0.0,4.529358,6.857758,2.3283999999999994
1351,1351,Prachinburi,SIA,SIA,blank,False,28821.0,grain,0.444944,0.97888184,357.2918716,2.930481,4.410431,1.47995
1352,1352,Phuket,SIA,SIA,blank,False,30653.0,timber,4.225733,4.05691528,1480.7740772,6.717957,10.47995,3.7619930000000004
1353,1353,Ratchaburi,SIA,SIA,blank,False,41074.0,iron,1.087064,5.75247192,2099.6522508,2.870697,3.238373,0.36767600000000034
1354,1354,Nakhon Si Thammarat,SIA,SIA,blank,False,47376.0,timber,6.812694,6.54052734,2387.2924791,9.405121,17.427185,8.022064000000002
1355,1355,Chiang Mai,BUR,BUR,blank,False,88444.0,opium,1.010397,3.25350952,1187.5309748,8.8302,11.56723,2.7370300000000007
1356,1356,Luang Prabang,LUA,LUA,blank,False,46327.0,tropical_wood,1.783749,10.88208008,3971.9592291999998,0.0,0.0,0.0
1357,1357,Vientiane,DAI,DAI,blank,False,19940.0,grain,0.357165,0.7857666000000001,286.80480900000003,0.0,0.0,0.0
1358,1358,Udon Thani,SIA,SIA,blank,False,139284.0,fruit,0.0,0.0,0.0,24.579498,42.87677,18.297272
1359,1359,Sisaket,SIA,SIA,blank,False,39124.0,tea,0.0,0.0,0.0,0.981812,1.28244,0.300628
1360,1360,Xiangabouli,DAI,DAI,blank,False,29026.0,tropical_wood,1.908357,11.64227295,4249.42962675,0.0,0.0,0.0
1361,1361,Savannakhet,DAI,DAI,blank,False,18577.0,grain,0.343335,0.75534058,275.6993117,0.0,0.0,0.0
1362,1362,Salavan,LUA,LUA,blank,False,29221.0,tobacco,1.103732,1.28039551,467.34436115,0.622284,0.987244,0.36496000000000006
1363,1363,Pakche,DAI,DAI,blank,False,14943.0,grain,0.0,0.0,0.0,0.0,0.0,0.0
1364,1364,Oudong,CAM,CAM,blank,False,88162.0,tropical_wood,0.0,0.0,0.0,0.0,0.0,0.0
1365,1365,Chanthaburi,SIA,SIA,blank,False,8640.0,grain,0.166986,0.36737061,134.09027265,0.750488,1.230499,0.48001099999999997
1366,1366,Battambang,SIA,SIA,blank,False,37590.0,grain,0.166986,0.36737061,134.09027265,2.775513,4.348297,1.5727839999999995
1367,1367,Kampot,CAM,CAM,blank,False,52972.0,tropical_wood,0.0,0.0,0.0,0.0,0.0,0.0
1368,1368,Stongtreng,CAM,CAM,blank,False,19991.0,grain,0.142475,0.31344604,114.40780459999999,0.0,0.0,0.0
1369,1369,Hanoi,DAI,DAI,blank,False,180079.0,grain,4.485661,9.86849976,3602.0024124,62.23938,91.771149,29.531768999999997
1370,1370,Hai Phong,DAI,DAI,blank,False,134001.0,grain,3.57165,7.85766602,2868.0480973,5.933411,9.096252,3.1628409999999993
1371,1371,Cao Bang,DAI,DAI,blank,False,72697.0,grain,1.269068,2.79196167,1019.06600955,0.0,0.0,0.0
1372,1372,Son La,DAI,DAI,blank,False,71173.0,tropical_wood,4.798149,29.27197266,10684.2700209,5.528876,5.598785,0.069909
1373,1373,Lang Son,DAI,DAI,blank,False,71562.0,grain,1.910128,4.202301029999999,1533.8398759499996,0.0,0.0,0.0
1374,1374,Thanh Hoa,DAI,DAI,blank,False,127048.0,grain,2.424555,5.33404541,1946.92657465,3.058319,3.272247,0.21392800000000012
1375,1375,Hue,DAI,DAI,blank,False,251959.0,grain,6.591989,14.50244141,5293.3911146499995,19.528564,29.935577,10.407013
1376,1376,Vinh,DAI,DAI,blank,False,119890.0,grain,1.906771,4.19491577,1531.14425605,2.933807,3.139191,0.205384
1377,1377,Tourane,DAI,DAI,blank,False,72200.0,tobacco,3.099163,3.59521484,1312.2534166,0.933929,0.999146,0.06521699999999997
1378,1378,Pleiku,DAI,DAI,blank,False,44032.0,tobacco,1.79442,2.08163452,759.7965998000001,1.936493,2.953369,1.016876
1379,1379,Qui Nhon,DAI,DAI,blank,False,35237.0,tobacco,1.90704,2.2122802700000004,807.4822985500001,0.0,0.0,0.0
1380,1380,Saigon,DAI,DAI,blank,False,199502.0,grain,5.317053,11.6975708,4269.613342,4.160034,6.205872,2.0458380000000007
1381,1381,Dong Quai,DAI,DAI,blank,False,65197.0,cotton,2.787583,6.04953003,2208.0784609499997,0.0,0.0,0.0
1382,1382,Hatien,DAI,DAI,blank,False,45187.0,tropical_wood,3.6368,22.186950680000002,8098.236998200001,0.0,0.0,0.0
1383,1383,Vinhlong,DAI,DAI,blank,False,36562.0,grain,0.832627,1.83178711,668.60229515,0.0,0.0,0.0
1384,1384,Singapore,ENG,ENG,blank,False,11089.0,tropical_wood,1.962637,11.973419190000001,4370.29800435,11.800934,19.001984,7.20105
1385,1385,Johor Bahru,TUR,TUR,blank,True,209679.0,tropical_wood,21.089883,128.66262817,46961.859282050005,47.621765,72.994324,25.372559000000003
1386,1386,Malacca,ENG,ENG,blank,False,12607.0,tropical_wood,3.805263,23.214691159999997,8473.362273399998,3.042603,4.47467,1.4320669999999995
1387,1387,Kuala Lumpur,TUR,TUR,blank,True,100407.0,precious_metal,44.130249,353.04199219000003,128860.32714935,33.390259,38.288513,4.898254000000001
1388,1388,Penang,ENG,ENG,blank,False,22976.0,timber,10.278039,9.867431640000001,3601.6125486000005,13.878754,20.337311,6.458556999999999
1389,1389,Alor Setar,SIA,SIA,blank,False,36422.0,timber,3.794504,3.6429138200000004,1329.6635443000002,5.958252,9.797791,3.8395390000000003
1390,1390,Kuantan,TUR,TUR,blank,True,81034.0,precious_metal,41.542953,332.34362793,121305.42419445001,0.0,0.0,0.0
1391,1391,Kota Bahru,SIA,SIA,blank,False,42995.0,tropical_wood,2.361042,14.40396118,5257.4458306999995,8.96814,13.283478,4.315338000000001
1392,1392,Pattani,SIA,SIA,blank,False,48204.0,tropical_wood,2.597827,15.84851074,5784.7064201,6.192261,9.935059,3.7427980000000005
1393,1393,Brunei,TUR,TUR,blank,True,112709.0,timber,46.814578,44.944335939999995,16404.6826181,0.0,0.0,0.0
1394,1394,Kuching,TUR,TUR,blank,True,114381.0,coffee,7.017981,16.07250977,5866.46606605,23.880035,34.65271,10.772675
1395,1395,Bintulu,TUR,TUR,blank,True,88944.0,timber,44.347392,42.57571411,15540.13565015,0.0,0.0,0.0
1396,1396,Api,TUR,TUR,blank,True,91110.0,grain,7.975525,17.546234130000002,6404.375457450001,7.014038,7.800568,0.78653
1397,1396,Sandakan,TUR,TUR,blank,True,10019.0,grain,0.0,0.0,0.0,1.174316,2.006165,0.8318490000000003
1398,1397,Jambi,NET,NET,blank,True,40679.0,grain,3.132629,6.89181519,2515.51254435,0.972382,1.267609,0.295227
1399,1397,Palembang,NET,NET,blank,True,127863.0,grain,15.116009,33.25537109,12138.210447849999,14.098877,24.505005,10.406128
1400,1398,Inderagiri,NET,NET,blank,True,22129.0,grain,2.406633,5.2946167,1932.5350955,0.844055,1.279541,0.43548600000000004
1401,1399,Siak,NET,NET,blank,True,36448.0,grain,4.275854,9.406921389999999,3433.5263073499996,3.166504,4.798981,1.6324770000000002
1402,1400,Tanjungpinang,NET,NET,blank,True,22954.0,timber,10.585933,10.1630249,3709.5040885,1.319,2.074127,0.7551269999999999
1403,1401,Lampung,NET,NET,blank,True,130036.0,timber,67.654774,64.95196533,23707.467345449997,18.622131,31.261963,12.639832000000002
1404,1402,Palak Pinang,NET,NET,blank,True,16336.0,timber,8.221897,7.89343262,2881.1029062999996,1.897095,3.122894,1.225799
1405,1403,Banda Aceh,ATJ,ATJ,blank,False,40009.0,grain,1.11999,2.46398926,899.3560798999999,0.0,0.0,0.0
1406,1404,Medan,ATJ,ATJ,blank,False,35397.0,tobacco,2.068406,2.3994751,875.8084115,0.951355,4.198151,3.2467960000000002
1407,1405,Tapaktuan,ATJ,ATJ,blank,False,34865.0,tea,1.076898,3.4574890099999998,1261.9834886499998,0.0,0.0,0.0
1408,1406,Padang,NET,NET,blank,True,57548.0,tobacco,5.412723,6.279083249999999,2291.8653862499996,6.304169,9.364563,3.0603940000000005
1409,1407,Sibolga,ATJ,ATJ,blank,False,119588.0,coffee,3.196031,7.31951904,2671.6244496,0.0,0.0,0.0
1410,1408,Bencoolen,NET,NET,blank,True,27357.0,tobacco,3.127364,3.6279296899999998,1324.19433685,1.504944,2.315094,0.8101500000000001
1411,1409,Gunungsitoli,NET,NET,blank,True,15411.0,fish,2.426172,3.6635437,1337.1934505,0.0,0.0,0.0
1412,1410,Aden,TUR,TUR,blank,True,10609.0,fish,2.661115,4.01831055,1466.68335075,0.0,0.0,0.0
1413,1411,Batavia,NET,NET,blank,True,577009.0,coffee,43.48602,99.59124756,36350.8053594,76.605072,99.192444,22.587371999999988
1414,1412,Bogor,NET,NET,blank,True,178837.0,coffee,14.676778,33.61260986,12268.602598899999,21.925781,37.86377,15.937989000000002
1415,1413,Cirebon,NET,NET,blank,True,222133.0,coffee,15.699112,35.95394897,13123.19137405,25.307709,33.940491,8.632782000000002
1416,1414,Yogyakarta,NET,NET,blank,True,138774.0,fruit,21.810662,39.04064941,14249.83703465,2.207489,2.649658,0.44216900000000026
1417,1415,Semarang,NET,NET,blank,True,267017.0,fruit,41.953751,75.09637450999999,27410.176696149996,21.294098,25.647125,4.353026999999997
1418,1416,Surabaya,NET,NET,blank,True,262110.0,sulphur,23.543962,166.7159729,60851.3301085,27.397827,38.839783,11.441955999999998
1419,1417,Surakarta,NET,NET,blank,True,85999.0,fruit,12.054629,21.57754517,7875.803987050001,10.04657,15.958313,5.911743000000001
1420,1418,Probolinggo,NET,NET,blank,True,169237.0,sulphur,17.361108,122.93487549000001,44871.229553850004,10.097534,11.323364,1.2258300000000002
1421,1419,Madura,NET,NET,blank,True,117317.0,sulphur,10.461659,74.07952881,27039.02801565,7.742737,11.739288,3.996551
1422,1420,Muraleve,none,none,blank,False,24000.0,grain,0.0,0.0,0.0,0.0,0.0,0.0
1423,1421,Banjarmasin,D05,D05,blank,False,45898.0,sulphur,3.998507,28.31362915,10334.47463975,2.865112,4.741241,1.8761289999999997
1424,1422,Pasir,D05,D05,blank,False,14393.0,sulphur,1.507323,10.6734314,3895.802461,0.0,0.0,0.0
1425,1423,Tarakan,none,none,blank,False,24000.0,timber,0.0,0.0,0.0,0.0,0.0,0.0
1426,1424,Pontianak,none,none,blank,False,37000.0,grain,0.0,0.0,0.0,0.0,0.0,0.0
1427,1425,Kota Waringin,D05,D05,blank,False,35357.0,grain,3.489919,7.67785645,2802.41760425,1.63205,2.700623,1.0685730000000002
1428,1426,Sintang,none,none,blank,False,17000.0,coffee,0.0,0.0,0.0,0.0,0.0,0.0
1429,1427,Samarinda,none,none,blank,False,30000.0,sulphur,0.0,0.0,0.0,0.0,0.0,0.0
1430,1428,Makassar,D06,D06,blank,False,54396.0,timber,24.291744,23.321289059999998,8512.270506899999,0.0,0.0,0.0
1431,1429,Bone,D06,D06,blank,False,33388.0,timber,15.127666,14.52331543,5301.01013195,4.766449,6.707977,1.941528
1432,1430,Mamuju,D06,D06,blank,False,30043.0,grain,3.460622,7.613403320000001,2778.8922118,4.320618,6.65863,2.338012
1433,1431,Menado,D06,D06,blank,False,60321.0,dye,0.602049,7.19445801,2625.97717365,5.129333,7.924316,2.794983
1434,1432,Luwuk,D06,D06,blank,False,22889.0,timber,12.102609,11.61911011,4240.975190149999,0.0,0.010651,0.010651
1435,1433,Palu,D06,D06,blank,False,23926.0,timber,10.945068,10.5078125,3835.3515625,3.614014,5.016541,1.402527
1436,1434,Kendari,D06,D06,blank,False,10711.0,dye,0.097105,1.16040039,423.54614234999997,0.001068,0.001282,0.000214
1437,1435,Bulon,NET,NET,blank,True,11040.0,fish,1.781002,2.68933105,981.6058332499999,0.0,0.0,0.0
1438,1436,Bali,BAL,BAL,blank,False,157676.0,fish,6.494259,9.80639648,3579.3347152,2.053845,2.451843,0.3979980000000003
1439,1437,Flores,NET,NET,blank,True,43001.0,timber,21.664254,20.798767090000002,7591.54998785,7.082855,11.371124,4.288269
1440,1438,Sumbawa,NET,NET,blank,True,58478.0,precious_metal,19.450592,155.60473633,56795.72876045,3.026733,4.624603,1.5978699999999995
1441,1439,Sumba,NET,NET,blank,True,47364.0,timber,24.717983,23.73049927,8661.632233549999,1.606354,1.765442,0.1590879999999999
1442,1440,Lombok,BAL,BAL,blank,False,46829.0,timber,8.959812,8.60186768,3139.6817032,0.0,0.0,0.0
1443,1441,Roti,NET,NET,blank,True,5222.0,timber,2.65381,2.5477905300000003,929.9435434500001,0.0,0.0,0.0
1444,1442,Alor,TUR,TUR,blank,True,11443.0,tropical_wood,4.603959,28.08728027,10251.85729855,0.835815,1.100952,0.26513699999999996
1445,1443,Kaupeng,NET,NET,blank,True,4912.0,timber,2.398906,2.3030700700000004,840.6205755500001,0.0,0.0,0.0
1446,1444,Dili,TUR,TUR,blank,True,26273.0,timber,27.867741,26.754425050000002,9765.365143250001,1.686066,1.998077,0.31201100000000004
1447,1445,Ternate,NET,NET,blank,True,27938.0,fish,4.445634,6.71295166,2450.2273559,0.0,0.0,0.0
1448,1446,Jilolo,NET,NET,blank,True,8075.0,fish,1.256346,1.89709473,692.43957645,0.0,0.0,0.0
1449,1447,Ambon,NET,NET,blank,True,9184.0,grain,0.230587,0.5072937,185.16220049999998,0.0,0.0,0.0
1450,1448,Ceram,NET,NET,blank,True,12679.0,grain,1.572175,3.45880127,1262.46246355,0.0,0.0,0.0
1451,1449,Aru,NET,NET,blank,True,4926.0,fish,0.754972,1.1400146500000001,416.10534725,0.0,0.0,0.0
1452,1450,Biak,NET,NET,blank,True,10357.0,fish,1.322534,1.99703979,728.9195233500001,0.0,0.0,0.0
1453,1451,Sorong,D07,D07,blank,False,20460.0,fish,2.637894,3.98324585,1453.88473525,2.419739,3.739319,1.3195800000000002
1454,1452,Merah,D07,D07,blank,False,40241.0,fish,4.686721,7.07699585,2583.10348525,0.471605,0.46463,-0.006975000000000009
1455,1453,Manila,SPA,SPA,blank,True,205755.0,fruit,22.415906,40.124023439999995,14645.268555599998,38.121155,61.899323,23.778168
1456,1454,Vigan,SPA,SPA,blank,True,157215.0,grain,13.754335,30.259674070000003,11044.78103555,22.863251,35.421997,12.558745999999996
1457,1455,Legazpi,SPA,SPA,blank,True,145054.0,fruit,21.721564,38.88116455,14191.62506075,17.191528,26.650513,9.458984999999998
1458,1456,Mindoro,SPA,SPA,blank,True,56042.0,fish,7.079546,10.69018555,3901.91772575,7.683533,12.605194,4.921660999999999
1459,1457,Palawan,SPA,SPA,blank,True,24090.0,tropical_wood,4.21826,25.73425293,9393.00231945,0.062959,0.062134,-0.0008249999999999993
1460,1458,Iloilo,SPA,SPA,blank,True,81099.0,fish,10.225483,15.440582280000001,5635.8125322000005,6.644958,10.873779,4.228821000000001
1461,1459,Tacloban,SPA,SPA,blank,True,90197.0,grain,8.48511,18.667327880000002,6813.574676200001,1.83374,2.912659,1.0789190000000002
1462,1460,Zamboanga,SPA,SPA,blank,True,77238.0,iron,5.411117,28.63427734,10451.5112291,0.0,0.0,0.0
1463,1461,Davao,SPA,SPA,blank,True,39430.0,iron,2.384965,12.62063599,4606.53213635,0.229492,0.356262,0.12677000000000002
1464,1462,Sulu,SPA,SPA,blank,True,11160.0,fish,1.388763,2.0970459,765.4217535,0.427856,0.680573,0.25271699999999997
1465,1463,Urga,MGL,MGL,blank,False,111881.0,cattle,2.580241,5.10882568,1864.7213732,25.02066,40.061188,15.040528000000002
1466,1464,Dalandzadgad,MGL,MGL,blank,False,54880.0,timber,10.343331,9.930114750000001,3624.4918837500004,8.888031,10.09848,1.2104490000000006
1467,1465,Bayan Tumen,MGL,MGL,blank,False,43379.0,cattle,1.16173,2.30020142,839.5735183,6.641022,9.738678,3.0976559999999997
1468,1466,Uliastai,MGL,MGL,blank,False,33964.0,grain,0.842808,1.8541870100000002,676.7782586500001,6.428894,10.536926,4.108032
1469,1467,Kyzyl,MGL,MGL,blank,False,9811.0,coal,0.530318,1.40551758,513.0139167,0.0,0.0,0.0
1470,1468,Anqing,CHI,CHI,blank,False,1352174.0,tea,54.119787,173.75698853,63421.30081345,328.149506,521.306702,193.157196
1471,1469,Chizhou,CHI,CHI,blank,False,1196005.0,tea,48.099566,154.4284668,56366.390382,288.476868,480.653534,192.17666599999995
1472,1470,Fengyang,CHI,CHI,blank,False,649179.0,tea,23.282376,74.75039672999999,27283.894806449996,137.215363,207.898346,70.68298300000001
1473,1471,Huizhou,CHI,CHI,blank,False,1289962.0,tea,45.703937,146.73706055,53559.02710075,305.034393,424.249512,119.21511899999996
1474,1472,Luzhou,CHI,CHI,blank,False,1112861.0,tea,44.690163,143.48223877,52371.01715105,327.469818,491.527588,164.05777
1475,1473,Ningguo,CHI,CHI,blank,False,1098826.0,timber,163.612618,157.07629394999998,57332.84729174999,311.709381,406.324829,94.61544800000001
1476,1474,Sizhou,CHI,CHI,blank,False,839464.0,tea,28.809911,92.49710083,33761.44180295,140.778534,156.533264,15.754729999999995
1477,1475,Taiping,CHI,CHI,blank,False,1046145.0,silk,6.051259,76.32180786,27857.4598689,183.858765,273.777588,89.91882299999997
1478,1476,Yingzhou,CHI,CHI,blank,False,589406.0,tea,23.650496,75.93228149,27715.28274385,178.868469,244.456299,65.58783
1479,1477,Mukden,MCK,MCK,blank,False,527813.0,timber,99.621607,95.64172362999999,34909.22912495,44.011383,67.609833,23.598449999999993
1480,1478,Jinzhou,MCK,MCK,blank,False,168479.0,timber,31.900938,30.62649536,11178.6708064,62.269684,63.689789,1.4201049999999995
1481,1479,Port Arthur,CHI,CHI,blank,False,29683.0,timber,5.565798,5.343444819999999,1950.3573592999996,3.840088,7.299622,3.459534
1482,1480,Fuzhou,GXI,GXI,blank,False,1052192.0,tea,43.419985,139.40420532000002,50882.534941800004,187.439026,299.599457,112.16043099999996
1483,1481,Jianning,GXI,GXI,blank,False,638023.0,tea,26.401174,84.76361084,30938.717956599998,61.811462,91.539856,29.728394
1484,1482,Quanzhou,GXI,GXI,blank,False,681963.0,tea,28.188534,90.50210571000001,33033.268584150006,132.454651,169.032349,36.577698
1485,1483,Taibei,CHI,CHI,blank,False,386320.0,tea,15.602756,50.094207759999996,18284.3858324,91.991852,156.691376,64.699524
1486,1484,Tingzhou,GXI,GXI,blank,False,1523446.0,tea,63.094575,202.57144165,73938.57620225,307.126293,417.304199,110.17790600000001
1487,1485,Zhangzhou,GXI,GXI,blank,False,455994.0,tea,11.973753,38.44293213,14031.67022745,115.190826,137.940613,22.749787000000012
1488,1486,Jiayuguan,XBI,XBI,blank,False,1233250.0,cotton,55.610822,120.68493652000001,44050.0018298,126.783966,148.329346,21.54537999999998
1489,1487,Gongchang,XBI,XBI,blank,False,641710.0,timber,151.250178,145.20773315,53000.82259975,109.367493,160.798187,51.43069400000002
1490,1488,Lanzhou,XBI,XBI,blank,False,1061247.0,coal,67.916865,180.00210571,65700.76858414999,170.251465,276.903229,106.65176400000001
1491,1489,Ningxia,XBI,XBI,blank,False,235741.0,grain,8.42316,18.53103638,6763.8282787,27.415558,40.300934,12.885375999999997
1492,1490,Pingliang,XBI,XBI,blank,False,786660.0,grain,27.865876,61.305206299999995,22376.400299499997,173.413116,284.865326,111.45220999999998
1493,1491,Canton,GXI,GXI,blank,False,1278144.0,timber,188.240515,180.7203064,65962.911836,388.664246,563.834198,175.16995200000002
1494,1492,Chaozhou,GXI,GXI,blank,False,973176.0,silk,5.238838,66.07510376,24117.4128724,97.349243,154.976593,57.62735000000001
1495,1493,Zhanjiang,GXI,GXI,blank,False,894939.0,silk,5.303691,66.89306641,24415.96923965,145.127289,138.811615,-6.315674000000001
1496,1494,Hong Kong,CHI,CHI,blank,False,9657.0,tea,0.376589,1.20907593,441.31271445,0.322693,0.48056,0.15786699999999998
1497,1495,Huizhou,GXI,GXI,blank,False,545818.0,silk,3.206067,40.43667603,14759.38675095,103.741302,184.782959,81.041657
1498,1496,Macao,POR,POR,blank,False,17324.0,tea,1.424705,4.574157710000001,1669.5675641500002,4.640625,8.345062,3.7044370000000004
1499,1497,Hainan,GXI,GXI,blank,False,804752.0,timber,153.2094,147.08868408,53687.3696892,90.281464,150.586365,60.304901
1500,1498,Shaozhou,GXI,GXI,blank,False,584066.0,tropical_wood,44.133644,269.24523926,98274.5123299,122.008606,172.785553,50.77694699999999
1501,1499,Zhaoqing,GXI,GXI,blank,False,420065.0,timber,79.861105,76.6706543,27984.788819499998,4.242493,6.274475,2.031982
1502,1500,Nanning,GXI,GXI,blank,False,754605.0,cotton,28.017681,60.8031311,22193.1428515,66.296295,108.931976,42.635681000000005
1503,1501,Guilin,GXI,GXI,blank,False,1100108.0,cotton,51.794778,112.4034729,41027.2676085,75.80307,114.493988,38.690917999999996
1504,1502,Pingle,GXI,GXI,blank,False,334185.0,cotton,15.809201,34.30865479,12522.65899835,66.961395,111.675751,44.71435600000001
1505,1503,Guiyang,YNN,YNN,blank,False,261479.0,tea,8.409995,27.00112915,9855.41213975,0.0,0.0,0.0
1506,1504,Anshun,YNN,YNN,blank,False,426799.0,tea,13.799932,44.306060790000004,16171.712188350002,40.655945,98.149902,57.493956999999995
1507,1505,Zhenyuan,YNN,YNN,blank,False,566383.0,tea,22.791553,73.17456055,26708.714600749998,112.646515,151.488007,38.84149200000002
1508,1506,Kaifeng,CHI,CHI,blank,False,768330.0,grain,27.068053,59.549987789999996,21735.74554335,144.193665,210.138885,65.94521999999998
1509,1507,Guide,CHI,CHI,blank,False,854954.0,tea,34.309073,110.15270996,40205.7391354,258.342773,372.15274,113.80996699999997
1510,1508,Luoyang,CHI,CHI,blank,False,740055.0,timber,137.729942,132.22763062,48263.0851763,95.010101,140.605255,45.595153999999994
1511,1509,Zhengzhou,CHI,CHI,blank,False,1010689.0,tea,40.742782,130.80877686,47745.2035539,255.47522,355.632477,100.15725699999999
1512,1510,Chenzhou,CHI,CHI,blank,False,807027.0,tea,32.488303,104.30694580000001,38072.035217000004,222.934937,228.030426,5.095489000000015
1513,1511,Nanyang,CHI,CHI,blank,False,784275.0,grain,23.615435,51.954193120000006,18963.280488800003,140.483093,212.906464,72.423371
1514,1512,Runing,CHI,CHI,blank,False,642021.0,tea,25.884735,83.10552979,30333.51837335,210.599487,292.139496,81.540009
1515,1513,Weihui,CHI,CHI,blank,False,940232.0,iron,32.799573,173.56713867,63352.00561455,285.954254,362.099304,76.14505000000003
1516,1514,Hanyang,CHI,CHI,blank,False,999130.0,tea,37.01906,118.85339354999999,43381.488645749996,197.07428,328.042633,130.96835300000004
1517,1515,Dean,CHI,CHI,blank,False,1120000.0,tea,45.919136,147.42797852,53811.2121598,195.8172,312.036469,116.219269
1518,1516,Huangzhou,CHI,CHI,blank,False,878370.0,tea,36.104426,115.91687012000001,42309.6575938,191.771271,308.018585,116.24731399999996
1519,1517,Anlu,YNN,YNN,blank,False,834730.0,tea,33.300461,106.91445922999999,39023.77761895,128.362793,242.230469,113.86767599999999
1520,1518,Jingzhou,YNN,YNN,blank,False,814669.0,tea,32.773024,105.22106934,38405.6903091,60.102478,112.966187,52.86370900000001
1521,1519,Shinan,YNN,YNN,blank,False,808372.0,silk,4.80883,60.65161133,22137.83813545,37.202545,44.770294,7.567748999999999
1522,1520,Wuchang,CHI,CHI,blank,False,876854.0,iron,31.062463,164.37478638000002,59996.797028700006,149.102356,236.267151,87.16479500000003
1523,1521,Xiangyang,YNN,YNN,blank,False,1050300.0,grain,33.271902,73.19851685,26717.458650250002,0.0,0.0,0.0
1524,1522,Changsha,GXI,GXI,blank,False,1031762.0,tea,42.496445,136.43908691000001,49800.26672215001,128.40524,228.984222,100.578982
1525,1523,Changde,GXI,GXI,blank,False,441955.0,silk,2.620908,33.05633545,12065.56243925,45.442902,84.29422,38.851318
1526,1524,Baoqing,GXI,GXI,blank,False,969384.0,timber,183.171841,175.85412598000002,64186.75598270001,100.466583,153.829132,53.36254899999999
1527,1525,Hengzhou,GXI,GXI,blank,False,936427.0,tea,38.871207,124.79989624,45551.962127599996,104.188049,144.690094,40.50204499999998
1528,1526,Yuezhou,GXI,GXI,blank,False,296167.0,iron,10.4757,55.43478394,20233.6961381,34.509338,51.626495,17.117157
1529,1527,Yongshun,GXI,GXI,blank,False,854218.0,silk,4.564228,57.56655884,21011.793976599998,130.901947,186.364319,55.46237199999999
1530,1528,Yongzhou,GXI,GXI,blank,False,732639.0,silk,3.489329,44.00933838,16063.4085087,86.563446,128.766052,42.202606
1531,1529,New Ireland,ENG,ENG,blank,True,25774.0,tropical_wood,6.546842,39.94018555,14578.167725750001,3.707611,5.096313,1.3887020000000003
1532,1530,Guihua Tumed,MGL,MGL,blank,False,120509.0,coal,6.407479,16.98193359,6198.4057603500005,16.478058,24.085541,7.607482999999998
1533,1531,Jirim Chuulgan,MCK,MCK,blank,False,38283.0,timber,7.438749,7.14157104,2606.6734296,4.545654,5.840088,1.2944339999999999
1534,1532,Ulaan Chab Chuulghan,MGL,MGL,blank,False,34165.0,timber,6.550575,6.28887939,2295.44097735,0.440613,0.472626,0.032013000000000014
1535,1533,Yeke Juu Chuulghan,MGL,MGL,blank,False,117437.0,timber,22.065508,21.183990480000002,7732.156525200001,0.0,0.0,0.0
1536,1534,Huaian,CHI,CHI,blank,False,804622.0,silk,4.677638,58.996948239999995,21533.8861076,120.938904,191.460175,70.521271
1537,1535,Changzhou,CHI,CHI,blank,False,1571562.0,tea,64.500887,207.08654785000002,75586.58996525001,336.714691,560.0289,223.314209
1538,1536,Shanghai,CHI,CHI,blank,False,72153.0,tea,2.987426,9.59143066,3500.8721909,12.645996,19.904785,7.258789
1539,1537,Suzhou,CHI,CHI,blank,False,1448698.0,silk,7.594181,95.78198242,34960.4235833,212.867584,356.09903,143.23144600000003
1540,1538,Taicangzhou,CHI,CHI,blank,False,1449195.0,tea,47.82206,153.5375061,56041.1897265,300.96994,501.231903,200.26196299999998
1541,1539,Tongzhou,CHI,CHI,blank,False,1457900.0,tea,60.193836,193.25833129999998,70539.29092449999,207.165314,340.212372,133.04705800000002
1542,1540,Xuzhou,CHI,CHI,blank,False,507139.0,silk,3.009047,37.951751709999996,13852.389374149998,43.070801,69.653931,26.583129999999997
1543,1541,Yangzhou,CHI,CHI,blank,False,878993.0,silk,5.166346,65.16079712,23783.6909488,87.276337,141.198486,53.922149000000005
1544,1542,Zhenjiang,CHI,CHI,blank,False,803107.0,silk,4.784107,60.33978271,22024.020689150002,96.62088,159.381714,62.76083399999999
1545,1543,Nanchang,GXI,GXI,blank,False,698774.0,timber,131.233215,125.990448,45986.51352,13.458221,16.335938,2.8777169999999987
1546,1544,Guangxin,GXI,GXI,blank,False,744367.0,tea,30.903995,99.22036743,36215.434111949995,41.112732,57.304962,16.192230000000002
1547,1545,Jian,GXI,GXI,blank,False,1679795.0,tea,69.880948,224.35977173,81891.31668145,206.60376,290.219727,83.61596699999998
1548,1546,Jianchang,GXI,GXI,blank,False,415429.0,tea,17.33122,55.64361572,20309.9197378,59.578979,77.497681,17.918702000000003
1549,1547,Jiujiang,GXI,GXI,blank,False,989505.0,timber,187.617385,180.12207031,65744.55566315,96.406525,132.942017,36.53549199999999
1550,1548,Ganzhou,GXI,GXI,blank,False,1410429.0,coal,71.474622,189.43133545,69142.43743925,105.557556,148.114563,42.557007
1551,1549,Raozhou,GXI,GXI,blank,False,734707.0,timber,139.389058,133.82046509,48844.46975785,67.155914,89.81488,22.658966000000007
1552,1550,Qiqihar,MCK,MCK,blank,False,689051.0,coal,38.669777,102.4876709,37407.9998785,131.40564,129.852478,-1.5531620000000146
1553,1551,Aigun,MCK,MCK,blank,False,378393.0,coal,21.219569,56.23886108,20527.1842942,34.261291,52.296265,18.034974
1554,1552,Ninguta,MCK,MCK,blank,False,265187.0,coal,12.004155,31.81497192,11612.4647508,31.249725,33.955872,2.706146999999998
1555,1553,Jilin,MCK,MCK,blank,False,279099.0,iron,9.890919,52.340271,19104.198915,45.097351,63.997345,18.899994
1556,1554,Makhai,XBI,XBI,blank,False,127545.0,grain,4.706621,10.35461426,3779.4342049,20.539948,33.641602,13.101654
1557,1555,Balekungomi,XBI,XBI,blank,False,148865.0,coal,8.468437,22.44415283,8192.11578295,15.709503,24.944733,9.23523
1558,1556,Kegudo,XBI,XBI,blank,False,120521.0,grain,4.450858,9.79193115,3574.05486975,15.227386,22.657959,7.4305730000000025
1559,1557,Xian,XBI,XBI,blank,False,848515.0,coal,60.088158,159.25344849,58127.508698850004,108.559967,165.911835,57.351867999999996
1560,1558,Merauke,D07,D07,blank,False,32670.0,fish,3.956406,5.97421265,2180.58761725,0.0,0.0,0.0
1561,1559,Yenan,XBI,XBI,blank,False,300582.0,coal,21.285306,56.413085939999995,20590.7763681,44.404327,64.959503,20.555175999999996
1562,1560,Hanzhong,XBI,XBI,blank,False,948626.0,coal,66.980403,177.52017212,64794.8628238,111.267822,156.748779,45.48095700000002
1563,1561,Jinan,CHI,CHI,blank,False,1367139.0,cotton,63.876514,138.62289429,50597.35641585,217.2099,350.37912,133.16922
1564,1562,Caozhou,CHI,CHI,blank,False,1019183.0,precious_metal,170.394928,1363.15942383,497553.18969795,125.785461,203.782654,77.99719300000001
1565,1563,Laizhou,CHI,CHI,blank,False,929440.0,cotton,40.285996,87.42745972,31911.0227978,109.082733,176.516083,67.43335
1566,1564,Qingdao,CHI,CHI,blank,False,7388.0,fruit,0.461264,0.82565308,301.3633742,0.0,0.0,0.0
1567,1565,Qingzhou,CHI,CHI,blank,False,919257.0,grain,31.851579,70.07379150000001,25576.933897500006,78.143707,128.812775,50.66906799999998
1568,1566,Taian,CHI,CHI,blank,False,950580.0,grain,33.253203,73.15737915,26702.44338975,168.291351,273.736725,105.44537399999999
1569,1567,Weihaiwei,CHI,CHI,blank,False,7549.0,grain,0.289319,0.63650513,232.32437245,0.0,0.0,0.0
1570,1568,Wuding,CHI,CHI,blank,False,958241.0,grain,33.343216,73.35540771,26774.72381415,60.061035,92.872925,32.81189
1571,1569,Yizhou,CHI,CHI,blank,False,919694.0,grain,31.967309,70.32839966,25669.8658759,20.382324,0.0,-20.382324
1572,1570,Taiyuan,CHI,CHI,blank,False,1194966.0,coal,67.943361,180.07232666,65726.3992309,0.0,10.75058,10.75058
1573,1571,Fenzhou,CHI,CHI,blank,False,920763.0,coal,52.451584,139.01400757,50740.11276305,0.0,0.0,0.0
1574,1572,Luan,CHI,CHI,blank,False,1012140.0,coal,57.770447,153.11074828999998,55885.42312584999,0.696045,4.135803,3.4397580000000003
1575,1573,Pingyang,CHI,CHI,blank,False,859334.0,coal,39.410065,104.44967651,38124.13192615,0.0,0.0,0.0
1576,1574,Datong,CHI,CHI,blank,False,174130.0,timber,11.614226,11.15023804,4069.8368846,0.0,0.0,0.0
1577,1575,Chongqing,YNN,YNN,blank,False,968322.0,tea,39.172295,125.76657104,45904.7984296,0.0,0.0,0.0
1578,1576,Chengdu,YNN,YNN,blank,False,644957.0,tea,17.900899,57.47262573,20977.50839145,0.0,0.0,0.0
1579,1577,Baotung,YNN,YNN,blank,False,1188634.0,fruit,61.343063,109.80285645000001,40078.042604250004,14.955658,105.158661,90.203003
1580,1578,Jiading,YNN,YNN,blank,False,1037243.0,fruit,43.056573,77.07040405,28130.697478249996,0.0,0.0,0.0
1581,1579,Kuizhou,YNN,YNN,blank,False,1202549.0,tea,44.077417,141.51495361,51652.95806765,0.0,0.0,0.0
1582,1580,Longan,XBI,XBI,blank,False,767376.0,coal,51.341908,136.07299805,49666.64428825,142.509674,174.701477,32.19180300000002
1583,1581,Shunqing,YNN,YNN,blank,False,1150131.0,tea,46.721076,150.00268555,54750.98022575,0.0,0.0,0.0
1584,1582,Tongchuan,YNN,YNN,blank,False,760153.0,fruit,39.119318,70.02279663,25558.32076995,0.0,0.0,0.0
1585,1583,Yibin,YNN,YNN,blank,False,734044.0,tea,29.966806,96.21142578,35117.1704097,0.0,0.0,0.0
1586,1584,Yazhou,YNN,YNN,blank,False,650738.0,timber,94.328704,90.56027222,33054.499360300004,0.0,0.0,0.0
1587,1585,Lhasa,TIB,TIB,blank,False,45295.0,cattle,0.974183,1.92886353,704.0351884500001,24.911835,41.119934,16.208099
1588,1586,Chamdo,TIB,TIB,blank,False,138623.0,cattle,3.653238,7.2333374,2640.168151,2.331238,2.621552,0.29031399999999996
1589,1587,Shigatse,TIB,TIB,blank,False,72469.0,cattle,1.907784,3.7773742699999997,1378.74160855,0.996765,1.063782,0.067017
1590,1588,Lhodrak,TIB,TIB,blank,False,149246.0,cattle,2.990244,5.92062378,2161.0276796999997,22.241669,39.153656,16.911986999999996
1591,1589,Changtang,TIB,TIB,blank,False,37006.0,cattle,0.500663,0.99130249,361.82540885000003,2.359894,4.091217,1.7313230000000002
1592,1590,Ngari,TIB,TIB,blank,False,66778.0,cattle,1.339504,2.6521911599999997,968.0497733999998,8.089752,13.352386,5.2626339999999985
1593,1591,Tawang,TIB,TIB,blank,False,167564.0,cattle,3.409773,6.7512817400000005,2464.2178351000002,32.585754,35.730682,3.144928
1594,1592,Kashgar,XIN,XIN,blank,False,57484.0,cotton,1.941553,4.21350098,1537.9278577,1.576477,1.609863,0.03338600000000014
1595,1593,Ili,XIN,XIN,blank,False,36696.0,sulphur,1.629182,11.53631592,4210.7553108,1.783295,2.906891,1.1235959999999998
1596,1594,Tulta,XIN,XIN,blank,False,18803.0,cotton,0.857505,1.8609314,679.239961,0.0,0.0,0.0
1597,1595,Aksu,XIN,XIN,blank,False,42468.0,sulphur,1.850311,13.102142330000001,4782.28195045,10.739044,11.802155,1.063111000000001
1598,1596,Khotan,XIN,XIN,blank,False,18552.0,grain,0.334208,0.73526001,268.36990364999997,0.49707,0.729126,0.23205600000000004
1599,1597,Kumul,XIN,XIN,blank,False,40048.0,grain,0.946415,2.0821228,759.974822,4.562683,6.678345,2.1156620000000004
1600,1598,Díhuà,XIN,XIN,blank,False,91588.0,cotton,3.187389,6.91717529,2524.76898085,6.459442,9.391602,2.9321600000000005
1601,1599,Kunming,YNN,YNN,blank,False,977912.0,silk,4.093482,51.62924194,18844.6733081,0.0,0.0,0.0
1602,1600,Dali,YNN,YNN,blank,False,272610.0,timber,53.57387,51.43359375,18773.26171875,0.0,0.0,0.0
1603,1601,Puer,YNN,YNN,blank,False,312691.0,tea,10.45757,33.575073239999995,12254.901732599998,0.0,0.0,0.0
1604,1602,Hangzhou,CHI,CHI,blank,False,423906.0,silk,2.358016,29.74060059,10855.31921535,0.0,0.0,0.0
1605,1603,Huzhou,CHI,CHI,blank,False,93968.0,silk,0.568995,7.17648315,2619.41634975,0.0,0.0,0.0
1606,1604,Jiaxing,CHI,CHI,blank,False,85461.0,silk,0.516632,6.5160522499999995,2378.35907125,0.0,0.0,0.0
1607,1605,Jinhua,CHI,CHI,blank,False,547225.0,timber,105.831007,101.60305786,37085.116118900005,0.0,0.0,0.0
1608,1606,Ningbo,CHI,CHI,blank,False,301231.0,timber,57.910255,55.59674072,20292.8103628,0.0,0.0,0.0
1609,1607,Shaoxing,CHI,CHI,blank,False,231558.0,timber,44.767846,42.97937012,15687.470093799999,0.0,0.0,0.0
1610,1608,Taizhou,CHI,CHI,blank,False,432915.0,tea,18.213593,58.4765625,21343.9453125,0.0,0.0,0.0
1611,1609,Wenzhou,CHI,CHI,blank,False,545132.0,tea,20.133513,64.64065552,23593.839264799997,0.0,0.0,0.0
1612,1610,Beijing,CHI,CHI,blank,False,1228492.0,tea,49.051033,157.48324585,57481.38473525,2.406373,1.568512,-0.837861
1613,1611,Chengde,CHI,CHI,blank,False,1638544.0,iron,58.641547,310.31640625,113265.48828125,0.0,0.0,0.0
1614,1612,Daming,CHI,CHI,blank,False,956668.0,grain,29.273354,64.40167235999999,23506.610411399997,0.0,0.0,0.0
1615,1613,Jizhou,CHI,CHI,blank,False,1143753.0,silk,6.812247,85.91979979999999,31360.726926999996,0.0,0.0,0.0
1616,1614,Tangshan,CHI,CHI,blank,False,1158310.0,tea,48.037288,154.22851563,56293.40820495,0.0,0.0,0.0
1617,1615,Tianjin,CHI,CHI,blank,False,1556395.0,silk,9.255789,116.73910522,42609.7734053,0.0,0.0,0.0
1618,1616,Zhongding,CHI,CHI,blank,False,1540798.0,silk,6.388119,80.57046509,29408.219757849998,2.20491,1.477509,-0.727401
1619,1617,Pyongyang,KOR,KOR,blank,False,241611.0,coal,15.851942,42.01287842,15334.7006233,52.832886,87.373871,34.54098499999999
1620,1618,Chonchon,KOR,KOR,blank,False,210659.0,iron,9.30581,49.24401855,17974.06677075,38.127106,58.216675,20.089569000000004
1621,1619,Hamhung,KOR,KOR,blank,False,82617.0,iron,3.701688,19.58840942,7149.769438300001,12.997009,19.799347,6.802338000000001
1622,1620,Chongjin,KOR,KOR,blank,False,100830.0,coal,7.216992,19.12741089,6981.5049748500005,23.829803,40.463226,16.633423
1623,1621,Kimchaek,KOR,KOR,blank,False,73234.0,coal,4.430405,11.742034910000001,4285.84274215,14.820007,20.782562,5.962554999999998
1624,1622,Seoul,KOR,KOR,blank,False,342776.0,grain,10.136881,22.30123901,8139.95223865,24.483856,36.418762,11.934906000000002
1625,1623,Kaesong,KOR,KOR,blank,False,73926.0,grain,2.345959,5.16113281,1883.8134756499999,15.34317,21.472565,6.129394999999999
1626,1624,Haeju,KOR,KOR,blank,False,69522.0,iron,3.120662,16.513763429999997,6027.5236519499995,8.306854,12.644104,4.337250000000001
1627,1625,Sariwon,KOR,KOR,blank,False,99857.0,iron,4.057796,21.472839360000002,7837.586366400001,17.384521,19.788574,2.404053000000001
1628,1626,Inchon,KOR,KOR,blank,False,150821.0,grain,4.80572,10.57263184,3859.0106216,31.468933,51.977142,20.508209
1629,1627,Wonsan,KOR,KOR,blank,False,100113.0,grain,3.189419,7.01675415,2561.11526475,19.849487,27.757965,7.908477999999999
1630,1628,Kangnung,KOR,KOR,blank,False,66281.0,grain,2.209268,4.8604126,1774.050599,13.904144,23.590332,9.686188
1631,1629,Wonju,KOR,KOR,blank,False,76662.0,timber,18.271925,17.54196167,6402.81600955,11.256592,17.152649,5.896057000000001
1632,1630,Pusan,KOR,KOR,blank,False,199455.0,grain,6.306734,13.87487793,5064.33044445,33.111969,50.571289,17.459319999999998
1633,1631,Taegu,KOR,KOR,blank,False,113720.0,timber,27.104079,26.02127075,9497.76382375,17.260284,26.362518,9.102234000000003
1634,1632,Pohang,KOR,KOR,blank,False,174046.0,coal,12.394628,32.849853519999996,11990.1965348,13.961761,15.237854,1.2760930000000013
1635,1633,Kwangju,KOR,KOR,blank,False,193870.0,grain,5.584678,12.286346439999999,4484.5164506,30.111145,51.134613,21.023468
1636,1634,Taejon,KOR,KOR,blank,False,153036.0,fish,8.304789,12.54031372,4577.2145078,22.770264,34.7901,12.019836000000002
1637,1635,Cheju,KOR,KOR,blank,False,76987.0,grain,2.536499,5.58032227,2036.8176285499999,7.310761,8.319092,1.0083309999999992
1638,1636,Hiroshima,JAP,JAP,blank,False,156504.0,cotton,15.337763,33.28555298,12149.2268377,32.289398,35.332947,3.0435489999999987
1639,1637,Okayama,JAP,JAP,blank,False,124511.0,timber,49.167933,47.20367432,17229.341126799998,23.57196,36.009308,12.437347999999997
1640,1638,Yamaguchi,JAP,JAP,blank,False,146480.0,grain,8.403546,18.487884519999998,6748.077849799999,26.942902,42.800781,15.857879
1641,1639,Matsue,JAP,JAP,blank,False,129653.0,fish,12.290964,18.55947876,6774.2097474,38.4617,46.737122,8.275421999999999
1642,1640,Hakodate,JAP,JAP,blank,False,74488.0,coal,7.328235,19.42224121,7089.11804165,7.818085,9.018829,1.2007440000000003
1643,1641,Ishikara,JAP,JAP,blank,False,64965.0,fish,6.321543,9.54559326,3484.1415399,7.843445,12.938171,5.0947260000000005
1644,1642,Nemuru,JAP,JAP,blank,False,99791.0,timber,40.49068,38.87307739,14188.67324735,20.085205,28.872894,8.787689
1645,1643,Niigata,JAP,JAP,blank,False,257305.0,grain,17.749428,39.04891968,14252.8556832,49.116791,74.901489,25.784698
1646,1644,Kanazawa,JAP,JAP,blank,False,100941.0,fish,10.596603,16.000976559999998,5840.356444399999,22.01355,36.251587,14.238037000000002
1647,1645,Fukui,JAP,JAP,blank,False,42093.0,fish,4.494825,6.78723145,2477.33947925,5.410461,7.947357,2.5368960000000005
1648,1646,Toyama,JAP,JAP,blank,False,92063.0,tea,8.864992,28.46194458,10388.609771700001,17.109863,25.257446,8.147583000000001
1649,1647,Edo,JAP,JAP,blank,False,434575.0,grain,20.426085,44.93759155,16402.22091575,458.871521,662.002289,203.13076800000005
1650,1648,Chiba,JAP,JAP,blank,False,204620.0,grain,15.47445,34.043945310000005,12426.040038150002,37.876068,54.794617,16.918549000000006
1651,1649,Yokohama,JAP,JAP,blank,False,147729.0,grain,10.896293,23.97195435,8749.76333775,37.151703,61.419708,24.268005000000002
1652,1650,Urawa,JAP,JAP,blank,False,301388.0,silk,4.061095,51.22076416,18695.578918400002,17.936523,22.778381,4.841857999999998
1653,1651,Mito,JAP,JAP,blank,False,152161.0,grain,11.548562,25.4069519,9273.5374435,4.878876,5.262207,0.3833310000000001
1654,1652,Bonin,JAP,JAP,blank,False,170.0,fish,0.0,0.0,0.0,0.0,0.0,0.0
1655,1653,Osaka,JAP,JAP,blank,False,525548.0,tea,39.840657,127.91241455000001,46688.031310750004,128.309296,184.224701,55.91540500000002
1656,1654,Wakayama,JAP,JAP,blank,False,277387.0,tea,24.579102,78.91366577000001,28803.488006050004,37.481262,59.524109,22.042847000000002
1657,1655,Kyoto,JAP,JAP,blank,False,472198.0,tea,40.178436,128.99688721,47083.86383165001,92.58728,145.504181,52.91690099999998
1658,1656,Nara,JAP,JAP,blank,False,302481.0,grain,21.485692,47.268737789999996,17253.08929335,41.310394,68.302155,26.991760999999997
1659,1657,Kobe,JAP,JAP,blank,False,337488.0,precious_metal,89.860535,718.88427734,262392.7612291,60.159241,87.114594,26.955352999999995
1660,1658,Fukuoka,JAP,JAP,blank,False,242365.0,tea,18.557189,59.57971191,21746.59484715,35.675476,43.376038,7.700561999999998
1661,1659,Nagasaki,JAP,JAP,blank,False,275302.0,coal,29.246294,77.5123291,28292.0001215,36.474792,53.989166,17.514373999999997
1662,1660,Kagoshima,JAP,JAP,blank,False,169390.0,grain,10.974168,24.143280030000003,8812.29721095,17.490143,26.679993,9.18985
1663,1661,Miyazaki,JAP,JAP,blank,False,97753.0,tobacco,12.445766,14.43783569,5269.81002685,9.104553,13.382477,4.2779240000000005
1664,1662,Kumamoto,JAP,JAP,blank,False,207557.0,coal,22.073495,58.50204468,21353.2463082,23.072021,25.207855,2.135833999999999
1665,1663,Kochi,JAP,JAP,blank,False,55967.0,fish,5.4366,8.20932007,2996.40182555,4.497681,6.617615,2.1199339999999998
1666,1664,Matsuyama,JAP,JAP,blank,False,104879.0,timber,42.452636,40.75665283,14876.17828295,11.450226,17.449768,5.999541999999998
1667,1665,Tokushima,JAP,JAP,blank,False,162507.0,tobacco,20.606166,23.904388429999997,8725.10177695,20.344025,33.619812,13.275787000000005
1668,1666,Sendai,JAP,JAP,blank,False,161597.0,grain,10.399788,22.87963867,8351.06811455,19.100342,29.129303,10.028960999999999
1669,1667,Fukushima,JAP,JAP,blank,False,153999.0,fish,13.389953,20.21896362,7379.9217213,14.507568,22.118378,7.610810000000001
1670,1668,Morioka,JAP,JAP,blank,False,86613.0,sulphur,6.975159,49.39144897,18027.87887405,12.053497,19.141693,7.088196
1671,1669,Akita,JAP,JAP,blank,False,105865.0,iron,6.382847,33.77642822,12328.396300299999,16.227112,26.754334,10.527221999999998
1672,1670,Aomori,JAP,JAP,blank,False,122694.0,iron,6.038343,31.95339966,11662.990875899999,13.202087,21.777863,8.575776
1673,1671,Yamagata,JAP,JAP,blank,False,132624.0,silk,1.784712,22.50976563,8216.06445495,11.093292,12.812805,1.719513000000001
1674,1672,Utsunomiya,JAP,JAP,blank,False,106537.0,tobacco,14.633685,16.97595215,6196.222534750001,7.98233,7.803284,-0.17904600000000048
1675,1673,Nagoya,JAP,JAP,blank,False,423481.0,silk,5.009484,63.18237305,23061.56616325,55.865082,86.80835,30.943268000000003
1676,1674,Shizuoka,JAP,JAP,blank,False,110043.0,grain,7.728763,17.003356930000002,6206.225279450001,14.578339,27.740143,13.161804
1677,1675,Nagano,JAP,JAP,blank,False,338226.0,fish,32.526693,49.1156311,17927.2053515,40.914948,62.467499,21.552550999999994
1678,1676,Okinawa,JAP,JAP,blank,False,48707.0,grain,3.541049,7.7903442400000005,2843.4756476000002,3.059998,3.484283,0.4242849999999998
1679,1677,Amari,JAP,JAP,blank,False,21962.0,iron,1.512012,8.00119019,2920.43441935,0.834015,1.315857,0.4818420000000001
1680,1678,Fez,SPA,SPA,blank,True,51614.0,grain,3.257709,7.16699219,2615.95214935,0.0,0.0,0.0
1681,1679,Wazzan,SPA,SPA,blank,True,44017.0,grain,3.75954,8.271026610000002,3018.9247126500004,5.675934,8.49176,2.8158259999999995
1682,1680,Meknes,SPA,SPA,blank,True,19660.0,grain,1.438578,3.16488647,1155.18356155,6.456238,10.613007,4.156769
1683,1681,Taza,SPA,SPA,blank,True,25523.0,wool,5.858756,4.0425415,1475.5276474999998,1.051544,1.666199,0.614655
1684,1682,Wujda,SPA,SPA,blank,True,8109.0,grain,0.644015,1.4168396,517.1464540000001,0.0,0.0,0.0
1685,1683,Rabat,SPA,SPA,blank,True,33675.0,grain,2.81024,6.18255615,2256.63299475,5.710083,9.393402,3.683319
1686,1684,Tangier,SPA,SPA,blank,True,25772.0,grain,2.492415,5.4833374,2001.418151,1.826538,2.899231,1.072693
1687,1685,Tetouan,SPA,SPA,blank,True,23023.0,grain,2.015677,4.43450928,1618.5958872,0.0,0.0,0.0
1688,1686,Ajdir,SPA,SPA,blank,True,35392.0,fish,4.226232,6.38165283,2329.3032829500003,1.87262,2.952942,1.0803220000000002
1689,1687,Melilla,SPA,SPA,blank,True,2753.0,fish,0.23274,0.35144042999999997,128.27575695,4.796661,5.509766,0.7131049999999997
1690,1688,Marrakesh,SPA,SPA,blank,True,44786.0,fruit,5.308924,9.50286865,3468.54705725,0.777863,1.232788,0.454925
1691,1689,Casablanca,SPA,SPA,blank,True,12276.0,grain,1.413485,3.10968018,1135.0332657,1.113495,1.71991,0.6064150000000001
1692,1690,Huribka,SPA,SPA,blank,True,8044.0,grain,0.673284,1.48123169,540.64956685,0.0,0.0,0.0
1693,1691,Sawira,SPA,SPA,blank,True,10177.0,grain,0.949287,2.08843994,762.2805781000001,0.709778,0.771759,0.06198099999999995
1694,1692,Agadir,SPA,SPA,blank,True,17271.0,fish,2.197312,3.31796265,1211.05636725,0.953003,1.00943,0.056427000000000005
1695,1693,Ifni,TUR,TUR,blank,True,1125.0,fish,0.333993,0.5043335,184.0817275,0.0,0.0,0.0
1696,1694,Tarfaya,TUR,TUR,blank,True,10817.0,fish,2.869199,4.33251953,1581.36962845,0.0,0.0,0.0
1697,1695,Figuig,SPA,SPA,blank,True,11582.0,precious_metal,3.545074,28.3605957,10351.6174305,0.0,0.0,0.0
1698,1696,Rashidia,SPA,SPA,blank,True,12764.0,grain,1.020378,2.24484253,819.36752345,0.284607,0.432922,0.14831499999999997
1699,1697,Warzazat,SPA,SPA,blank,True,22564.0,fruit,2.796328,5.00537109,1826.9604478499998,0.0,0.0,0.0
1700,1698,Algiers,FRA,FRA,blank,True,78663.0,grain,9.87174,21.717926029999997,7927.043000949999,19.528137,28.283844,8.755706999999997
1701,1699,Bougie,FRA,FRA,blank,True,119985.0,grain,16.862911,37.09857178,13540.978699700001,14.013855,15.963867,1.950012000000001
1702,1700,Setif,ALD,ALD,blank,False,49431.0,wool,2.53747,1.75085449,639.0618888500001,9.378021,14.252808,4.8747869999999995
1703,1701,Medea,ALD,ALD,blank,False,42165.0,grain,0.780262,1.71658325,626.55288625,6.366241,12.099731,5.733490000000001
1704,1702,Oran,FRA,FRA,blank,True,26755.0,grain,3.624001,7.97283936,2910.0863664,5.707397,8.573029,2.8656319999999997
1705,1703,Tlemcen,ALD,ALD,blank,False,72034.0,iron,1.996089,10.56280518,3855.4238907,29.671875,32.589355,2.9174799999999976
1706,1704,Mustaghanim,FRA,FRA,blank,True,49852.0,fruit,13.458368,24.09020996,8792.9266354,5.426483,6.700409,1.2739259999999994
1707,1705,Mascara,ALD,ALD,blank,False,21624.0,fruit,0.766852,1.37265015,501.01730474999994,0.494415,0.629211,0.13479599999999997
1708,1706,Constantine,ALD,ALD,blank,False,56007.0,iron,1.499417,7.93453979,2896.10702335,1.387115,2.101288,0.7141729999999997
1709,1707,Bone,FRA,FRA,blank,True,14059.0,grain,1.962785,4.318145749999999,1576.1231987499998,1.825317,3.082489,1.2571719999999997
1710,1708,Biskra,ALD,ALD,blank,False,28415.0,iron,2.146026,11.356231690000001,4145.02456685,0.0,0.0,0.0
1711,1709,Ouargla,ALD,ALD,blank,False,6217.0,wool,0.28775,0.19854736,72.4697864,0.0,0.0,0.0
1712,1710,Tuggurt,ALD,ALD,blank,False,1786.0,wool,0.052455,0.03619385,13.21075525,0.0,0.0,0.0
1713,1711,Laghwat,ALD,ALD,blank,False,29758.0,grain,0.390276,0.85861206,313.3934019,37.368805,54.498016,17.129210999999998
1714,1712,Bechar,TUR,TUR,blank,False,5100.0,wool,0.0,0.0,0.0,0.0,0.984406,0.984406
1715,1713,Naama,ALD,ALD,blank,False,17352.0,wool,1.229549,0.8483886700000001,309.66186455,3.054901,5.235809,2.1809079999999996
1716,1714,Tindouf,TUR,TUR,blank,False,1975.0,fruit,0.0,0.0,0.0,0.0,0.736908,0.736908
1717,1715,Chenachene,TUR,TUR,blank,False,1975.0,grain,0.0,0.0,0.0,0.0,0.392334,0.392334
1718,1716,In Salah,TUR,TUR,blank,False,2150.0,grain,0.0,0.0,0.0,0.0,0.392334,0.392334
1719,1717,Ilizi,TUR,TUR,blank,False,1975.0,wool,0.0,0.0,0.0,0.0,0.232361,0.232361
1720,1718,Timimoun,TUR,TUR,blank,False,3950.0,fruit,0.0,0.0,0.0,0.0,0.332458,0.332458
1721,1719,In Guezzam,TUR,TUR,blank,False,1975.0,grain,0.0,0.0,0.0,0.0,0.177826,0.177826
1722,1720,Tin Zawatene,TUR,TUR,blank,False,3950.0,fruit,0.0,0.0,0.0,0.0,0.444183,0.444183
1723,1721,Balboa,CLM,CLM,blank,False,2713.0,fruit,0.320489,0.57366943,209.38934195000002,1.09021,1.327515,0.2373050000000001
1724,1722,Tamanrasset,TUR,TUR,blank,False,3950.0,wool,0.0,0.0,0.0,0.0,3.133698,3.133698
1725,1723,Tunis,TUN,TUN,blank,False,91521.0,grain,2.48921,5.47628784,1998.8450616000002,0.0,0.0,0.0
1726,1724,Bizerte,TUN,TUN,blank,False,122303.0,grain,1.918507,4.220733640000001,1540.5677786000003,0.0,7.012451,7.012451
1727,1725,Gafsa,TUN,TUN,blank,False,15734.0,wool,1.29169,0.8912658699999999,325.31204254999994,0.0,0.0,0.0
1728,1726,Kairouan,TUN,TUN,blank,False,63912.0,fruit,3.430027,6.13967896,2240.9828204,0.0,0.0,0.0
1729,1727,Tozeur,TUN,TUN,blank,False,15156.0,wool,1.259536,0.86907959,317.21405035,0.0,0.0,0.0
1730,1728,Gabes,TUN,TUN,blank,False,43951.0,grain,1.496076,3.29138184,1201.3543716000001,0.0,0.0,0.0
1731,1729,Tripoli,TUR,TUR,blank,False,140327.0,fruit,53.132481,95.1060791,34713.7188715,17.157196,24.520111,7.362915000000001
1732,1730,Gharyan,TUR,TUR,blank,False,13110.0,fruit,4.214576,7.54400635,2753.56231775,3.602814,4.039917,0.437103
1733,1731,Misratah,TUR,TUR,blank,False,31093.0,fruit,10.250918,18.34893799,6697.36236635,0.270996,0.37793,0.10693399999999997
1734,1732,Sirt,TUR,TUR,blank,False,28131.0,wool,11.905969,8.215118409999999,2998.5182196499995,0.698486,1.090057,0.391571
1735,1733,Benghazi,TUR,TUR,blank,False,45366.0,fruit,14.086219,25.21405029,9203.12835585,1.093842,1.448639,0.35479700000000003
1736,1734,Darna,TUR,TUR,blank,False,21870.0,fish,7.517966,11.35220337,4143.55423005,0.0,0.0,0.0
1737,1735,Tobruk,TUR,TUR,blank,False,22427.0,grain,2.854476,6.27987671,2292.15499915,0.095215,0.125977,0.03076200000000001
1738,1736,Jaghbub,TUR,TUR,blank,False,2975.0,grain,0.0,0.0,0.0,0.0,1.04657,1.04657
1739,1737,Kufra,TUR,TUR,blank,False,4080.0,fruit,0.0,0.0,0.0,0.0,1.161407,1.161407
1740,1738,Waddan,TUR,TUR,blank,False,3960.0,wool,0.0,0.0,0.0,0.0,3.277344,3.277344
1741,1739,Murzuk,TUR,TUR,blank,False,5837.0,fruit,1.926959,3.44921875,1258.96484375,0.0,0.0,0.0
1742,1740,Sabha,TUR,TUR,blank,False,2469.0,wool,0.946045,0.652771,238.261415,0.01394,0.009064,-0.004876
1743,1741,Ghat,TUR,TUR,blank,False,8496.0,wool,0.520656,0.35925292999999997,131.12731945,0.083221,0.083099,-0.00012199999999999711
1744,1742,Ghadamis,TUR,TUR,blank,False,7003.0,fruit,2.111942,3.7803344699999997,1379.82208155,1.223541,1.62085,0.3973089999999999
1745,1743,Cairo,TUR,TUR,blank,True,248085.0,grain,37.960601,83.51370239,30482.50137235,131.573975,187.129395,55.55542
1746,1744,Dumyat,TUR,TUR,blank,True,158694.0,grain,23.905337,52.59197998,19196.0726927,18.724731,27.099152,8.374421000000002
1747,1745,Tanta,TUR,TUR,blank,True,91453.0,cotton,24.476063,53.11721802,19387.7845773,1.369904,1.787079,0.4171750000000001
1748,1746,Mansura,TUR,TUR,blank,True,85136.0,fruit,27.870396,49.88745117,18208.91967705,15.871979,17.426025,1.5540459999999996
1749,1747,Ziqaziq,TUR,TUR,blank,True,86644.0,cotton,24.102864,52.307312010000004,19092.16888365,12.541443,18.174683,5.6332400000000025
1750,1748,Giza,TUR,TUR,blank,True,151855.0,cotton,27.612659,59.924163820000004,21872.3197943,9.8414,16.219879,6.378478999999999
1751,1749,Alexandria,TUR,TUR,blank,True,165850.0,cotton,43.258274,93.87780762000001,34265.3997813,60.364288,68.660736,8.296447999999998
1752,1750,Matruh,TUR,TUR,blank,True,96569.0,fruit,15.381048,27.531768800000002,10049.095612000001,43.50177,48.471771,4.970000999999996
1753,1751,Sidi Barrani,TUR,TUR,blank,True,96035.0,fruit,16.198178,28.994415280000002,10582.961577200002,0.0,0.0,0.0
1754,1752,Siwa,TUR,TUR,blank,True,43572.0,grain,4.379738,9.63546753,3516.9456484499997,0.0,0.0,0.0
1755,1753,Suez,TUR,TUR,blank,True,24968.0,cotton,7.224014,15.67733765,5722.22824225,0.0,0.0,0.0
1756,1754,Al Arish,TUR,TUR,blank,True,3720.0,fruit,1.168393,2.09140015,763.36105475,0.0,0.0,0.0
1757,1755,Sharm al-Shaykh,TUR,TUR,blank,True,2767.0,fruit,0.866283,1.55062866,565.9794609,0.0,0.0,0.0
1758,1756,Farafra,TUR,TUR,blank,True,4859.0,fruit,1.254934,2.24630737,819.90219005,0.0,0.0,0.0
1759,1757,Bawiti,TUR,TUR,blank,True,44966.0,grain,4.379738,9.63546753,3516.9456484499997,0.0,0.0,0.0
1760,1758,Mut,TUR,TUR,blank,True,6618.0,grain,1.23124,2.70874023,988.69018395,0.0,0.0,0.0
1761,1759,Baris,TUR,TUR,blank,True,5685.0,fruit,1.85907,3.32769775,1214.60967875,0.0,0.0,0.0
1762,1760,Asyut,TUR,TUR,blank,True,73924.0,cotton,19.056397,41.35562134,15094.8017891,6.031281,10.362823,4.331542000000001
1763,1761,Bani Suwayf,TUR,TUR,blank,True,26808.0,grain,4.94635,10.88201904,3971.9369496,0.798431,1.009918,0.2114870000000001
1764,1762,Minya,TUR,TUR,blank,True,35315.0,cotton,10.09936,21.917327880000002,7999.824676200001,0.857971,1.121918,0.26394699999999993
1765,1763,Fayyum,TUR,TUR,blank,True,65541.0,cotton,18.704291,40.5914917,14815.8944705,14.943939,16.623657,1.6797180000000012
1766,1764,Aswan,TUR,TUR,blank,True,15763.0,grain,2.756488,6.0643005400000005,2213.4696971000003,0.0,0.0,0.0
1767,1765,Luxor,TUR,TUR,blank,True,23661.0,grain,4.379738,9.63546753,3516.9456484499997,0.069458,0.117981,0.048523
1768,1766,Idfu,TUR,TUR,blank,True,27007.0,cotton,7.702694,16.71615601,6101.396943649999,0.581268,0.76886,0.18759199999999998
1769,1767,Qina,TUR,TUR,blank,True,18336.0,cotton,5.200575,11.28613281,4119.43847565,0.0,0.0,0.0
1770,1768,Qusayr,TUR,TUR,blank,True,6243.0,grain,1.056569,2.32446289,848.42895485,3.814117,5.466888,1.652771
1771,1769,Marsa Alam,TUR,TUR,blank,True,12224.0,grain,1.644529,3.6179809599999997,1320.5630503999998,0.0,0.0,0.0
1772,1770,Ras Gharib,TUR,TUR,blank,True,5166.0,grain,0.958594,2.1089172400000002,769.7547926000001,0.0,0.0,0.0
1773,1771,Aaiun,none,none,blank,False,3000.0,fish,0.0,0.0,0.0,0.0,0.0,0.0
1774,1772,Dakhla,none,none,blank,False,2000.0,wool,0.0,0.0,0.0,0.0,0.0,0.0
1775,1773,Nouakchott,ENG,ENG,blank,True,24241.0,fish,3.439551,5.1937561,1895.7209765,8.745575,10.25351,1.5079349999999998
1776,1774,Rosso,ENG,ENG,blank,True,17772.0,wool,0.0,0.0,0.0,5.558807,8.054779,2.495972
1777,1775,Aleg,ENG,ENG,blank,True,20719.0,wool,0.0,0.0,0.0,1.327423,1.793579,0.466156
1778,1776,Maghama,ENG,ENG,blank,True,6911.0,timber,3.341564,3.20806885,1170.94513025,1.072235,1.500397,0.42816199999999993
1779,1777,Shingit,ENG,ENG,blank,True,2953.0,grain,0.0,0.0,0.0,0.0,0.0,0.0
1780,1778,Tichit,none,none,blank,False,3000.0,fruit,0.0,0.0,0.0,0.0,0.0,0.0
1781,1779,Walata,none,none,blank,False,7100.0,wool,0.0,0.0,0.0,0.0,0.0,0.0
1782,1780,Bir Murghayn,none,none,blank,False,4000.0,grain,0.0,0.0,0.0,0.0,0.0,0.0
1783,1781,Dakar,none,none,blank,False,2000.0,grain,0.0,0.0,0.0,0.0,0.0,0.0
1784,1782,Saint-Louis,FRA,FRA,blank,True,6795.0,fruit,1.527584,2.7343444800000003,998.0357352000001,1.745819,1.83136,0.08554100000000009
1785,1783,Banjul,ENG,ENG,blank,True,35922.0,fruit,7.526793,13.472808839999999,4917.5752266,2.138397,3.10495,0.9665530000000002
1786,1784,Linguere,none,none,blank,False,27000.0,grain,0.0,0.0,0.0,0.0,0.0,0.0
1787,1785,Diourbel,none,none,blank,False,11000.0,grain,0.0,0.0,0.0,0.0,0.0,0.0
1788,1786,Kaolack,ENG,ENG,blank,True,19764.0,grain,0.0,0.0,0.0,4.185272,5.112549,0.9272769999999992
1789,1787,Podor,FRA,FRA,blank,True,29069.0,fruit,7.60689,13.616180420000001,4969.905853300001,1.195363,1.249695,0.05433200000000005
1790,1788,Matam,none,none,blank,False,18000.0,fruit,0.0,0.0,0.0,0.0,0.0,0.0
1791,1789,Bakel,ENG,ENG,blank,True,34764.0,cattle,0.006905,0.013671879999999999,4.9902362,5.916351,8.919434,3.003083000000001
1792,1790,Ziguinchor,ENG,ENG,blank,True,29713.0,grain,0.0,0.0,0.0,4.236359,6.281219,2.04486
1793,1791,Velingara,ENG,ENG,blank,True,25732.0,fish,3.877546,5.85513306,2137.1235669,1.856049,2.240143,0.38409400000000016
1794,1792,Bamako,none,none,blank,False,37000.0,fruit,0.0,0.0,0.0,0.0,0.0,0.0
1795,1793,Kayes,none,none,blank,False,25000.0,wool,0.0,0.0,0.0,0.0,0.0,0.0
1796,1794,Nioro,none,none,blank,False,20000.0,fruit,0.0,0.0,0.0,0.0,0.0,0.0
1797,1795,Kita,none,none,blank,False,17000.0,fruit,0.0,0.0,0.0,0.0,0.0,0.0
1798,1796,Bougouni,TUR,TUR,blank,False,37900.0,cattle,0.0,0.0,0.0,0.0,9.49353,9.49353
1799,1797,Sikasso,TUR,TUR,blank,False,42225.0,cotton,0.682795,1.48178101,540.85006865,0.0,12.961945,12.961945
1800,1798,Segu,TUR,TUR,blank,False,62650.0,fruit,0.0,0.0,0.0,0.0,16.693878,16.693878
1801,1799,Mourdiah,none,none,blank,False,16000.0,grain,0.0,0.0,0.0,0.0,0.0,0.0
1802,1800,Jenne,TUR,TUR,blank,False,44200.0,grain,0.0,0.0,0.0,0.0,14.771057,14.771057
1803,1801,Timbuktu,TUR,TUR,blank,False,46650.0,cattle,0.0,0.0,0.0,0.0,11.185577,11.185577
1804,1802,Bandiagara,TUR,TUR,blank,False,57950.0,cattle,0.0,0.0,0.0,0.0,19.659485,19.659485
1805,1803,Gao,TUR,TUR,blank,False,28475.0,wool,0.0,0.0,0.0,0.0,12.709198,12.709198
1806,1804,Taoudenni,TUR,TUR,blank,False,1975.0,grain,0.0,0.0,0.0,0.0,1.248199,1.248199
1807,1805,Tessalit,TUR,TUR,blank,False,3950.0,grain,0.0,0.0,0.0,0.0,1.129364,1.129364
1808,1806,Niamey,TUR,TUR,blank,False,39648.0,grain,0.0,0.0,0.0,9.447357,12.677765,3.2304080000000006
1809,1807,Say,TUR,TUR,blank,False,16698.0,grain,0.0,0.0,0.0,4.675568,5.62149,0.9459219999999995
1810,1808,Dosso,TUR,TUR,blank,False,34445.0,grain,0.0,0.0,0.0,14.745087,17.397247,2.6521600000000003
1811,1809,Maradi,TUR,TUR,blank,False,34420.0,grain,0.0,0.0,0.0,3.450925,3.785583,0.3346580000000001
1812,1810,Agades,TUR,TUR,blank,False,21569.0,wool,0.0,0.0,0.0,3.812317,5.000854,1.1885370000000002
1813,1811,Arlit,TUR,TUR,blank,False,3910.0,fruit,0.428444,0.76690674,279.9209601,0.885783,0.899994,0.014210999999999974
1814,1812,Madama,TUR,TUR,blank,False,10834.0,wool,0.0,0.0,0.0,0.637726,0.711487,0.07376099999999997
1815,1813,Zinder,TUR,TUR,blank,False,56940.0,cattle,0.017663,0.03497314,12.7651961,10.81884,12.064728,1.2458880000000008
1816,1814,Kufe,TUR,TUR,blank,False,23574.0,grain,0.0,0.0,0.0,7.208588,9.000122,1.7915339999999995
1817,1815,Bilma,TUR,TUR,blank,False,8846.0,fruit,0.428444,0.76690674,279.9209601,2.288688,3.544281,1.2555929999999997
1818,1816,Massenya,TUR,TUR,blank,False,21390.0,grain,0.0,0.0,0.0,5.699367,9.39743,3.6980630000000003
1819,1817,Moundou,TUR,TUR,blank,False,11811.0,cotton,2.388524,5.1835021999999995,1891.9783029999999,3.09315,3.562531,0.4693809999999998
1820,1818,Bongor,TUR,TUR,blank,False,8843.0,grain,0.0,0.0,0.0,2.006409,2.176483,0.17007400000000006
1821,1819,Abeche,TUR,TUR,blank,False,18365.0,grain,0.0,0.0,0.0,0.0,14.674927,14.674927
1822,1820,Am Timan,TUR,TUR,blank,False,20672.0,fruit,0.437787,0.78363037,286.02508505000003,3.941925,5.054779,1.112854
1823,1821,Mongo,TUR,TUR,blank,False,22606.0,grain,0.0,0.0,0.0,2.597351,2.877991,0.28064
1824,1822,Mao,TUR,TUR,blank,False,46075.0,fish,0.010934,0.016510010000000002,6.02615365,0.0,14.498901,14.498901
1825,1823,Zouar,TUR,TUR,blank,False,17675.0,fruit,0.0,0.0,0.0,0.0,4.40329,4.40329
1826,1824,Faya,TUR,TUR,blank,False,6875.0,wool,0.0,0.0,0.0,0.0,12.913544,12.913544
1827,1825,Khartoum,TUR,TUR,blank,True,101983.0,tropical_wood,47.950212,292.52890015,106773.04855475001,5.45694,7.887604,2.4306639999999993
1828,1826,Wad Madani,TUR,TUR,blank,True,38597.0,grain,7.234214,15.91534424,5809.1006476,0.585083,0.609589,0.024506000000000028
1829,1827,Kassala,TUR,TUR,blank,True,67764.0,tropical_wood,35.69782,217.78097534,79490.0559991,2.23053,4.203461,1.972931
1830,1828,Sennar,TUR,TUR,blank,True,43915.0,grain,7.898884,17.37762451,6342.83294615,0.488525,0.542664,0.05413900000000005
1831,1829,Rabak,TUR,TUR,blank,True,35068.0,grain,6.5696,14.45318604,5275.4129046,1.124756,1.294952,0.17019600000000001
1832,1830,Fashoda,TUR,TUR,blank,True,35304.0,grain,6.646296,14.621917719999999,5336.9999677999995,0.076722,0.084412,0.007690000000000002
1833,1831,Suakin,TUR,TUR,blank,True,17834.0,tropical_wood,6.409193,39.100433349999996,14271.658172749998,2.561401,4.403931,1.84253
1834,1832,Halaib,TUR,TUR,blank,True,26927.0,fruit,7.59337,13.59197998,4961.0726927,0.0,0.0,0.0
1835,1833,Dongola,TUR,TUR,blank,True,23226.0,fruit,6.619251,11.848327639999999,4324.6395886,0.358948,0.53009,0.17114199999999996
1836,1834,Hayya,TUR,TUR,blank,True,25622.0,tropical_wood,10.078622,61.4864502,22442.554323,0.689575,1.03717,0.3475949999999999
1837,1835,Atbara,TUR,TUR,blank,True,11000.0,tropical_wood,5.182773,31.618438719999997,11540.7301328,0.168854,0.167603,-0.0012510000000000021
1838,1836,Obeid,TUR,TUR,blank,True,25414.0,wool,8.020064,5.53384399,2019.85305635,2.553925,3.941101,1.3871760000000002
1839,1837,Nuhud,TUR,TUR,blank,True,54859.0,grain,7.954204,17.49932861,6387.25494265,1.377655,2.077637,0.6999820000000001
1840,1838,Kaduqli,TUR,TUR,blank,True,44258.0,wool,17.119609,11.812530520000001,4311.573639800001,0.061523,0.078735,0.017211999999999998
1841,1839,Fasher,TUR,TUR,blank,False,33350.0,wool,0.0,0.0,0.0,0.0,16.604126,16.604126
1842,1840,Junaynah,TUR,TUR,blank,False,25650.0,grain,0.0,0.0,0.0,0.0,9.210907,9.210907
1843,1841,Waw,TUR,TUR,blank,False,39169.0,grain,0.0,0.0,0.0,6.408015,8.897919,2.489904
1844,1842,Bor,TUR,TUR,blank,False,84852.0,grain,0.0,0.0,0.0,20.900911,30.959229,10.058318
1845,1843,Yambio,TUR,TUR,blank,False,34257.0,grain,0.0,0.0,0.0,4.631084,5.273071,0.6419869999999994
1846,1844,Lado,TUR,TUR,blank,False,60139.0,timber,51.442709,49.387573239999995,18026.4642326,19.614807,25.827209,6.212402000000001
1847,1845,Kapoeta,TUR,TUR,blank,False,34437.0,wool,0.0,0.0,0.0,8.682863,11.296051,2.613188000000001
1848,1846,Asmara,TUR,TUR,blank,True,33524.0,fruit,9.948842,17.80822754,6500.0030521,1.329926,1.449799,0.11987300000000012
1849,1847,Massawa,TUR,TUR,blank,True,12398.0,precious_metal,8.159225,65.27380371,23824.93835415,0.0,0.0,0.0
1850,1848,Akordat,TUR,TUR,blank,True,10814.0,fruit,3.601063,6.4458313,2352.7284245,0.0,0.0,0.0
1851,1849,Assab,TUR,TUR,blank,True,18895.0,fruit,6.249303,11.18612671,4082.93624915,0.0,0.0,0.0
1852,1850,Gonder,TUR,TUR,blank,True,125426.0,cattle,22.182912,43.92172241,16031.42867965,7.495758,9.929443,2.4336849999999988
1853,1851,Debre Tabor,TUR,TUR,blank,True,125483.0,cattle,17.708497,35.06246948,12797.8013602,7.167725,10.948059,3.7803340000000007
1854,1852,Matamma,TUR,TUR,blank,True,145950.0,grain,16.637054,36.601684569999996,13359.61486805,7.197144,10.994171,3.797027
1855,1853,Debre Markos,TUR,TUR,blank,True,198272.0,cattle,28.197494,55.83047485,20378.12332025,13.620789,19.429596,5.808807
1856,1854,Aksum,TUR,TUR,blank,True,45424.0,cattle,7.833756,15.51068115,5661.39861975,1.424133,1.870209,0.4460759999999999
1857,1855,Antalo,TUR,TUR,blank,True,37329.0,cattle,6.823769,13.51092529,4931.48773085,1.635132,2.300598,0.6654659999999999
1858,1856,Awsa,TUR,TUR,blank,True,12187.0,grain,1.819186,4.00222778,1460.8131397,0.0,0.0,0.0
1859,1857,Ankober,TUR,TUR,blank,True,122194.0,coffee,17.36598,39.77139282,14516.5583793,29.552277,50.058411,20.506134
1860,1858,Awasa,TUR,TUR,blank,True,134181.0,cattle,19.455399,38.52130127,14060.27496355,7.08316,12.144836,5.061675999999999
1861,1859,Aselia,TUR,TUR,blank,True,99958.0,grain,13.565238,29.84365845,10892.93533425,5.371887,8.545258,3.1733710000000004
1862,1860,Bonga,TUR,TUR,blank,True,98707.0,grain,13.859232,30.490448,11129.01352,3.545654,4.551697,1.006043
1863,1861,Asosa,TUR,TUR,blank,True,168846.0,cattle,24.081895,47.68167114,17403.809966099998,3.179077,4.319366,1.1402889999999997
1864,1862,Negele,TUR,TUR,blank,True,219747.0,coffee,25.500225,58.40036011,21316.131440150002,68.313599,78.048157,9.734558000000007
1865,1863,Harer,TUR,TUR,blank,True,89264.0,coffee,13.634416,31.22540283,11397.27203295,3.580109,4.668701,1.0885920000000002
1866,1864,Goba,TUR,TUR,blank,True,77921.0,cattle,12.729103,25.20336914,9199.2297361,10.602295,15.373322,4.771027
1867,1865,Werder,TUR,TUR,blank,True,106245.0,grain,13.215896,29.07510376,10612.4128724,6.163269,7.765625,1.6023560000000003
1868,1866,Mogadishu,TUR,TUR,blank,True,75863.0,cattle,13.392096,26.51608276,9678.3702074,4.186035,6.878326,2.692291
1869,1867,Baidoa,TUR,TUR,blank,True,22791.0,cotton,5.031828,10.91992188,3985.7714862000003,4.095363,4.530853,0.4354899999999997
1870,1868,Kismayo,TUR,TUR,blank,True,20727.0,cattle,0.017663,0.03497314,12.7651961,4.865906,7.373291,2.507385
1871,1869,Hobyo,TUR,TUR,blank,True,18746.0,grain,0.0,0.0,0.0,3.161196,4.010437,0.8492409999999997
1872,1870,Bosaso,TUR,TUR,blank,True,28599.0,grain,0.0,0.0,0.0,5.561646,8.721527,3.1598810000000004
1873,1871,Berbera,TUR,TUR,blank,True,46519.0,cotton,9.317243,20.220001219999997,7380.3004452999985,11.563416,16.747925,5.1845089999999985
1874,1872,Zeyla,TUR,TUR,blank,True,7838.0,grain,0.0,0.0,0.0,1.797058,2.774841,0.9777829999999998
1875,1873,Djibuti,RUS,RUS,blank,True,7060.0,cattle,0.004223,0.008361819999999999,3.0520642999999996,0.780518,0.999725,0.21920699999999993
1876,1874,Cape Verde,TUR,TUR,blank,True,26205.0,coffee,4.183826,9.581756590000001,3497.3411553500005,1.389465,1.746277,0.35681200000000013
1877,1875,Bissau,TUR,TUR,blank,True,11657.0,grain,1.895854,4.17089844,1522.3779306000001,0.0,0.0,0.0
1878,1876,Gabu,ENG,ENG,blank,True,18937.0,grain,0.0,0.0,0.0,2.827271,3.880524,1.0532529999999998
1879,1877,Boffa,none,none,blank,False,24000.0,fruit,0.0,0.0,0.0,0.0,0.0,0.0
1880,1878,Timbo,none,none,blank,False,90000.0,fruit,0.0,0.0,0.0,0.0,0.0,0.0
1881,1879,Dinguiraye,none,none,blank,False,45000.0,fruit,0.0,0.0,0.0,0.0,0.0,0.0
1882,1880,Kankan,none,none,blank,False,38950.0,fruit,0.0,0.0,0.0,0.0,0.0,0.0
1883,1881,Beyla,none,none,blank,False,46000.0,timber,0.0,0.0,0.0,0.0,0.0,0.0
1884,1882,Freetown,ENG,ENG,blank,True,158716.0,precious_metal,69.152237,553.21789551,201924.53186114997,4.061981,5.637177,1.575196
1885,1883,Falaba,ENG,ENG,blank,True,95299.0,coffee,7.735404,17.71554565,6466.174162249999,16.728577,26.50647,9.777892999999999
1886,1884,Bo,ENG,ENG,blank,True,87212.0,grain,0.0,0.0,0.0,12.980682,21.183014,8.202332
1887,1885,Monrovia,LIB,LIB,blank,False,58155.0,coffee,2.182759,4.99893188,1824.6101362,2.409363,3.518921,1.1095580000000003
1888,1886,Harper,LIB,LIB,blank,False,45950.0,coffee,1.943635,4.45129395,1624.72229175,0.845367,0.937927,0.09255999999999998
1889,1887,Bopolu,none,none,blank,False,31000.0,coffee,0.0,0.0,0.0,0.0,0.0,0.0
1890,1888,Gbarnga,none,none,blank,False,33000.0,coffee,0.0,0.0,0.0,0.0,0.0,0.0
1891,1889,Zwedru,none,none,blank,False,42050.0,tropical_wood,0.0,0.0,0.0,0.0,0.0,0.0
1892,1890,Grand Lahou,TUR,TUR,blank,False,28413.0,coffee,4.153391,9.51205444,3471.8998706,4.961091,5.47879,0.5176990000000004
1893,1891,Sassandra,TUR,TUR,blank,False,48698.0,cotton,10.289215,22.3293457,8150.2111805,9.187683,12.926178,3.7384950000000003
1894,1892,Grand Bassam,FRA,FRA,blank,True,27371.0,cattle,3.731891,7.3890686,2697.010039,0.0,0.0,0.0
1895,1893,Bouake,TUR,TUR,blank,False,14735.0,grain,0.0,0.0,0.0,1.419159,1.943726,0.524567
1896,1894,Man,TUR,TUR,blank,False,29487.0,grain,0.0,0.0,0.0,7.852635,10.882172,3.0295370000000004
1897,1895,Akoupe,TUR,TUR,blank,False,22659.0,coffee,3.524195,8.07107544,2945.9425355999997,3.897502,5.299408,1.4019059999999999
1898,1896,Kong,TUR,TUR,blank,False,21655.0,cattle,0.005888,0.01165771,4.25506415,4.941412,7.424957,2.4835450000000003
1899,1897,Bondouku,TUR,TUR,blank,False,17724.0,coffee,2.489122,5.70056152,2080.7049548,4.692763,7.171021,2.4782579999999994
1900,1898,Odienne,TUR,TUR,blank,False,23540.0,cattle,0.005888,0.01165771,4.25506415,2.521362,3.391724,0.8703620000000001
1901,1899,Wagadugu,TUR,TUR,blank,False,116188.0,grain,0.0,0.0,0.0,25.799164,42.524872,16.725708
1902,1900,Wahiguya,TUR,TUR,blank,False,81679.0,grain,0.0,0.0,0.0,16.489044,20.332886,3.8438419999999986
1903,1901,Dori,TUR,TUR,blank,False,66928.0,grain,0.0,0.0,0.0,14.456479,22.11731,7.660831
1904,1902,Fada Ngourma,TUR,TUR,blank,False,42336.0,grain,0.0,0.0,0.0,18.75946,21.276123,2.5166629999999977
1905,1903,Bobo Dioulasso,TUR,TUR,blank,False,34924.0,grain,0.0,0.0,0.0,4.547272,6.040833,1.4935609999999997
1906,1904,Orodaro,TUR,TUR,blank,False,44242.0,grain,0.0,0.0,0.0,9.787595,11.244202,1.456607
1907,1905,Accra,DEN,DEN,blank,True,43720.0,cattle,3.071718,6.0819396999999995,2219.9079905,0.266327,0.313843,0.047516
1908,1906,Cape Coast,ENG,ENG,blank,True,17818.0,coffee,2.161105,4.949340820000001,1806.5093993000003,0.0,0.0,0.0
1909,1907,Sekondi,NET,NET,blank,True,25084.0,cattle,2.129686,4.21673584,1539.1085816,0.0,0.0,0.0
1910,1908,Kumasi,none,none,blank,False,78075.0,coffee,0.0,0.0,0.0,0.0,0.0,0.0
1911,1909,Kintampo,none,none,blank,False,37000.0,cattle,0.0,0.0,0.0,0.0,0.0,0.0
1912,1910,Wa,none,none,blank,False,40000.0,grain,0.0,0.0,0.0,0.0,0.0,0.0
1913,1911,Tamale,none,none,blank,False,15000.0,grain,0.0,0.0,0.0,0.0,0.0,0.0
1914,1912,Lome,TUR,TUR,blank,False,56349.0,fish,8.027202,12.12115479,4424.22149835,10.691681,15.842926,5.151244999999999
1915,1913,Ho,TUR,TUR,blank,False,29540.0,cattle,0.017663,0.03497314,12.7651961,8.353577,10.548157,2.19458
1916,1914,Yendi,TUR,TUR,blank,False,8895.0,cattle,0.017663,0.03497314,12.7651961,1.56366,1.809998,0.24633799999999995
1917,1915,Atakpame,TUR,TUR,blank,False,31557.0,coffee,4.894174,11.20858765,4091.13449225,2.85336,3.461456,0.6080960000000002
1918,1916,Sokode,TUR,TUR,blank,False,5875.0,grain,0.0,0.0,0.0,1.417847,2.0737,0.655853
1919,1917,Cotonou,TUR,TUR,blank,False,70441.0,cattle,0.017663,0.03497314,12.7651961,14.468694,20.961609,6.492915
1920,1918,Abomey,TUR,TUR,blank,False,59150.0,grain,0.0,0.0,0.0,23.341312,26.536652,3.1953400000000016
1921,1919,Nikki,TUR,TUR,blank,False,11793.0,grain,0.0,0.0,0.0,1.062042,1.300781,0.23873900000000003
1922,1920,Jugu,TUR,TUR,blank,False,6871.0,grain,0.0,0.0,0.0,2.479736,2.993225,0.5134889999999999
1923,1921,Lagos,TUR,TUR,blank,False,50115.0,tropical_wood,16.319807,99.56192017,36340.10086205,10.774719,14.837158,4.062439000000001
1924,1922,Abeokuta,TUR,TUR,blank,False,96857.0,grain,0.0,0.0,0.0,18.203369,30.075012,11.871643000000002
1925,1923,Ibadan,TUR,TUR,blank,False,143548.0,coffee,19.942076,45.67114258,16669.9670417,27.705727,29.194092,1.4883650000000017
1926,1924,Ife,TUR,TUR,blank,False,108119.0,tropical_wood,30.304709,184.8793335,67480.9567275,24.940674,29.216034,4.275359999999999
1927,1925,Ilorin,SOK,SOK,blank,False,72464.0,grain,1.703955,3.74871826,1368.2821649,0.0,0.0,0.0
1928,1926,Benin,TUR,TUR,blank,True,152501.0,cattle,0.017663,0.03497314,12.7651961,34.428406,50.443329,16.014922999999996
1929,1927,Akure,TUR,TUR,blank,True,38567.0,tropical_wood,15.009868,91.57040405,33423.19747825,14.488953,47.058685,32.569731999999995
1930,1928,Lokoja,TUR,TUR,blank,True,186626.0,cattle,28.349591,56.13162231,20488.04214315,19.849152,31.744507,11.895354999999999
1931,1929,Warri,TUR,TUR,blank,False,164313.0,tropical_wood,50.155422,305.98217773,111683.49487144999,24.591278,37.158203,12.566925000000001
1932,1930,Bonny,TUR,TUR,blank,False,27698.0,tropical_wood,10.887413,66.42062378,24243.5276797,4.709015,5.444702,0.7356870000000004
1933,1931,Awka,TUR,TUR,blank,False,156698.0,coal,34.874001,92.42761229999999,33736.078489499996,68.887722,75.75174,6.8640180000000015
1934,1932,Calabar,TUR,TUR,blank,False,104103.0,coal,34.874001,92.42761229999999,33736.078489499996,25.494568,36.42215,10.927582000000001
1935,1933,Aruchukwu,TUR,TUR,blank,False,103027.0,fish,8.092905,12.22036743,4460.4341119499995,6.720947,8.466858,1.7459110000000004
1936,1934,Makurdi,TUR,TUR,blank,True,104477.0,grain,16.168431,35.57070923,12983.30886895,14.567413,24.842651,10.275238
1937,1935,Tukari,TUR,TUR,blank,True,49954.0,cattle,6.975834,13.812011720000001,5041.384277800001,2.237122,3.124756,0.8876340000000003
1938,1936,Bussa,TUR,TUR,blank,False,14000.0,fruit,0.0,0.0,0.0,0.0,3.962799,3.962799
1939,1937,Zaria,TUR,TUR,blank,True,79316.0,cattle,9.605844,19.019378659999997,6942.073210899999,5.677765,8.107147,2.4293819999999995
1940,1938,Bida,SOK,SOK,blank,False,22438.0,grain,0.764087,1.68099976,613.5649124,0.0,0.0,0.0
1941,1939,Abuja,TUR,TUR,blank,True,17012.0,cotton,3.904088,8.47253418,3092.4749757,0.0,0.0,0.0
1942,1940,Bauchi,TUR,TUR,blank,True,36208.0,grain,2.9738,6.5423889200000005,2387.9719558,1.073242,2.019409,0.946167
1943,1941,Jos,TUR,TUR,blank,True,16359.0,fruit,4.828037,8.64208984,3154.3627916,0.00218,0.002289,0.00010899999999999972
1944,1942,Gombe,TUR,TUR,blank,True,16046.0,cattle,3.05518,6.04919434,2207.9559341,0.0,0.0,0.0
1945,1943,Kano,TUR,TUR,blank,True,261506.0,fruit,75.718367,135.53436279000002,49470.04241835001,10.677399,13.163116,2.485717000000001
1946,1944,Kebbi,SOK,SOK,blank,False,73946.0,cattle,2.0207,4.00094604,1460.3453046,0.0,0.0,0.0
1947,1945,Katsina,TUR,TUR,blank,True,197619.0,grain,31.216289,68.67614746,25066.7938229,14.123474,21.406525,7.283050999999999
1948,1946,Sokoto,SOK,SOK,blank,False,246906.0,cattle,6.79137,13.44677734,4908.0737291000005,0.0,0.0,0.0
1949,1947,Hadejia,TUR,TUR,blank,True,128940.0,coal,47.407104,125.64447021,45860.23162665,5.270966,8.096313,2.8253470000000007
1950,1948,Yola,TUR,TUR,blank,True,35187.0,grain,5.240344,11.52880859,4208.0151353500005,0.338501,0.557678,0.219177
1951,1949,Kuka,TUR,TUR,blank,False,62574.0,cotton,13.206762,28.66091919,10461.235504350001,11.376587,16.283264,4.906676999999998
1952,1950,Nguru,TUR,TUR,blank,False,47122.0,cattle,0.017663,0.03497314,12.7651961,5.388092,8.139587,2.7514950000000002
1953,1951,Dikoa,TUR,TUR,blank,False,50011.0,fruit,0.437787,0.78363037,286.02508505000003,11.282532,19.285431,8.002899
1954,1952,São Tomé,TUR,TUR,blank,False,8124.0,coffee,1.433727,3.2835083,1198.4805294999999,0.311249,0.355469,0.04421999999999998
1955,1953,Fernando Pó,SPA,SPA,blank,False,2813.0,wool,0.599471,0.41363525,150.97686625,0.199707,0.212402,0.012695000000000012
1956,1954,Douala,TUR,TUR,blank,False,88478.0,grain,0.0,0.0,0.0,16.709106,24.466919,7.757813000000002
1957,1955,Buea,TUR,TUR,blank,False,55536.0,timber,47.9129,45.9987793,16789.5544445,5.549347,6.47348,0.9241330000000003
1958,1956,Kribi,TUR,TUR,blank,False,43522.0,coffee,6.806361,15.58786011,5689.568940149999,15.044103,17.757904,2.713801
1959,1957,Yaounde,TUR,TUR,blank,False,85169.0,timber,67.230665,64.5447998,23558.851927000003,14.068314,18.347076,4.278762
1960,1958,Bafoussam,TUR,TUR,blank,True,72442.0,timber,52.277004,50.188537600000004,18318.816224000002,13.070007,16.442932,3.3729249999999986
1961,1959,Bamenda,TUR,TUR,blank,True,91720.0,timber,70.389578,67.57751465,24665.79284725,15.582854,19.677948,4.095094000000001
1962,1960,Bertoua,TUR,TUR,blank,False,72970.0,grain,0.0,0.0,0.0,14.01989,22.391632,8.371742000000001
1963,1961,Ngaoundere,TUR,TUR,blank,True,42390.0,grain,6.177618,13.59082031,4960.64941315,0.22226,0.286926,0.064666
1964,1962,Maroua,TUR,TUR,blank,True,26653.0,fruit,0.437787,0.78363037,286.02508505000003,5.929199,9.417053,3.4878539999999996
1965,1963,Bangui,TUR,TUR,blank,False,27258.0,timber,18.041211,17.320465090000003,6321.969757850001,15.320038,16.750366,1.4303279999999994
1966,1964,Nola,TUR,TUR,blank,False,9835.0,cattle,0.017663,0.03497314,12.7651961,1.982708,2.535339,0.5526310000000001
1967,1965,Bouar,TUR,TUR,blank,False,6884.0,cattle,0.017663,0.03497314,12.7651961,0.811707,0.912354,0.10064700000000004
1968,1966,Bossangoa,TUR,TUR,blank,False,13746.0,grain,0.0,0.0,0.0,2.776931,3.871368,1.094437
1969,1967,Zemio,TUR,TUR,blank,False,10823.0,cattle,0.017663,0.03497314,12.7651961,4.94986,4.383148,-0.5667119999999999
1970,1968,Bangassou,TUR,TUR,blank,False,13845.0,timber,10.732028,10.30328369,3760.69854685,2.593499,2.863586,0.2700870000000002
1971,1969,Ndele,TUR,TUR,blank,False,6846.0,cattle,0.017663,0.03497314,12.7651961,3.585786,3.877167,0.2913809999999999
1972,1970,Libreville,TUR,TUR,blank,False,13345.0,timber,9.120275,8.75592041,3195.91094965,2.600067,4.060913,1.460846
1973,1971,Bata,TUR,TUR,blank,False,34004.0,timber,26.66255,25.59738159,9343.044280350001,17.347565,19.027802,1.6802370000000018
1974,1972,Mayumbe,TUR,TUR,blank,False,7881.0,timber,6.103929,5.8600769,2138.9280685,1.727722,2.704712,0.9769899999999998
1975,1973,Moanda,TUR,TUR,blank,False,6893.0,timber,5.305268,5.0933227500000005,1859.06280375,1.931061,2.754791,0.8237300000000001
1976,1974,Makokou,TUR,TUR,blank,False,17728.0,iron,3.186965,16.86462402,6155.5877673,5.826151,6.307648,0.48149700000000006
1977,1975,Nkuna,TUR,TUR,blank,False,10810.0,fruit,0.992719,1.7769470200000002,648.5856623000001,2.81427,3.07016,0.25588999999999995
1978,1976,Madingou,TUR,TUR,blank,False,3909.0,iron,0.701021,3.70962524,1354.0132125999999,1.126312,1.254181,0.127869
1979,1977,Biloka,ENG,ENG,blank,False,3113.0,tropical_wood,0.403588,2.4621581999999997,898.687743,0.0,0.0,0.0
1980,1978,Djambala,TUR,TUR,blank,False,6877.0,timber,5.305268,5.0933227500000005,1859.06280375,1.287108,1.636444,0.3493360000000001
1981,1979,Impfondo,TUR,TUR,blank,False,7888.0,timber,6.103929,5.8600769,2138.9280685,1.665588,2.377899,0.7123110000000001
1982,1980,Kinshasa,TUR,TUR,blank,False,33254.0,fruit,0.992719,1.7769470200000002,648.5856623000001,6.232208,9.318939,3.0867310000000003
1983,1981,Boma,TUR,TUR,blank,False,8848.0,timber,6.902558,6.6268005400000005,2418.7821971000003,2.455688,3.097107,0.641419
1984,1982,Kananga,TUR,TUR,blank,False,47175.0,fruit,0.0,0.0,0.0,0.0,6.2659,6.2659
1985,1983,Kumbana,TUR,TUR,blank,False,30536.0,grain,0.0,0.0,0.0,9.674074,11.257538,1.583464000000001
1986,1984,Lusambo,TUR,TUR,blank,False,46100.0,tropical_wood,0.595882,3.63528442,1326.8788133,0.0,15.724854,15.724854
1987,1985,Bunkeya,TUR,TUR,blank,False,112825.0,grain,0.0,0.0,0.0,0.0,51.737854,51.737854
1988,1986,Mussumba,TUR,TUR,blank,False,26525.0,tropical_wood,0.658611,4.01797485,1466.56082025,0.0,4.680939,4.680939
1989,1987,Munza,TUR,TUR,blank,False,68550.0,tropical_wood,0.533158,3.25262451,1187.20794615,0.0,19.3638,19.3638
1990,1988,Nyangwe,TUR,TUR,blank,False,28025.0,fruit,0.0,0.0,0.0,0.0,7.245239,7.245239
1991,1989,Uvira,TUR,TUR,blank,False,18625.0,fruit,0.0,0.0,0.0,0.0,4.216919,4.216919
1992,1990,Basoko,TUR,TUR,blank,False,30925.0,timber,2.530602,2.42950439,886.76910235,0.0,9.248566,9.248566
1993,1991,Irebu,TUR,TUR,blank,False,14725.0,grain,0.0,0.0,0.0,0.0,6.918335,6.918335
1994,1992,Nsheng,TUR,TUR,blank,False,14725.0,grain,0.0,0.0,0.0,0.0,3.384521,3.384521
1995,1993,Gemena,TUR,TUR,blank,False,27450.0,cotton,0.624268,1.35476685,494.48990025,0.0,3.507294,3.507294
1996,1994,Kisangani,TUR,TUR,blank,False,38225.0,tropical_wood,0.533158,3.25262451,1187.20794615,0.0,58.147369,58.147369
1997,1995,Mungbane,TUR,TUR,blank,False,18650.0,fruit,0.0,0.0,0.0,0.0,7.684235,7.684235
1998,1996,Baramo,TUR,TUR,blank,False,26475.0,fruit,0.0,0.0,0.0,0.0,10.503418,10.503418
1999,1997,Luanda,D01,D01,blank,False,46076.0,coffee,3.914481,8.96490479,3272.1902483500003,8.382568,12.170959,3.7883910000000007
2000,1998,Cabinda,TUR,TUR,blank,False,29262.0,fruit,0.992719,1.7769470200000002,648.5856623000001,4.944365,6.015747,1.0713819999999998
2001,1999,Mbanza,D01,D01,blank,False,43080.0,fruit,5.530341,9.899200440000001,3613.2081606000006,4.401008,5.947174,1.5461660000000004
2002,2000,Quibala,TUR,TUR,blank,False,29700.0,coffee,0.0,0.0,0.0,0.0,0.0,0.0
2003,2001,Benguela,D01,D01,blank,False,33963.0,grain,1.88577,4.14871216,1514.2799383999998,1.281735,1.682922,0.40118699999999996
2004,2002,Moçâmedes,D01,D01,blank,False,32825.0,fish,5.061842,7.64343262,2789.8529062999996,2.30957,2.552795,0.24322500000000025
2005,2003,Huambo,TUR,TUR,blank,False,52080.0,fruit,0.0,0.0,0.0,0.0,0.0,0.0
2006,2004,Kuito,TUR,TUR,blank,False,38255.0,fruit,0.0,0.0,0.0,0.0,0.0,0.0
2007,2005,Mavinga,TUR,TUR,blank,False,19775.0,grain,0.0,0.0,0.0,0.0,0.0,0.0
2008,2006,Ondjiva,TUR,TUR,blank,False,8945.0,iron,0.0,0.0,0.0,0.0,0.0,0.0
2009,2007,Malanje,TUR,TUR,blank,False,10870.0,fruit,0.0,0.0,0.0,0.0,0.0,0.0
2010,2008,Saurimo,TUR,TUR,blank,False,27700.0,cattle,0.0,0.0,0.0,0.0,0.0,0.0
2011,2009,Kubanda,TUR,TUR,blank,False,18800.0,grain,0.0,0.0,0.0,0.0,0.0,0.0
2012,2010,Lusaka,TUR,TUR,blank,False,6824.0,grain,0.0,0.0,0.0,1.83536,2.146606,0.3112459999999997
2013,2011,Mongu,TUR,TUR,blank,False,12757.0,cattle,0.017663,0.03497314,12.7651961,2.283783,3.244049,0.9602659999999998
2014,2012,Kasempa,TUR,TUR,blank,False,9825.0,grain,0.0,0.0,0.0,0.604333,0.601288,-0.0030449999999999644
2015,2013,Monzo,TUR,TUR,blank,False,26573.0,grain,0.0,0.0,0.0,0.993617,0.964172,-0.029444999999999943
2016,2014,Kazembe,TUR,TUR,blank,False,22672.0,grain,0.0,0.0,0.0,4.313965,6.098907,1.784942
2017,2015,Kasema,TUR,TUR,blank,False,16722.0,cattle,0.017663,0.03497314,12.7651961,3.390442,4.681946,1.2915039999999998
2018,2016,Chipata,TUR,TUR,blank,False,22617.0,grain,0.0,0.0,0.0,5.648682,7.320618,1.6719359999999996
2019,2017,Entebbe,TUR,TUR,blank,False,103400.0,cotton,0.51371,1.11483765,406.91574224999994,0.0,28.932434,28.932434
2020,2018,Mbarara,TUR,TUR,blank,False,52000.0,cotton,0.51371,1.11483765,406.91574224999994,0.0,15.513824,15.513824
2021,2019,Masindi,TUR,TUR,blank,False,47075.0,coffee,0.338224,0.7745971700000001,282.72796705,0.0,20.270294,20.270294
2022,2020,Kitgum,TUR,TUR,blank,False,82200.0,cotton,0.51371,1.11483765,406.91574224999994,0.0,5.783752,5.783752
2023,2021,Jinja,TUR,TUR,blank,False,54775.0,cotton,0.51371,1.11483765,406.91574224999994,0.0,82.49231,82.49231
2024,2022,Nairobi,TUR,TUR,blank,True,65314.0,grain,0.0,0.0,0.0,13.028647,18.020569,4.991921999999999
2025,2023,Marsabit,TUR,TUR,blank,True,12822.0,cattle,0.017663,0.03497314,12.7651961,3.017517,3.413971,0.3964540000000003
2026,2024,Lodwar,TUR,TUR,blank,False,10638.0,tea,1.873401,6.01473999,2195.38009635,1.967834,3.275024,1.30719
2027,2025,Nakuru,TUR,TUR,blank,False,31603.0,coffee,4.344743,9.95028687,3631.8547075499996,5.66913,7.220734,1.5516040000000002
2028,2026,Kisumu,TUR,TUR,blank,False,48459.0,tea,9.367108,30.074035639999998,10977.0230086,7.530029,8.383423,0.8533940000000007
2029,2027,Mombasa,TUR,TUR,blank,True,37089.0,fish,10.584295,15.98239136,5833.572846399999,0.04303,0.070068,0.027038000000000006
2030,2028,Lamu,TUR,TUR,blank,True,32050.0,cattle,5.922998,11.72741699,4280.50720135,0.0,0.0,0.0
2031,2029,Wajir,TUR,TUR,blank,True,24542.0,coffee,3.808371,8.721893309999999,3183.4910581499994,7.670227,9.867401,2.1971739999999995
2032,2030,Garissa,TUR,TUR,blank,True,42378.0,coffee,6.522171,14.937011720000001,5452.009277800001,3.586255,4.099335,0.51308
2033,2031,Voi,TUR,TUR,blank,True,25610.0,grain,0.0,0.0,0.0,3.386322,3.938446,0.5521240000000001
2034,2032,Kigali,TUR,TUR,blank,False,133475.0,coffee,18.907003,43.30062866,15804.7294609,14.183228,16.822784,2.639555999999999
2035,2033,Usumbura,TUR,TUR,blank,False,110424.0,cotton,22.369854,48.54638672,17719.4311528,34.032898,49.64267,15.609772
2036,2034,Dar Es Salaam,TUR,TUR,blank,True,68725.0,fish,24.30612,36.702484129999995,13396.406707449998,2.512207,3.366608,0.8544009999999997
2037,2035,Tanga,TUR,TUR,blank,True,25914.0,grain,4.848389,10.66650391,3893.27392715,0.0,0.0,0.0
2038,2036,Kilwa,TUR,TUR,blank,True,52787.0,grain,7.60489,16.73083496,6106.7547604,2.222809,2.575195,0.3523860000000001
2039,2037,Lindi,TUR,TUR,blank,True,26379.0,grain,3.889753,8.55749512,3123.4857188,0.0,0.0,0.0
2040,2038,Songea,TUR,TUR,blank,True,33506.0,grain,0.0,0.0,0.0,5.500057,6.563507,1.0634500000000005
2041,2039,Masasi,TUR,TUR,blank,True,32534.0,cattle,0.017663,0.03497314,12.7651961,5.493487,6.684113,1.190626
2042,2040,Iringa,TUR,TUR,blank,True,73737.0,tobacco,15.220355,17.65652466,6444.6315009,18.18129,20.754272,2.5729819999999997
2043,2041,Tabora,TUR,TUR,blank,False,63961.0,tobacco,13.5913,15.76672363,5754.8541249499995,10.670436,12.500336,1.8299000000000003
2044,2042,Mwanza,TUR,TUR,blank,False,89623.0,cotton,17.844283,38.725128170000005,14134.671782050002,35.903778,42.500214,6.596435999999997
2045,2043,Morogoro,TUR,TUR,blank,True,57174.0,fruit,0.437787,0.78363037,286.02508505000003,9.296661,13.822357,4.525696
2046,2044,Ujiji,TUR,TUR,blank,False,75565.0,coffee,11.664277,26.71340942,9750.3944383,17.483063,25.671875,8.188811999999999
2047,2045,Arusha,TUR,TUR,blank,False,19644.0,grain,0.0,0.0,0.0,6.409496,8.174347,1.7648509999999993
2048,2046,Zanzibar,TUR,TUR,blank,True,49865.0,grain,7.626211,16.777740480000002,6123.875275200001,0.688049,1.143616,0.45556699999999994
2049,2047,Lourenzo Marques,D02,D02,blank,False,82898.0,grain,7.310869,16.08398438,5870.6542987,0.530304,0.738342,0.20803800000000006
2050,2048,Chaimate,D02,D02,blank,False,91335.0,grain,9.373751,20.622344969999997,7527.1559140499985,1.331529,1.174133,-0.15739599999999987
2051,2049,Inhambane,D02,D02,blank,False,56341.0,grain,4.563481,10.03970337,3664.49173005,1.197296,1.731842,0.5345460000000002
2052,2050,Massekisse,D03,D03,blank,False,72163.0,grain,8.608554,18.93890381,6912.699890649999,1.820801,2.747131,0.9263300000000001
2053,2051,Sena,D02,D02,blank,False,55772.0,grain,4.196675,9.23272705,3369.9453732499996,10.306305,15.873016,5.566711
2054,2052,Tete,D03,D03,blank,False,27451.0,grain,2.665837,5.86486816,2140.6768784,2.524414,2.858215,0.3338009999999998
2055,2053,Songo,D03,D03,blank,False,39332.0,grain,4.665187,10.26345825,3746.1622612499996,6.466339,10.698029,4.23169
2056,2054,Zumbo,D03,D03,blank,False,25547.0,coffee,3.258114,7.4617004399999995,2723.5206605999997,0.437592,0.562256,0.124664
2057,2055,Sofala,D02,D02,blank,False,47026.0,tobacco,6.246836,7.2467041,2645.0469964999998,0.0,0.0,0.0
2058,2056,Mossurize,D03,D03,blank,False,38054.0,grain,4.054367,8.91964722,3255.6712353,1.008713,1.487488,0.47877499999999995
2059,2057,Quelimane,D02,D02,blank,False,29108.0,grain,3.04048,6.68908691,2441.51672215,3.917751,4.839142,0.9213909999999998
2060,2058,Moçambique,D02,D02,blank,False,36988.0,cotton,5.567475,12.08236694,4410.0639331,4.03949,6.110443,2.0709530000000003
2061,2059,Angoche,D02,D02,blank,False,45879.0,tobacco,6.885462,7.98754883,2915.4553229499998,7.23645,11.186829,3.950379
2062,2060,Shangzhou,XBI,XBI,blank,False,492934.0,coal,30.718336,81.41372680999999,29716.010285649994,52.445587,79.735626,27.290038999999993
2063,2061,Ibo,D02,D02,blank,False,70957.0,grain,7.129526,15.68502808,5725.0352492,10.793915,14.232544,3.4386290000000006
2064,2062,Nampula,TUR,TUR,blank,True,71908.0,grain,6.84226,15.05303955,5494.35943575,1.798096,2.389771,0.5916750000000002
2065,2063,Milange,D02,D02,blank,False,38414.0,grain,3.932921,8.65246582,3158.1500243,1.201904,1.735352,0.5334479999999999
2066,2064,Zomba,TUR,TUR,blank,True,61122.0,tobacco,16.131626,18.713653559999997,6830.483549399999,2.538696,3.621979,1.0832830000000002
2067,2065,Lilongwe,TUR,TUR,blank,False,39160.0,cattle,0.017663,0.03497314,12.7651961,1.310538,1.295685,-0.014853000000000005
2068,2066,Harare,TUR,TUR,blank,False,18825.0,coffee,0.0,0.0,0.0,0.0,0.0,0.0
2069,2067,Gweru,TUR,TUR,blank,False,23550.0,cattle,0.0,0.0,0.0,0.0,0.0,0.0
2070,2068,Mutare,TUR,TUR,blank,False,23550.0,tobacco,0.0,0.0,0.0,0.0,0.0,0.0
2071,2069,Bulawayo,TUR,TUR,blank,False,16645.0,iron,0.0,0.0,0.0,0.0,0.0,0.0
2072,2070,Hwange,TUR,TUR,blank,False,11815.0,cattle,0.0,0.0,0.0,0.0,0.0,0.0
2073,2071,Masvingo,TUR,TUR,blank,False,17675.0,iron,0.0,0.0,0.0,0.0,0.0,0.0
2074,2072,Gaborone,TUR,TUR,blank,False,7301.0,wool,0.0,0.0,0.0,1.38123,1.751678,0.3704480000000001
2075,2073,Serowe,TUR,TUR,blank,False,1942.0,grain,0.0,0.0,0.0,0.355408,0.385895,0.030486999999999986
2076,2074,Nokaneng,TUR,TUR,blank,False,2932.0,fruit,0.437787,0.78363037,286.02508505000003,0.994354,1.323273,0.32891899999999996
2077,2075,Tsabong,TUR,TUR,blank,False,2924.0,grain,0.0,0.0,0.0,0.788662,0.796661,0.007998999999999978
2078,2076,Windhoek,TUR,TUR,blank,False,18979.0,wool,0.0,0.0,0.0,5.862671,7.799377,1.936706
2079,2077,Swakopmund,TUR,TUR,blank,False,12831.0,fish,3.257962,4.91955566,1795.6378159,2.195587,3.407257,1.2116699999999998
2080,2078,Tsumeb,TUR,TUR,blank,False,5898.0,wool,0.0,0.0,0.0,1.265693,1.427368,0.161675
2081,2079,Linyati,TUR,TUR,blank,False,3865.0,grain,0.0,0.0,0.0,0.594757,0.850372,0.25561500000000004
2082,2080,Otjinene,TUR,TUR,blank,False,10802.0,grain,0.0,0.0,0.0,2.533844,2.790924,0.25707999999999975
2083,2081,Walvis Bay,TUR,TUR,blank,False,1398.0,wool,0.0,0.0,0.0,0.460632,0.464447,0.003815000000000013
2084,2082,Angra Pequena,TUR,TUR,blank,False,6889.0,precious_metal,3.573273,28.58618164,10433.9562986,0.351318,0.385895,0.03457699999999997
2085,2083,Nu-gouses,TUR,TUR,blank,False,2904.0,grain,0.0,0.0,0.0,0.843781,1.007019,0.1632380000000001
2086,2084,Karasburg,TUR,TUR,blank,False,4879.0,grain,0.0,0.0,0.0,0.168518,0.232361,0.06384300000000001
2087,2085,Cape Town,TUR,TUR,blank,True,63840.0,fruit,13.346304,23.88961792,8719.710540799999,17.475006,26.504425,9.029419
2088,2086,Springbok,TUR,TUR,blank,True,2981.0,wool,0.0,0.0,0.0,0.545505,0.691437,0.14593199999999995
2089,2087,Worcester,TUR,TUR,blank,True,41992.0,fruit,13.161321,23.5585022,8598.853303,1.687164,2.55838,0.871216
2090,2088,Swettenham,TUR,TUR,blank,True,35920.0,wool,12.325342,8.504486080000001,3104.1374192000003,1.062103,1.807526,0.745423
2091,2089,Mossel Bay,TUR,TUR,blank,True,10165.0,precious_metal,6.781036,54.248291019999996,19800.626222299998,0.0,0.0,0.0
2092,2090,Beaufort,TUR,TUR,blank,True,13412.0,precious_metal,6.844482,54.755859380000004,19985.888673700003,0.017578,0.013062,-0.004515999999999999
2093,2091,Calvinia,TUR,TUR,blank,True,6110.0,grain,1.056569,2.32446289,848.42895485,1.376312,2.315491,0.9391790000000002
2094,2092,Kimberley,TUR,TUR,blank,True,38774.0,cattle,0.017663,0.03497314,12.7651961,1.801514,1.965698,0.16418399999999989
2095,2093,Dikathong,TUR,TUR,blank,True,4954.0,grain,0.0,0.0,0.0,0.0,0.0,0.0
2096,2094,Port Elizabeth,TUR,TUR,blank,True,18179.0,fruit,4.828037,8.64208984,3154.3627916,0.700226,0.992096,0.29186999999999996
2097,2095,Graaf Reinet,TUR,TUR,blank,True,24871.0,precious_metal,14.59227,116.73815918,42609.428100699995,0.03314,0.018127,-0.015013000000000002
2098,2096,Bisho,TUR,TUR,blank,True,13059.0,wool,4.013017,2.76898193,1010.6784044499999,0.027405,0.02243,-0.004975
2099,2097,Mathele,TUR,TUR,blank,True,13375.0,grain,1.917189,4.21783447,1539.50958155,0.0,0.0,0.0
2100,2098,Umtata,TUR,TUR,blank,True,23881.0,wool,7.042174,4.85910034,1773.5716241000002,0.0,0.0,0.0
2101,2099,Bloemfontein,TUR,TUR,blank,False,47566.0,wool,18.033898,12.44338989,4541.837309850001,3.500854,4.63916,1.1383060000000005
2102,2100,Winburg,TUR,TUR,blank,False,34037.0,coal,12.381697,32.81558228,11977.6875322,1.154816,1.749237,0.5944209999999999
2103,2101,Philippolis,TUR,TUR,blank,False,38010.0,iron,6.713654,35.52697754,12967.346802099999,0.0,0.0,0.0
2104,2102,Thaba Bosiu,ENG,ENG,blank,True,46355.0,coal,11.081959,29.37084961,10720.36010765,2.020111,2.471771,0.45165999999999995
2105,2103,Pretoria,TRN,TRN,blank,False,32086.0,grain,1.726316,3.7979126,1386.238099,0.614058,0.602051,-0.01200699999999999
2106,2104,Witwatersrand,TRN,TRN,blank,False,22871.0,wool,3.030307,2.09091187,763.18283255,0.0,0.0,0.0
2107,2105,Klerksdorp,TRN,TRN,blank,False,30272.0,precious_metal,10.283173,82.26538086000001,30026.8640139,0.0,0.0,0.0
2108,2106,Mosega,TRN,TRN,blank,False,18893.0,precious_metal,4.249176,33.9934082,12407.593992999999,0.0,0.0,0.0
2109,2107,Lydenburg,TRN,TRN,blank,False,11575.0,grain,0.627397,1.38027954,503.8020321,0.0,0.0,0.0
2110,2108,Thohoyandu,TRN,TRN,blank,False,7451.0,grain,0.399473,0.8788452099999999,320.77850164999995,0.0,0.0,0.0
2111,2109,Durban,ENG,ENG,blank,True,31638.0,wool,15.744815,10.86392212,3965.3315738,0.0,0.0,0.0
2112,2110,Ladysmith,ENG,ENG,blank,True,41964.0,grain,3.486978,7.67138672,2800.0561528,3.048889,4.775238,1.726349
2113,2111,Ulundi,ENG,ENG,blank,True,87733.0,wool,23.79429,16.4180603,5992.5920095,12.691223,19.234589,6.543365999999999
2114,2112,Mbabane,TRN,TRN,blank,False,13711.0,grain,0.94181,2.07199097,756.2767040499999,0.0,0.0,0.0
2115,2113,Tananarive,FRA,FRA,blank,True,199253.0,tropical_wood,49.654519,302.92633057,110568.11065805,60.267273,76.076477,15.809203999999994
2116,2114,Fianarantsoa,FRA,FRA,blank,True,64179.0,coal,14.881109,39.43984985,14395.54519525,11.163727,17.763031,6.599304000000002
2117,2115,Ampanihy,FRA,FRA,blank,True,57636.0,grain,6.041551,13.291473389999998,4851.38778735,6.766479,11.094757,4.328277999999999
2118,2116,Tolanaro,FRA,FRA,blank,True,39114.0,grain,5.512573,12.127716060000001,4426.6163619,1.509399,2.269806,0.760407
2119,2117,Toamasina,FRA,FRA,blank,True,33106.0,fruit,8.036698,14.385528560000001,5250.7179244,8.842224,12.928131,4.085907000000001
2120,2118,Antsiranana,FRA,FRA,blank,True,29726.0,timber,21.20715,20.359924319999998,7431.372376799999,7.409912,12.959259,5.549346999999999
2121,2119,Mahajanga,FRA,FRA,blank,True,57507.0,timber,33.460146,32.12341309,11725.04577785,1.26828,1.708008,0.4397279999999999
2122,2120,Toliara,FRA,FRA,blank,True,39185.0,fruit,9.403764,16.832550050000002,6143.880768250001,1.622009,2.033051,0.4110419999999999
2123,2121,Comoros,FRA,FRA,blank,True,15509.0,fish,3.300586,4.983917239999999,1819.1297925999997,1.702637,2.811737,1.1091
2124,2122,Mayotte,FRA,FRA,blank,False,1323.0,grain,0.053031,0.1166687,42.5840755,1.051544,1.632141,0.580597
2125,2123,Mauritius,ENG,ENG,blank,False,37034.0,fruit,8.25583,14.777771000000001,5393.886415000001,0.987335,1.193634,0.20629900000000012
2126,2124,Bourbon,FRA,FRA,blank,False,30838.0,fish,6.630031,10.01141357,3654.16595305,0.209625,0.32489,0.115265
2127,2125,Seychelles,ENG,ENG,blank,False,1282.0,fruit,0.273758,0.49002075,178.85757375,0.0,0.0,0.0
2128,2126,Diego Garcia,TUR,TUR,blank,True,15.0,fish,0.0,0.0,0.0,0.0,0.0,0.0
2129,2127,Saint Helena,ENG,ENG,blank,False,601.0,fish,0.071605,0.10812378,39.4651797,0.0,0.0,0.0
2130,2128,Ascension,ENG,ENG,blank,False,185.0,fish,0.004608,0.00695801,2.53967365,0.0,0.0,0.0
2131,2129,Falkland Islands,ENG,ENG,blank,False,110.0,wool,0.0,0.0,0.0,0.0,0.0,0.0
2132,2130,Tristan da Cunha,ENG,ENG,blank,False,600.0,fish,0.004608,0.00695801,2.53967365,0.0,0.0,0.0
2133,2131,South Georgia,ENG,ENG,blank,False,479.0,fish,0.0,0.0,0.0,0.0,0.0,0.0
2134,2132,Azores,TUR,TUR,blank,True,79072.0,fruit,20.258357,36.26205444,13235.6498706,5.502197,6.104401,0.6022040000000004
2135,2133,Madeira,TUR,TUR,blank,True,38711.0,fruit,10.38668,18.59194946,6786.0615529,5.594879,8.527954,2.9330749999999997
2136,2134,Canary Islands,SPA,SPA,blank,False,67000.0,fruit,9.620169,17.21990967,6285.26702955,0.0,0.0,0.0
2137,2135,Hermosillo,MEX,MEX,blank,False,24957.0,cattle,1.26623,2.5071106,915.0953689999999,2.214447,3.1633,0.9488530000000002
2138,2136,Loreto,MEX,MEX,blank,False,1694.0,fish,0.073929,0.1116333,40.7461545,0.0,0.0,0.0
2139,2137,Rosarito,MEX,MEX,blank,False,6327.0,fruit,0.6464,1.1570434600000001,422.32086290000007,0.0,0.0,0.0
2140,2138,Nogales,MEX,MEX,blank,False,3866.0,grain,0.134818,0.29660034,108.25912410000001,0.0,0.0,0.0
2141,2139,Guaymas,MEX,MEX,blank,False,16519.0,cattle,0.900786,1.78353882,650.9916693,1.225586,1.802521,0.576935
2142,2140,Chihuahua,MEX,MEX,blank,False,30607.0,precious_metal,7.411438,59.29150391,21641.39892715,4.929932,7.850281,2.920349
2143,2141,Paso del Norte,MEX,MEX,blank,False,4046.0,grain,0.198682,0.43710327,159.54269355,0.0,0.0,0.0
2144,2142,Delicias,MEX,MEX,blank,False,2695.0,cattle,0.099399,0.19680786,71.8348689,0.0,0.0,0.0
2145,2143,Parral,MEX,MEX,blank,False,4754.0,cattle,0.175046,0.34658813,126.50466745,0.0,0.0,0.0
2146,2144,Monterrey,MEX,MEX,blank,False,28635.0,grain,0.0,0.0,0.0,3.923492,5.750366,1.8268739999999997
2147,2145,Morelos,MEX,MEX,blank,False,2943.0,grain,0.127715,0.28097534,102.55599910000001,0.0,0.0,0.0
2148,2146,Reynosa,MEX,MEX,blank,False,4833.0,fish,0.0,0.0,0.0,0.0,0.0,0.0
2149,2147,Matamoros,MEX,MEX,blank,False,7413.0,cattle,0.0,0.0,0.0,0.933411,1.450134,0.516723
2150,2148,Ciudad Victoria,MEX,MEX,blank,False,6875.0,cattle,0.363255,0.71923828,262.5219722,0.371643,0.489166,0.11752299999999999
2151,2149,Saltillo,MEX,MEX,blank,False,14092.0,dye,0.0,0.0,0.0,1.326233,1.918793,0.59256
2152,2150,Monclova,MEX,MEX,blank,False,11047.0,dye,0.0,0.0,0.0,1.450531,2.128448,0.6779170000000001
2153,2151,Durango,MEX,MEX,blank,False,17796.0,precious_metal,4.17334,33.38671875,12186.15234375,1.933502,2.819305,0.8858029999999999
2154,2152,Santa María del Oro,MEX,MEX,blank,False,13489.0,grain,0.577626,1.27078247,463.83560155000004,1.241547,1.804047,0.5625
2155,2153,Torreón,MEX,MEX,blank,False,15687.0,cattle,0.0,0.0,0.0,1.298004,1.81012,0.512116
2156,2154,Mazatlán,MEX,MEX,blank,False,35650.0,cattle,1.972334,3.90518188,1425.3913862000002,3.616699,5.501251,1.8845519999999998
2157,2155,Culiacán,MEX,MEX,blank,False,9332.0,precious_metal,2.194763,17.558105469999997,6408.708496549999,0.0,0.0,0.0
2158,2156,Zacatecas,MEX,MEX,blank,False,94269.0,grain,4.406982,9.695404049999999,3538.8224782499997,8.613068,9.835449,1.2223810000000004
2159,2157,San Luis Potosí,MEX,MEX,blank,False,93730.0,grain,5.241551,11.53146362,4208.9842213,13.975159,22.355438,8.380279
2160,2158,Aguascalientes,MEX,MEX,blank,False,47935.0,timber,14.052486,13.49108887,4924.2474375500005,4.33728,7.079742,2.7424620000000006
2161,2159,Tepic,MEX,MEX,blank,False,29624.0,fish,1.892886,2.85827637,1043.27087505,2.150665,3.155701,1.005036
2162,2160,Veracruz,MEX,MEX,blank,False,39093.0,grain,2.109088,4.64001465,1693.60534725,4.091644,7.878326,3.7866820000000008
2163,2161,Tampico,MEX,MEX,blank,False,22508.0,fish,1.794038,2.7090148899999997,988.7904348499999,1.207123,1.930756,0.723633
2164,2162,Minatitlán,MEX,MEX,blank,False,14391.0,iron,0.696303,3.68466187,1344.9015825499998,0.0,0.0,0.0
2165,2163,Villahermosa,MEX,MEX,blank,False,15857.0,coffee,0.98946,2.26605225,827.1090712499999,0.848755,1.319977,0.4712219999999999
2166,2164,Guadalajara,MEX,MEX,blank,False,88935.0,fish,6.635104,10.01907349,3656.96182385,6.722748,11.092896,4.3701479999999995
2167,2165,Guanajuato,MEX,MEX,blank,False,193546.0,grain,7.986511,17.57040405,6413.19747825,29.551056,56.110931,26.559875
2168,2166,Puerto Vallarta,MEX,MEX,blank,False,45923.0,fish,3.759458,5.67681885,2072.03888025,4.366089,7.082703,2.7166140000000008
2169,2167,Colima,MEX,MEX,blank,False,31716.0,iron,1.533765,8.11630249,2962.4504088500003,2.55188,3.721344,1.169464
2170,2168,Morelia,MEX,MEX,blank,False,81445.0,wool,10.181327,7.02511597,2564.16732905,3.293793,4.162659,0.8688659999999997
2171,2169,Los Albañiles,MEX,MEX,blank,False,33475.0,grain,1.92031,4.22470093,1542.01583945,2.329224,3.478851,1.1496270000000002
2172,2170,Mexico City,MEX,MEX,blank,False,155674.0,grain,5.304014,11.66888428,4259.1427622,30.905192,34.009521,3.104329
2173,2171,Querétaro,MEX,MEX,blank,False,113105.0,fruit,10.039372,17.970275880000003,6559.150696200001,11.24765,21.386688,10.139038
2174,2172,Toluca,MEX,MEX,blank,False,56071.0,grain,2.563285,5.63925171,2058.32687415,1.600708,2.381744,0.7810359999999998
2175,2173,Tulancingo,MEX,MEX,blank,False,53032.0,grain,3.001848,6.60409546,2410.4948429,3.976776,5.988861,2.012085
2176,2174,Puebla,MEX,MEX,blank,False,126302.0,dye,0.817747,9.77203369,3566.79229685,29.67926,56.668335,26.989075
2177,2175,Oaxaca,MEX,MEX,blank,False,110551.0,grain,4.35162,9.5736084,3494.367066,4.886108,8.037537,3.1514290000000003
2178,2176,Collataro,MEX,MEX,blank,False,29444.0,grain,1.220587,2.68530273,980.13549645,1.851318,2.89743,1.046112
2179,2177,Acapulco,MEX,MEX,blank,False,51497.0,precious_metal,11.582428,92.65942383,33820.68969795,4.318573,7.076813,2.75824
2180,2178,Chilpancingo,MEX,MEX,blank,False,22315.0,cattle,1.094698,2.16748047,791.1303715500001,0.971527,1.447815,0.47628800000000004
2181,2179,Tuxtla,MEX,MEX,blank,False,21292.0,cotton,1.535786,3.33291626,1216.5144349,1.122131,1.773468,0.651337
2182,2180,Tapachula,MEX,MEX,blank,False,13427.0,cotton,0.758169,1.64535522,600.5546552999999,0.0,0.0,0.0
2183,2181,Mérida,MEX,MEX,blank,False,58647.0,grain,3.004692,6.61035156,2412.7783194,2.823448,3.234009,0.41056099999999995
2184,2182,Campeche,MEX,MEX,blank,False,27209.0,timber,8.13054,7.8057251,2849.0896615,1.061615,1.616211,0.5545960000000001
2185,2183,Bacalar,MEX,MEX,blank,False,23861.0,timber,7.071445,6.788940429999999,2477.96325695,1.511475,2.146515,0.63504
2186,2184,Guatemala,UCA,UCA,blank,False,55109.0,fruit,6.035848,10.80404663,3943.47701995,1.41217,1.929291,0.5171210000000002
2187,2185,Quetzaltenango,UCA,UCA,blank,False,23630.0,iron,1.218258,6.44671631,2353.0514531500003,1.478271,1.998322,0.520051
2188,2186,Puerto Barrios,UCA,UCA,blank,False,16173.0,fruit,1.603623,2.8704528799999998,1047.7153011999999,0.0,0.0,0.0
2189,2187,Sayaxché,UCA,UCA,blank,False,3231.0,timber,1.274964,1.22402954,446.7707821,0.0,0.0,0.0
2190,2188,Belize,ENG,ENG,blank,False,1121.0,fruit,0.132233,0.23669434,86.39343410000001,0.0,0.0,0.0
2191,2189,San Salvador,ELS,ELS,blank,False,43656.0,coffee,3.902208,8.9367981,3261.9313065,0.0,0.0,0.0
2192,2190,San Miguel,ELS,ELS,blank,False,21142.0,tropical_wood,5.382901,32.83935547,11986.36474655,1.895447,3.252258,1.3568109999999998
2193,2191,Comayagua,UCA,UCA,blank,False,41307.0,fruit,4.486424,8.03060913,2931.17233245,0.688568,0.848114,0.15954600000000008
2194,2192,San Pedro Sula,UCA,UCA,blank,False,19341.0,fruit,1.896663,3.3949890099999998,1239.1709886499998,3.259155,4.560913,1.3017580000000004
2195,2193,La Ceiba,UCA,UCA,blank,False,15785.0,fruit,1.852813,3.3164978,1210.5216970000001,1.604218,2.16507,0.5608520000000001
2196,2194,Puerto Lempira,UCA,UCA,blank,False,2926.0,timber,1.177313,1.13027954,412.5520321,0.0,0.0,0.0
2197,2195,Managua,UCA,UCA,blank,False,45041.0,coffee,2.870493,6.5739746100000005,2399.5007326500004,6.202606,8.656586,2.4539800000000005
2198,2196,Rivas,UCA,UCA,blank,False,8863.0,fruit,1.051283,1.8817749,686.8478385,0.0,0.0,0.0
2199,2197,León,UCA,UCA,blank,False,12316.0,coffee,0.878287,2.01144409,734.17709285,0.0,0.0,0.0
2200,2198,Bluefields,UCA,UCA,blank,False,3124.0,cattle,0.173844,0.34420776000000003,125.63583240000001,0.0,0.0,0.0
2201,2199,San José,UCA,UCA,blank,False,13310.0,fruit,1.545059,2.765625,1009.453125,0.486626,0.615723,0.12909700000000002
2202,2200,Liberia,UCA,UCA,blank,False,4319.0,fruit,0.504807,0.90359497,329.81216405,0.0,0.0,0.0
2203,2201,Limón,UCA,UCA,blank,False,2468.0,coffee,0.185689,0.42526245,155.22079425,0.0,0.0,0.0
2204,2202,Panama City,CLM,CLM,blank,False,12096.0,fruit,1.499623,2.68429565,979.7679122500001,1.34787,1.734131,0.3862610000000002
2205,2203,David,CLM,CLM,blank,False,6366.0,coffee,0.507483,1.16223145,424.21447924999995,1.987854,3.235199,1.2473450000000001
2206,2204,Penonomé,CLM,CLM,blank,False,5938.0,fruit,0.796927,1.42648315,520.66634975,3.938293,7.393982,3.4556890000000005
2207,2205,Sainshand,MGL,MGL,blank,False,17272.0,grain,0.449203,0.98825073,360.71151645,1.476562,2.234772,0.75821
2208,2206,Yaviza,CLM,CLM,blank,False,2780.0,fruit,0.390783,0.6994934100000001,255.31509465000002,2.342957,3.251953,0.9089959999999997
2209,2207,Havana,SPA,SPA,blank,True,80429.0,tobacco,4.161514,4.8276062,1762.076263,16.165466,27.26059,11.095124000000002
2210,2208,Jagua,SPA,SPA,blank,True,51532.0,tobacco,3.675258,4.2635192900000005,1556.18454085,4.414307,7.198822,2.784515
2211,2209,Camagüey,SPA,SPA,blank,True,31952.0,tobacco,1.339337,1.55371094,567.1044931,6.702576,11.006134,4.303558
2212,2210,Santiago de Cuba,SPA,SPA,blank,True,25058.0,tobacco,1.196517,1.38803101,506.63131864999997,7.896942,11.923584,4.026642
2213,2211,Port Au Prince,HAI,HAI,blank,False,97383.0,tobacco,8.92864,10.35775757,3780.58151305,3.464355,5.742401,2.2780460000000002
2214,2212,Santo Domingo,HAI,HAI,blank,False,21563.0,tobacco,2.737496,3.1756591800000002,1159.1156007000002,0.009033,0.014343,0.0053100000000000005
2215,2213,Cap Haitien,HAI,HAI,blank,False,43903.0,tobacco,4.579426,5.3124084499999995,1939.0290842499999,0.0,0.0,0.0
2216,2214,La Vega,HAI,HAI,blank,False,13444.0,tobacco,1.407182,1.6324157700000002,595.8317560500001,0.0,0.0,0.0
2217,2215,Jamaica,ENG,ENG,blank,False,109721.0,sulphur,15.074672,106.74450684,38961.7449966,11.242401,17.939789,6.697388000000002
2218,2216,Cayman Islands,ENG,ENG,blank,False,121.0,fruit,0.0,0.0,0.0,0.0,0.0,0.0
2219,2217,Bahamas,ENG,ENG,blank,False,4926.0,cotton,0.762486,1.65472412,603.9743038,0.0,0.0,0.0
2220,2218,Turks And Caicos,ENG,ENG,blank,False,402.0,cotton,0.0,0.0,0.0,0.0,0.0,0.0
2221,2219,Nanjing,CHI,CHI,blank,False,893753.0,tea,36.489503,117.15319824,42760.917357599996,20.045073,9.766998,-10.278075
2222,2220,Puerto Rico,SPA,SPA,blank,True,110097.0,cotton,11.174535,24.250640869999998,8851.48391755,10.917236,17.536407,6.619171
2223,2221,Saint Thomas,DEN,DEN,blank,True,17287.0,tobacco,2.950292,3.4225158700000002,1249.2182925500001,0.0,0.0,0.0
2224,2222,Antigua,ENG,ENG,blank,False,10122.0,fruit,1.713266,3.06671143,1119.34967195,0.0,0.0,0.0
2225,2223,Montserrat,ENG,ENG,blank,False,1332.0,cotton,0.042088,0.09133911,33.338775150000004,0.0,0.0,0.0
2226,2224,Tortola,ENG,ENG,blank,False,1280.0,tobacco,0.055718,0.06463623,23.59222395,0.0,0.0,0.0
2227,2225,Saint Kitts,ENG,ENG,blank,False,9091.0,cotton,1.48886,3.2310791,1179.3438715,0.0,0.0,0.0
2228,2226,Martinique,FRA,FRA,blank,False,33635.0,cotton,6.324336,13.72488403,5009.58267095,2.33905,2.555115,0.21606499999999995
2229,2227,Barbados,ENG,ENG,blank,False,40500.0,tobacco,6.304027,7.31304932,2669.2630018,5.599854,8.319519,2.719665
2230,2228,Guadeloupe,FRA,FRA,blank,False,39251.0,fruit,9.377867,16.78619385,6126.96075525,5.240723,7.983398,2.742675
2231,2229,Saint Lucia,ENG,ENG,blank,False,6083.0,cotton,1.111653,2.41247559,880.55359035,0.0,0.0,0.0
2232,2230,Dominica,ENG,ENG,blank,False,6775.0,cotton,1.231998,2.67364502,975.8804322999999,0.0,0.0,0.0
2233,2231,Grenada,ENG,ENG,blank,False,10441.0,cotton,1.888201,4.097717289999999,1495.6668108499998,0.0,0.0,0.0
2234,2232,Curacao,NET,NET,blank,True,3350.0,tobacco,0.446665,0.51815796,189.1276554,0.0,0.0,0.0
2235,2233,Aruba,NET,NET,blank,True,361.0,tobacco,0.0463,0.05371094,19.6044931,0.0,0.0,0.0
2236,2234,Saint Martin,NET,NET,blank,True,1092.0,tobacco,0.141163,0.16375731999999998,59.77142179999999,0.0,0.0,0.0
2237,2235,Trinidad,ENG,ENG,blank,False,15259.0,cotton,2.899505,6.29241943,2296.73309195,0.742706,1.210052,0.46734599999999993
2238,2236,Tobago,ENG,ENG,blank,False,5005.0,cotton,0.854791,1.8550415,677.0901475000001,0.0,0.0,0.0
2239,2237,Georgetown,ENG,ENG,blank,False,17272.0,fruit,3.531162,6.32070923,2307.05886895,0.0,0.0,0.0
2240,2238,Paramaribo,ENG,ENG,blank,False,13820.0,grain,1.881844,4.14007568,1511.1276232,0.856323,1.296478,0.4401550000000001
2241,2239,Cayenne,FRA,FRA,blank,False,3961.0,timber,3.713605,3.56524658,1301.3150017,0.0,0.0,0.0
2242,2240,Mahdia,ENG,ENG,blank,False,599.0,tropical_wood,0.148254,0.90444946,330.12405290000004,0.0,0.0,0.0
2243,2241,Essequibo,ENG,ENG,blank,False,11034.0,fruit,2.470025,4.4212951700000005,1613.7727370500002,0.0,0.0,0.0
2244,2242,Christmas Island,ENG,ENG,blank,False,53.0,fish,0.0,0.0,0.0,0.0,0.0,0.0
2245,2243,Apetina,ENG,ENG,blank,False,1934.0,timber,1.013163,0.97268677,355.03067105,0.0,0.0,0.0
2246,2244,Maripasoula,FRA,FRA,blank,False,360.0,timber,0.141359,0.13571167,49.534759550000004,0.0,0.0,0.0
2247,2245,Bogotá,CLM,CLM,blank,False,68470.0,cattle,4.197982,8.311920169999999,3033.8508620499997,8.89856,9.779358,0.8807980000000004
2248,2246,Ibagué,CLM,CLM,blank,False,21527.0,grain,1.700224,3.74050903,1365.28579595,4.402863,8.270477,3.8676139999999997
2249,2247,Tunja,CLM,CLM,blank,False,13608.0,cattle,0.894559,1.77120972,646.4915478,0.376617,0.531494,0.15487700000000004
2250,2248,Manizales,CLM,CLM,blank,False,29534.0,grain,2.436249,5.35977173,1956.31668145,5.368805,10.081573,4.7127680000000005
2251,2249,Cúcuta,CLM,CLM,blank,False,24252.0,coffee,1.212247,2.77627563,1013.34060495,0.0,0.0,0.0
2252,2250,Medellín,CLM,CLM,blank,False,27471.0,coffee,1.706257,3.90765381,1426.2936406499998,7.564239,11.311371,3.7471319999999997
2253,2251,Quibdó,CLM,CLM,blank,False,10406.0,coffee,0.516371,1.1825866699999998,431.64413454999993,1.520844,1.597076,0.07623199999999986
2254,2252,Cartagena de Indias,CLM,CLM,blank,False,33575.0,coffee,2.49196,5.70706177,2083.07754605,9.168457,11.107849,1.9393919999999998
2255,2253,Barranquilla,CLM,CLM,blank,False,32574.0,precious_metal,7.646423,61.17138672,22327.5561528,9.644196,17.833099,8.188903
2256,2254,Cali,CLM,CLM,blank,False,24762.0,grain,1.869471,4.1128540000000005,1501.19171,5.492279,8.496155,3.003876
2257,2255,Popayán,CLM,CLM,blank,False,16669.0,grain,1.359455,2.99081421,1091.6471866499999,3.833893,4.672729,0.8388360000000001
2258,2256,Buenaventura,CLM,CLM,blank,False,9654.0,fish,0.564066,0.85174561,310.88714765000003,2.111572,3.963135,1.851563
2259,2257,Pasto,CLM,CLM,blank,False,19445.0,cattle,1.385389,2.74304199,1001.2103263500001,2.450134,2.984467,0.5343330000000002
2260,2258,San José del Guaviare,CLM,CLM,blank,False,6754.0,cattle,0.476557,0.943573,344.40414499999997,0.177948,0.208008,0.030060000000000003
2261,2259,Obando,CLM,CLM,blank,False,3422.0,timber,0.257447,0.24716187,90.21408255,0.651611,0.801086,0.1494749999999999
2262,2260,Casanare,CLM,CLM,blank,False,14162.0,timber,5.750071,5.520355220000001,2014.9296553000004,1.206082,1.433868,0.22778599999999982
2263,2261,El Encanto,CLM,CLM,blank,False,1814.0,timber,0.171621,0.1647644,60.139006,0.76712,0.915588,0.14846799999999993
2264,2262,Caracas,VNZ,VNZ,blank,False,58936.0,fruit,5.017436,8.98110962,3278.1050113,7.185272,7.849365,0.6640929999999994
2265,2263,Guanare,VNZ,VNZ,blank,False,3267.0,coffee,0.191539,0.43865967,160.11077955,0.0,0.0,0.0
2266,2264,Calabozo,VNZ,VNZ,blank,False,8787.0,coffee,0.602079,1.37887573,503.28964145000003,0.570404,0.912384,0.34197999999999995
2267,2265,Cumaná,VNZ,VNZ,blank,False,5151.0,fruit,0.367085,0.65707397,239.83199905,0.0,0.0,0.0
2268,2266,San Felipe,VNZ,VNZ,blank,False,14380.0,timber,4.761543,4.57131958,1668.5316467,4.692871,9.224182,4.5313110000000005
2269,2267,Güiria,VNZ,VNZ,blank,False,11157.0,fruit,0.938111,1.6791992199999999,612.9077153,5.150574,10.124512,4.9739379999999995
2270,2268,Maracaibo,VNZ,VNZ,blank,False,24347.0,coffee,1.778627,4.07339478,1486.7890947,6.80551,10.777374,3.971864
2271,2269,Valera,VNZ,VNZ,blank,False,32070.0,cattle,1.701819,3.36956787,1229.89227255,7.060181,10.844177,3.783996
2272,2270,Coro,VNZ,VNZ,blank,False,13499.0,cattle,0.729347,1.4440917999999998,527.0935069999999,3.845825,5.34903,1.503205
2273,2271,Barquisimeto,VNZ,VNZ,blank,False,23651.0,coffee,1.52342,3.4889221200000002,1273.4565738000001,5.671173,9.275452,3.604279
2274,2272,Barinas,VNZ,VNZ,blank,False,6931.0,cattle,0.37816,0.74874878,273.2933047,0.0,0.0,0.0
2275,2273,Angostura,VNZ,VNZ,blank,False,7772.0,wool,2.149543,1.48318481,541.36245565,2.366455,3.202606,0.8361509999999996
2276,2274,Curiapo,VNZ,VNZ,blank,False,25533.0,coffee,1.97475,4.52255249,1650.73165885,5.619171,8.356873,2.7377020000000005
2277,2275,El Jobal,VNZ,VNZ,blank,False,3912.0,fruit,0.367613,0.65802002,240.17730730000002,0.992493,1.357361,0.3648680000000001
2278,2276,San Fernando de Atabapo,VNZ,VNZ,blank,False,443.0,wool,0.0,0.0,0.0,0.0,0.0,0.0
2279,2277,Quito,ECU,ECU,blank,False,70568.0,fruit,6.77549,12.12799072,4426.7166128,3.812435,5.243835,1.4314
2280,2278,Guayaquil,ECU,ECU,blank,False,19706.0,fruit,2.842446,5.087921140000001,1857.0912161000003,0.0,0.0,0.0
2281,2279,Esmereldas,ECU,ECU,blank,False,22771.0,fruit,3.035135,5.4328308100000005,1982.98324565,0.0,0.0,0.0
2282,2280,Loja,ECU,ECU,blank,False,33718.0,cattle,2.205164,4.36618042,1593.6558533,2.379028,3.039093,0.6600649999999999
2283,2281,Zamora,ECU,ECU,blank,False,36335.0,grain,3.414333,7.51156616,2741.7216484,0.722946,0.968658,0.24571200000000004
2284,2282,Tena,ECU,ECU,blank,False,6165.0,timber,2.39293,2.2973327599999998,838.5264573999999,0.0,0.0,0.0
2285,2283,Galápagos,ECU,ECU,blank,False,177.0,fish,0.0,0.0,0.0,0.0,0.0,0.0
2286,2284,Iquitos,PEU,PEU,blank,False,14559.0,timber,5.223415,5.01473999,1830.38009635,0.944855,1.209534,0.2646790000000001
2287,2285,Yurimaguas,ECU,ECU,blank,False,3860.0,timber,0.1789,0.17175293,62.68981945,0.0,0.0,0.0
2288,2286,Yuncos,ECU,ECU,blank,False,1523.0,wool,0.0,0.0,0.0,0.0,0.0,0.0
2289,2287,Puca Urco,ECU,ECU,blank,False,2367.0,timber,0.249087,0.23913573999999999,87.28454509999999,0.0,0.0,0.0
2290,2288,Cajamarca,PEU,PEU,blank,False,35170.0,wool,4.823458,3.32818604,1214.7879046,0.0,0.0,0.0
2291,2289,Piura,PEU,PEU,blank,False,17697.0,wool,3.529778,2.43554688,888.9746112,0.823181,1.252808,0.42962699999999987
2292,2290,Trujillo,PEU,PEU,blank,False,21823.0,fish,1.951414,2.9466552700000004,1075.5291735500002,1.075226,1.385284,0.31005799999999994
2293,2291,Huánuco,PEU,PEU,blank,False,7955.0,wool,1.472584,1.01608276,370.87020739999997,0.404022,0.641785,0.23776300000000006
2294,2292,Moyobamba,PEU,PEU,blank,False,7590.0,timber,2.363972,2.26953125,828.37890625,0.0,0.0,0.0
2295,2293,Lima,PEU,PEU,blank,False,92841.0,precious_metal,22.581024,180.64819336,65936.59057639999,21.882568,26.516663,4.634095000000002
2296,2294,Huancavelica,PEU,PEU,blank,False,14898.0,cattle,0.862146,1.70703125,623.06640625,0.0,0.0,0.0
2297,2295,Ica,PEU,PEU,blank,False,22032.0,fish,1.853819,2.79928589,1021.73934985,0.103027,0.156799,0.053772
2298,2296,Huaraz,PEU,PEU,blank,False,29882.0,iron,3.263909,17.27178955,6304.203185750001,1.757874,2.792206,1.0343320000000003
2299,2297,Ayacucho,PEU,PEU,blank,False,26420.0,cattle,1.584094,3.13647461,1144.81323265,1.982086,3.273102,1.2910160000000002
2300,2298,Pucallpa,PEU,PEU,blank,False,4413.0,wool,0.764399,0.5274352999999999,192.5138845,0.0,0.0,0.0
2301,2299,Puerto Maldonado,PEU,PEU,blank,False,4572.0,timber,1.243654,1.19396973,435.79895145,0.0,0.0,0.0
2302,2300,Cusco,PEU,PEU,blank,False,43424.0,wool,7.292949,5.03213501,1836.72927865,0.286407,0.858826,0.572419
2303,2301,Puno,PEU,PEU,blank,False,23898.0,wool,3.971354,2.74023438,1000.1855487,3.463074,4.536987,1.0739129999999997
2304,2302,Arequipa,PEU,PEU,blank,False,22015.0,sulphur,2.386366,16.89797974,6167.7626051,0.0,0.0,0.0
2305,2303,Antofagasta,ARG,ARG,blank,False,28495.0,sulphur,1.854888,13.134552,4794.11148,2.014404,2.126892,0.11248799999999992
2306,2304,Sorocaba,BRZ,BRZ,blank,False,6746.0,cattle,0.140875,0.27893066,101.80969089999999,0.701019,0.967072,0.2660530000000001
2307,2305,Iquique,PEU,PEU,blank,False,11466.0,cattle,0.786021,1.55630493,568.05129945,0.0,0.0,0.0
2308,2306,Arica,PEU,PEU,blank,False,6727.0,sulphur,0.661659,4.6852417,1710.1132205,0.0,0.0,0.0
2309,2307,Calama,ARG,ARG,blank,False,6982.0,wool,0.857323,0.59155273,215.91674644999998,1.181427,1.620514,0.439087
2310,2308,La Paz,BRZ,BRZ,blank,False,89230.0,cattle,3.220146,6.375823970000001,2327.1757490500004,18.088379,27.737305,9.648926
2311,2309,Cochabamba,BRZ,BRZ,blank,False,80801.0,fruit,8.402964,15.0411377,5490.0152605,16.140778,26.306091,10.165312999999998
2312,2310,Oruro,BRZ,BRZ,blank,False,8499.0,iron,0.477687,2.5278015099999998,922.6475511499999,0.0,0.0,0.0
2313,2311,Chuquisaca,BOL,BOL,blank,False,27786.0,wool,6.839785,4.7194519,1722.5999435,3.394409,8.008331,4.6139220000000005
2314,2312,Potosí,BRZ,BRZ,blank,False,28079.0,grain,1.972841,4.3402709999999995,1584.198915,4.063568,6.600952,2.5373840000000003
2315,2313,Tarija,ARG,ARG,blank,False,11133.0,wool,1.559139,1.0758056599999999,392.66906589999996,0.690704,0.963196,0.27249200000000007
2316,2314,Santa Cruz,BOL,BOL,blank,False,3617.0,fruit,0.675401,1.20895386,441.2681589,0.0,0.0,0.0
2317,2315,San Ignacio,BOL,BOL,blank,False,5291.0,tropical_wood,1.157953,7.0643005400000005,2578.4696971000003,0.0,0.0,0.0
2318,2316,Roboré,BOL,BOL,blank,False,2651.0,wool,0.727114,0.50170898,183.12377769999998,0.0,0.0,0.0
2319,2317,Santa Ana,BRZ,BRZ,blank,False,18611.0,timber,5.05936,4.85723877,1772.8921510500002,2.059113,3.110535,1.051422
2320,2318,Riberalta,BRZ,BRZ,blank,False,4652.0,timber,1.272739,1.22189331,445.99105815,0.171722,0.188629,0.016906999999999978
2321,2319,Cobija,BRZ,BRZ,blank,False,7030.0,tropical_wood,1.103688,6.73324585,2457.63473525,1.871338,3.182068,1.3107300000000002
2322,2320,Copiapó,CHL,CHL,blank,False,14513.0,iron,0.890253,4.710998539999999,1719.5144670999998,0.0,0.0,0.0
2323,2321,La Serena,CHL,CHL,blank,False,18541.0,precious_metal,4.831299,38.650390630000004,14107.392579950001,0.0,0.0,0.0
2324,2322,Santiago,CHL,CHL,blank,False,122754.0,grain,5.241675,11.531738279999999,4209.084472199999,5.953522,9.380737,3.4272149999999995
2325,2323,Valparaíso,CHL,CHL,blank,False,33311.0,fruit,2.706462,4.8445129399999995,1768.2472231,31.46463,50.147369,18.682738999999998
2326,2324,Viña del Mar,CHL,CHL,blank,False,20366.0,fruit,2.100127,3.75918579,1372.1028133500001,1.254303,1.980591,0.726288
2327,2325,Talca,CHL,CHL,blank,False,7642.0,grain,0.356624,0.7845764199999999,286.3703933,0.0,0.0,0.0
2328,2326,Valdivia,CHL,CHL,blank,False,26408.0,grain,1.240908,2.7300109900000002,996.4540113500001,4.459564,7.04187,2.582306
2329,2327,Temuco,CHL,CHL,blank,False,10308.0,grain,0.507089,1.1156005900000001,407.19421535000004,0.116176,0.150177,0.034001
2330,2328,Cauquenes,CHL,CHL,blank,False,19880.0,iron,1.443171,7.63690186,2787.4691789,2.543884,3.953125,1.4092410000000002
2331,2329,Chillán,CHL,CHL,blank,False,10156.0,iron,0.693477,3.6697082500000002,1339.44351125,0.0,0.0,0.0
2332,2330,Osorno,CHL,CHL,blank,False,21091.0,grain,1.182856,2.60229492,949.8376457999999,0.0,0.0,0.0
2333,2331,Puerto Aisén,CHL,CHL,blank,False,2478.0,fruit,0.178231,0.31903075999999997,116.44622739999998,0.0,0.0,0.0
2334,2332,Punta Arenas,CHL,CHL,blank,False,552.0,wool,0.008359,0.005767820000000001,2.1052543000000004,0.0,0.0,0.0
2335,2333,Porvenir,CHL,CHL,blank,False,355.0,wool,0.0,0.0,0.0,0.0,0.0,0.0
2336,2334,Easter Island,none,none,blank,False,750.0,fish,0.0,0.0,0.0,0.0,0.0,0.0
2337,2335,Fortin Falcon,PRG,PRG,blank,False,1960.0,tropical_wood,0.0,0.0,0.0,0.566833,0.892548,0.325715
2338,2336,Puerto Guaraní,PRG,PRG,blank,False,3982.0,timber,0.647638,0.6217651399999999,226.94427609999997,0.0,0.0,0.0
2339,2337,Asuncion,PRG,PRG,blank,False,87558.0,cattle,5.862794,11.60821533,4236.99859545,2.333618,3.042877,0.7092589999999999
2340,2338,Pilar,PRG,PRG,blank,False,17468.0,timber,6.141502,5.8961486800000005,2152.0942682,0.0,0.0,0.0
2341,2339,Encarnación,PRG,PRG,blank,False,26239.0,cattle,1.668635,3.30386353,1205.91018845,2.369415,3.240234,0.870819
2342,2340,San Pedro,PRG,PRG,blank,False,19846.0,fruit,2.464552,4.41149902,1610.1971423,0.404022,0.636169,0.232147
2343,2341,Concepción,PRG,PRG,blank,False,4889.0,cattle,0.310805,0.61538696,224.6162404,0.0,0.0,0.0
2344,2342,Montevideo,URU,URU,blank,False,34218.0,cattle,1.848814,3.6606140099999998,1336.1241136499998,1.165344,1.843872,0.678528
2345,2343,Paysandú,URU,URU,blank,False,9147.0,cattle,0.411098,0.81396484,297.0971666,0.0,0.0,0.0
2346,2344,Tacuarembó,URU,URU,blank,False,1038.0,wool,0.128528,0.08868408,32.369689199999996,0.0,0.0,0.0
2347,2345,Melo,URU,URU,blank,False,10967.0,cattle,0.528915,1.04724121,382.24304164999995,0.0,0.0,0.0
2348,2346,Buenos Aires,ARG,ARG,blank,False,41193.0,cattle,1.030981,2.0413208,745.082092,9.608521,12.113098,2.504577000000001
2349,2347,Junín,ARG,ARG,blank,False,13329.0,cattle,0.394313,0.7807312,284.966888,0.0,0.0,0.0
2350,2348,Azul,ARG,ARG,blank,False,3055.0,cattle,0.149923,0.29684447999999997,108.34823519999999,0.0,0.0,0.0
2351,2349,La Plata,ARG,ARG,blank,False,691.0,cattle,0.002636,0.00521851,1.90475615,0.0,0.0,0.0
2352,2350,Mar del Plata,ARG,ARG,blank,False,3430.0,cattle,0.169143,0.33489990000000003,122.23846350000001,0.0,0.0,0.0
2353,2351,Trenque Lauquen,ARG,ARG,blank,False,3107.0,grain,0.257775,0.56710815,206.99447475000002,0.0,0.0,0.0
2354,2352,Bahía Blanca,ARG,ARG,blank,False,4798.0,wool,0.849583,0.5862121600000001,213.96743840000002,0.0,0.0,0.0
2355,2353,Carmen,ARG,ARG,blank,False,5930.0,timber,2.207387,2.1192016600000003,773.5086059000001,0.0,0.0,0.0
2356,2354,Corrientes,ARG,ARG,blank,False,23602.0,cattle,0.0,0.0,0.0,0.0,0.0,0.0
2357,2355,Curuzú Cuatiá,ARG,ARG,blank,False,5950.0,cattle,0.244498,0.48410034,176.6966241,0.0,0.0,0.0
2358,2356,Santo Tomás,ARG,ARG,blank,False,7024.0,fruit,0.614365,1.09970093,401.39083945,1.315285,1.485382,0.17009699999999994
2359,2357,Colón,ARG,ARG,blank,False,2014.0,cattle,0.074969,0.1484375,54.1796875,0.0,0.0,0.0
2360,2358,Paraná,ARG,ARG,blank,False,4259.0,cattle,0.226002,0.44747925,163.32992625,0.0,0.0,0.0
2361,2359,Sancti Spiritu,ARG,ARG,blank,False,2133.0,grain,0.158718,0.34918213,127.45147745,0.0,0.0,0.0
2362,2360,Reconquista,ARG,ARG,blank,False,15323.0,cattle,0.733493,1.45230103,530.0898759500001,6.152252,7.018738,0.8664860000000001
2363,2361,Rosario,ARG,ARG,blank,False,3282.0,cattle,0.116785,0.23123169,84.39956685,0.0,0.0,0.0
2364,2362,Resistencia,ARG,ARG,blank,False,3497.0,timber,1.265937,1.21536255,443.60733075,0.0,0.0,0.0
2365,2363,Villa Ángela,ARG,ARG,blank,False,3706.0,timber,1.374682,1.3197631799999998,481.71356069999996,0.0,0.0,0.0
2366,2364,Formosa,PRG,PRG,blank,False,4098.0,timber,0.0,0.0,0.0,0.913605,1.438507,0.524902
2367,2365,Xolotas,PRG,PRG,blank,False,3724.0,timber,0.0,0.0,0.0,1.518829,2.261169,0.7423400000000002
2368,2366,Salta,ARG,ARG,blank,False,3362.0,wool,0.147059,0.10147095,37.036896750000004,0.0,0.0,0.0
2369,2367,Jujuy,ARG,ARG,blank,False,1238.0,wool,0.0,0.0,0.0,4.907909,3.976288,-0.9316210000000003
2370,2368,Cochinoca,ARG,ARG,blank,False,902.0,wool,0.042415,0.029266359999999998,10.6822214,0.0,0.0,0.0
2371,2369,Equia,ARG,ARG,blank,False,1442.0,timber,0.43765,0.42016602000000003,153.36059730000002,0.0,0.0,0.0
2372,2370,Rivadavia,ARG,ARG,blank,False,1368.0,timber,0.435012,0.41763306,152.43606690000001,0.0,0.0,0.0
2373,2371,Tucumán,ARG,ARG,blank,False,6985.0,fruit,0.673508,1.2055664099999999,440.03173964999996,3.585909,4.087219,0.5013100000000001
2374,2372,Catamarca,ARG,ARG,blank,False,1633.0,wool,0.14905,0.10284424,37.5381476,1.918087,2.248169,0.33008199999999976
2375,2373,Vinchina,ARG,ARG,blank,False,1306.0,iron,0.065911,0.34878539999999997,127.306671,0.0,0.0,0.0
2376,2374,Santiago del Estero,ARG,ARG,blank,False,4428.0,timber,1.664806,1.59829712,583.3784488,0.0,0.0,0.0
2377,2375,Añatuya,ARG,ARG,blank,False,5853.0,timber,1.589565,1.5260620100000002,557.0126336500001,0.960754,1.075897,0.1151430000000001
2378,2376,Mailín,ARG,ARG,blank,False,2158.0,timber,0.65514,0.6289672900000001,229.57306085000002,0.0,0.0,0.0
2379,2377,Córdoba de Argentina,ARG,ARG,blank,False,23414.0,grain,1.319519,2.9029541,1059.5782465,0.0,0.0,0.0
2380,2378,Villa Nueva,ARG,ARG,blank,False,2258.0,grain,0.152005,0.33441162,122.0602413,0.0,0.0,0.0
2381,2379,Río Cuarto,ARG,ARG,blank,False,2186.0,cattle,0.094498,0.18710327000000002,68.29269355000001,0.0,0.0,0.0
2382,2380,Renancó,ARG,ARG,blank,False,3692.0,wool,0.536136,0.36993408,135.0259392,1.260254,1.423401,0.16314699999999993
2383,2381,San Luis,ARG,ARG,blank,False,2013.0,grain,0.129227,0.28430176,103.77014240000001,0.0,0.0,0.0
2384,2382,Mercedes,ARG,ARG,blank,False,3402.0,cattle,0.113748,0.22521973,82.20520145,0.0,0.0,0.0
2385,2383,La Rioja,ARG,ARG,blank,False,2805.0,wool,0.353871,0.24417114,89.1224661,0.0,0.0,0.0
2386,2384,Santa Rita,ARG,ARG,blank,False,2660.0,fruit,0.299331,0.5357971199999999,195.56594879999997,0.0,0.0,0.0
2387,2385,San Juan,ARG,ARG,blank,False,3261.0,fruit,0.340863,0.61013794,222.70034809999999,0.0,0.0,0.0
2388,2386,Calingasta,ARG,ARG,blank,False,1424.0,fruit,0.118508,0.21212769,77.42660685,0.0,0.0,0.0
2389,2387,Mendoza,ARG,ARG,blank,False,3901.0,fruit,0.422733,0.75668335,276.18942275,0.0,0.0,0.0
2390,2388,San Rafael,ARG,ARG,blank,False,2555.0,fruit,0.293057,0.52456665,191.46682725,0.0,0.0,0.0
2391,2389,Neuquén,ARG,ARG,blank,False,4073.0,cattle,0.171162,0.33889771,123.69766415000001,0.987976,1.10733,0.11935399999999996
2392,2390,Viedma,ARG,ARG,blank,False,1709.0,wool,0.0069,0.00476074,1.7376701,0.0,0.0,0.0
2393,2391,Telén,ARG,ARG,blank,False,1985.0,wool,0.144583,0.09976196,36.4131154,1.044974,1.209076,0.16410199999999997
2394,2392,Bariloche,ARG,ARG,blank,False,3530.0,wool,0.532067,0.36712646,134.0011579,0.016641,0.007172,-0.009468999999999998
2395,2393,Curacó,ARG,ARG,blank,False,3118.0,cattle,0.112253,0.22225952000000002,81.12472480000001,0.362351,0.365356,0.0030050000000000354
2396,2394,Rawson,ARG,ARG,blank,False,277.0,wool,0.0,0.0,0.0,0.0,0.0,0.0
2397,2395,Esquel,ARG,ARG,blank,False,519.0,wool,0.0,0.0,0.0,0.0,0.0,0.0
2398,2396,Puerto Deseado,ARG,ARG,blank,False,734.0,wool,0.0,0.0,0.0,0.0,0.0,0.0
2399,2397,Río Gallegos,ARG,ARG,blank,False,399.0,wool,0.0,0.0,0.0,0.000336,0.0,-0.000336
2400,2398,Río Grande,ARG,ARG,blank,False,402.0,wool,0.0,0.0,0.0,0.0,0.0,0.0
2401,2399,Marabitanas,BRZ,BRZ,blank,False,3572.0,tobacco,0.012548,0.01455688,5.3132611999999995,0.0,0.0,0.0
2402,2400,Manaus,BRZ,BRZ,blank,False,10153.0,tropical_wood,1.507215,9.195037840000001,3356.1888116000005,0.0,0.0,0.0
2403,2401,Cachoeira,BRZ,BRZ,blank,False,2428.0,tobacco,0.130035,0.15084839,55.059662349999996,1.19693,1.988708,0.7917779999999999
2404,2402,Tefe,BRZ,BRZ,blank,False,1374.0,tropical_wood,0.012746,0.07775879000000001,28.38195835,0.0,0.0,0.0
2405,2403,Borba,BRZ,BRZ,blank,False,2427.0,tropical_wood,0.0,0.0,0.0,2.663422,4.166656,1.5032339999999995
2406,2404,Cocos Islands,ENG,ENG,blank,False,140.0,fish,0.004608,0.00695801,2.53967365,0.0,0.0,0.0
2407,2405,Tabatinga,BRZ,BRZ,blank,False,1199.0,timber,0.0,0.0,0.0,0.0,0.0,0.0
2408,2406,Oriximina,BRZ,BRZ,blank,False,3156.0,tropical_wood,0.040719,0.24841309,90.67077785000001,1.44696,1.654022,0.20706200000000008
2409,2407,Saint Vincent,ENG,ENG,blank,False,7272.0,cotton,1.332361,2.89144897,1055.37887405,0.0,0.0,0.0
2410,2408,Belém,BRZ,BRZ,blank,False,19637.0,grain,1.334847,2.93667603,1071.88675095,3.802185,5.918488,2.116303
2411,2409,Santarém,BRZ,BRZ,blank,False,5182.0,grain,0.407422,0.89633179,327.16110334999996,1.347809,2.062103,0.714294
2412,2410,Óbidos,BRZ,BRZ,blank,False,2348.0,tropical_wood,0.277664,1.69393921,618.28781165,0.321411,0.593933,0.27252200000000004
2413,2411,Marabá,BRZ,BRZ,blank,False,3694.0,grain,0.284908,0.62680054,228.7821971,0.173401,0.24649,0.07308899999999999
2414,2412,Amapá,BRZ,BRZ,blank,False,2558.0,tropical_wood,0.040719,0.24841309,90.67077785000001,1.543671,2.648956,1.105285
2415,2413,Macapá,BRZ,BRZ,blank,False,2808.0,tropical_wood,0.327767,1.9996032700000002,729.8551935500001,1.851044,3.159943,1.3088990000000003
2416,2414,Dourados,BRZ,BRZ,blank,False,13105.0,fruit,1.364935,2.44320679,891.7704783500001,1.679596,2.667419,0.9878230000000001
2417,2415,Vila Bela,BRZ,BRZ,blank,False,8050.0,tobacco,0.606953,0.7041015599999999,256.9970694,0.850372,1.424408,0.5740359999999999
2418,2416,Cuiabá,BRZ,BRZ,blank,False,7853.0,fruit,0.851859,1.52481079,556.55593835,1.275452,2.19397,0.9185180000000002
2419,2417,Corumbá,BRZ,BRZ,blank,False,2493.0,tropical_wood,0.286873,1.75012207,638.79455555,0.883453,1.355194,0.47174099999999997
2420,2418,Iguatemi,BRZ,BRZ,blank,False,7455.0,sulphur,0.392761,2.78115845,1015.12283425,0.690491,0.952606,0.262115
2421,2419,Vila Boa,BRZ,BRZ,blank,False,11854.0,tropical_wood,1.256429,7.66506958,2797.7503967,2.030243,3.497559,1.4673159999999998
2422,2420,Aganja,BRZ,BRZ,blank,False,2660.0,fruit,0.255924,0.45809937,167.20627005,0.612183,0.914154,0.301971
2423,2421,Palmas,BRZ,BRZ,blank,False,4214.0,fruit,0.48503,0.8681945799999999,316.89102169999995,0.558258,0.94104,0.38278199999999996
2424,2422,São Luís,BRZ,BRZ,blank,False,45983.0,tobacco,3.476325,4.03274536,1471.9520564,7.602142,12.175232,4.57309
2425,2423,Chapada,BRZ,BRZ,blank,False,14958.0,cotton,1.432034,3.1077575700000004,1134.3315130500002,3.631653,5.950104,2.3184509999999996
2426,2424,Teresina,BRZ,BRZ,blank,False,44769.0,fruit,4.489714,8.03649902,2933.3221423000005,9.224182,15.555695,6.331512999999999
2427,2425,Oeiras,BRZ,BRZ,blank,False,17153.0,grain,1.212319,2.66711426,973.4967048999999,3.02066,5.215302,2.1946420000000004
2428,2426,Paraíba,BRZ,BRZ,blank,False,31881.0,fruit,3.541545,6.33929443,2313.84246695,6.294891,10.300018,4.005127
2429,2427,Fortaleza,BRZ,BRZ,blank,False,51106.0,fruit,5.980182,10.70440674,3907.1084601,5.994904,9.683167,3.688262999999999
2430,2428,Crato,BRZ,BRZ,blank,False,14184.0,cotton,1.264847,2.74493408,1001.9009392,2.680817,4.401154,1.7203370000000002
2431,2429,Natal,BRZ,BRZ,blank,False,37359.0,cotton,2.94255,6.38583374,2330.8293151,5.927399,9.580841,3.653441999999999
2432,2430,Recife,BRZ,BRZ,blank,False,45597.0,coffee,1.590967,3.6436157199999997,1329.9197378,45.970337,75.986969,30.016632
2433,2431,Cabrobo,BRZ,BRZ,blank,False,21353.0,cotton,1.66499,3.6133117699999997,1318.85879605,4.306213,6.978241,2.672028
2434,2432,Maceió,BRZ,BRZ,blank,False,42265.0,tobacco,3.578448,4.1512146,1515.1933290000002,8.334778,14.388641,6.053863
2435,2433,Aracaju,BRZ,BRZ,blank,False,33497.0,tobacco,2.814417,3.26489258,1191.6857917,5.41333,8.792297,3.3789669999999994
2436,2434,Salvador de Bahia,BRZ,BRZ,blank,False,97972.0,tobacco,5.520528,6.4041442900000005,2337.5126658500003,91.904938,148.447296,56.54235799999999
2437,2435,Juazeiro,BRZ,BRZ,blank,False,49092.0,tobacco,3.174427,3.68252563,1344.1218549500002,4.880188,7.683868,2.80368
2438,2436,Vila do Barra,BRZ,BRZ,blank,False,40116.0,cattle,2.073459,4.105407710000001,1498.4738141500002,7.416901,12.600769,5.1838679999999995
2439,2437,Porto Seguro,BRZ,BRZ,blank,False,40563.0,coffee,1.701927,3.8977356,1422.673494,5.66684,9.226654,3.5598140000000003
2440,2438,Vitória da Conquista,BRZ,BRZ,blank,False,28795.0,coffee,1.352203,3.09680176,1130.3326424,4.717987,7.563873,2.845886
2441,2439,Ouro Preto,BRZ,BRZ,blank,False,68579.0,coffee,3.521196,8.06420898,2943.4362777,9.626465,14.500916,4.8744510000000005
2442,2440,Sabará,BRZ,BRZ,blank,False,31573.0,coffee,1.504925,3.44656372,1257.9957577999999,0.698853,0.778778,0.07992500000000002
2443,2441,Januária,BRZ,BRZ,blank,False,27700.0,coffee,1.221201,2.79678345,1020.82595925,4.549042,7.181702,2.6326599999999996
2444,2442,Paracatu,BRZ,BRZ,blank,False,21891.0,cattle,1.048259,2.07553101,757.56881865,2.98288,4.568268,1.5853879999999996
2445,2443,Uberaba,BRZ,BRZ,blank,False,18632.0,fruit,1.819516,3.2568969699999997,1188.76739405,3.003174,4.64975,1.646576
2446,2444,São João del Rey,BRZ,BRZ,blank,False,42306.0,tropical_wood,4.514257,27.540039059999998,10052.114256899999,2.795135,4.418182,1.6230469999999997
2447,2445,Rio de Janeiro,BRZ,BRZ,blank,False,217860.0,coffee,10.128917,23.19714355,8466.95739575,101.645325,164.5513,62.905975
2448,2446,Campos,BRZ,BRZ,blank,False,46478.0,coffee,2.262164,5.18078613,1890.9869374500001,4.082306,5.703766,1.62146
2449,2447,Vitória,BRZ,BRZ,blank,False,33987.0,fruit,3.96201,7.09191895,2588.55041675,1.87146,2.95047,1.0790100000000002
2450,2448,São Paulo,BRZ,BRZ,blank,False,72096.0,coffee,4.02688,9.22232056,3366.1470044,10.078766,16.284241,6.205475000000002
2451,2449,Santos,BRZ,BRZ,blank,False,38373.0,coffee,2.05297,4.70169067,1716.1170945499998,3.122223,5.005096,1.882873
2452,2450,Campinas,BRZ,BRZ,blank,False,17659.0,cattle,1.016184,2.0120239300000002,734.3887344500001,1.041748,1.5289,0.48715200000000003
2453,2451,Assis,BRZ,BRZ,blank,False,16426.0,coffee,0.861284,1.97250366,719.9638359,2.099823,3.334076,1.2342529999999998
2454,2452,Fiji,none,none,blank,False,22000.0,fish,0.0,0.0,0.0,0.0,0.0,0.0
2455,2453,Iguape,BRZ,BRZ,blank,False,18238.0,cattle,1.095099,2.16827393,791.4199844499999,1.750183,2.852692,1.1025089999999997
2456,2454,Araraquara,BRZ,BRZ,blank,False,2265.0,coffee,0.098807,0.22628784,82.5950616,0.599213,0.906616,0.307403
2457,2455,Curitiba,BRZ,BRZ,blank,False,49721.0,fruit,6.735782,12.05691528,4400.7740772,6.491577,10.557312,4.065734999999999
2458,2456,Guarapuava,BRZ,BRZ,blank,False,11294.0,coffee,0.591699,1.35510254,494.61242710000005,1.162628,1.815247,0.6526190000000001
2459,2457,Lajes,BRZ,BRZ,blank,False,17233.0,fruit,2.037676,3.6473999,1331.3009635,1.061615,1.745453,0.683838
2460,2458,Castro,BRZ,BRZ,blank,False,21118.0,grain,1.894481,4.1678771999999995,1521.2751779999999,3.11203,4.817474,1.705444
2461,2459,Desterro,BRZ,BRZ,blank,False,25335.0,cattle,1.6039,3.1756897,1159.1267404999999,0.0,0.0,0.0
2462,2460,São Miguel,BRZ,BRZ,blank,False,26635.0,tropical_wood,3.376374,20.598175050000002,7518.333893250001,2.891907,4.426849,1.534942
2463,2461,Porto Alegre,BRZ,BRZ,blank,False,64677.0,cattle,4.010204,7.9401245099999995,2898.1454461499998,8.538788,13.613434,5.0746459999999995
2464,2462,Pelotas,BRZ,BRZ,blank,False,12142.0,cattle,0.668311,1.32324219,482.98339935,0.980957,1.556641,0.575684
2465,2463,Passo Fundo,BRZ,BRZ,blank,False,32923.0,tobacco,3.03479,3.52053833,1284.99649045,3.190613,4.953766,1.763153
2466,2464,Santa Maria,BRZ,BRZ,blank,False,26303.0,timber,8.445967,8.10855103,2959.6211259499996,2.380524,3.769562,1.3890380000000002
2467,2465,Alegrete,BRZ,BRZ,blank,False,14929.0,cattle,0.793588,1.57128906,573.5205069,1.250763,1.926331,0.675568
2468,2466,Sydney,AST,AST,blank,False,25122.0,grain,2.247263,4.94400024,1804.5600876,14.889313,24.493103,9.603790000000002
2469,2467,Newcastle,AST,AST,blank,False,9675.0,coal,2.75179,7.29315186,2662.0004289,0.0,0.0,0.0
2470,2468,Port Macquarie,AST,AST,blank,False,6998.0,grain,0.829311,1.82449341,665.94009465,0.0,0.0,0.0
2471,2469,Ophir,AST,AST,blank,False,2167.0,grain,0.058247,0.12814331,46.77230815,0.0,0.0,0.0
2472,2470,Eden,AST,AST,blank,False,5306.0,grain,0.690304,1.51867676,554.3170173999999,0.0,0.0,0.0
2473,2471,Wagga Wagga,AST,AST,blank,False,6860.0,grain,0.950327,2.09072876,763.1159974000001,0.0,0.0,0.0
2474,2472,Moree,AST,AST,blank,False,3731.0,grain,0.069053,0.1519165,55.4495225,0.0,0.0,0.0
2475,2473,Broken Hill,AST,AST,blank,False,5234.0,grain,0.029463,0.06481934,23.6590591,0.0,0.0,0.0
2476,2474,Melbourne,AST,AST,blank,False,6881.0,wool,0.0,0.0,0.0,2.025208,3.436066,1.4108579999999997
2477,2475,Warmambool,AST,AST,blank,False,2365.0,wool,0.0,0.0,0.0,1.501027,2.394623,0.8935960000000003
2478,2476,Ballarat,AST,AST,blank,False,1390.0,wool,0.0,0.0,0.0,1.213989,2.039124,0.8251350000000002
2479,2477,Sale,AST,AST,blank,False,4694.0,grain,0.072645,0.15982056,58.3345044,1.032745,1.47641,0.443665
2480,2478,Beechworth,AST,AST,blank,False,1364.0,wool,0.0,0.0,0.0,0.838318,1.438904,0.600586
2481,2479,Swan Hill,AST,AST,blank,False,1913.0,grain,0.059606,0.13113402999999998,47.863920949999994,1.856049,3.165833,1.309784
2482,2480,Tasmania,AST,AST,blank,False,15306.0,timber,9.083275,8.72039795,3182.9452517500004,9.267395,14.713745,5.446349999999999
2483,2481,Brisbane,AST,AST,blank,False,13902.0,cattle,1.021394,2.02233887,738.15368755,0.0,0.0,0.0
2484,2482,Gladstone,AST,AST,blank,False,2850.0,wool,0.0,0.0,0.0,0.0,0.0,0.0
2485,2483,Clermont,AST,AST,blank,False,4297.0,cattle,0.018773,0.037170409999999994,13.567199649999997,0.0,0.0,0.0
2486,2484,Toowoomba,AST,AST,blank,False,6552.0,cattle,0.051326,0.10162354000000001,37.092592100000005,0.0,0.0,0.0
2487,2485,Townsville,AST,AST,blank,False,5015.0,cattle,0.119636,0.23687744,86.4602656,0.0,0.0,0.0
2488,2486,Cooktown,AST,AST,blank,False,8422.0,tropical_wood,1.523813,9.296295169999999,3393.1477370499997,0.0,0.0,0.0
2489,2487,Longreach,AST,AST,blank,False,5885.0,cattle,0.529763,1.04891968,382.8556832,0.782043,1.347076,0.5650329999999999
2490,2488,Charleville,ENG,ENG,blank,True,1022.0,cattle,0.013826,0.02737427,9.99160855,0.0,0.0,0.0
2491,2489,Adelaide,AST,AST,blank,False,4398.0,wool,0.0,0.0,0.0,0.091919,0.132843,0.04092399999999999
2492,2490,Port Lincoln,AST,AST,blank,False,1021.0,wool,0.0,0.0,0.0,0.0,0.0,0.0
2493,2491,Robe,AST,AST,blank,False,2071.0,wool,0.0,0.0,0.0,0.0,0.0,0.0
2494,2492,Port Augusta,AST,AST,blank,False,3014.0,grain,0.028104,0.06182861,22.56744265,0.0,0.0,0.0
2495,2493,Oodnadatta,ENG,ENG,blank,True,1011.0,fruit,0.169195,0.30285645,110.54260425,0.0,0.0,0.0
2496,2494,Tarcoola,AST,AST,blank,False,853.0,wool,0.0,0.0,0.0,0.0,0.0,0.0
2497,2495,Perth,AST,AST,blank,False,13016.0,grain,1.425151,3.13534546,1144.4010928999999,0.0,0.0,0.0
2498,2496,Kojonup,AST,AST,blank,False,5790.0,grain,0.075794,0.16674805,60.86303825,1.062103,1.796112,0.7340089999999999
2499,2497,Geraldton,AST,AST,blank,False,3627.0,grain,0.075794,0.16674805,60.86303825,0.814087,1.17807,0.36398299999999995
2500,2498,Kalgoorlie,AST,AST,blank,False,5390.0,precious_metal,1.270416,10.16333008,3709.6154791999998,0.000312,0.0,-0.000312
2501,2499,Broome,AST,AST,blank,False,5960.0,precious_metal,1.770401,14.16320801,5169.57092365,0.632355,1.049316,0.4169609999999999
2502,2500,Dampier,AST,AST,blank,False,1440.0,grain,0.024955,0.05490112,20.038908799999998,0.0,0.0,0.0
2503,2501,Wiluna,TUR,TUR,blank,True,896.0,precious_metal,0.49678,3.97424316,1450.5987533999999,0.0,0.0,0.0
2504,2502,Esperance,AST,AST,blank,False,5096.0,fruit,0.730128,1.30691528,477.02407719999997,0.694977,0.990509,0.295532
2505,2503,Palmerston,AST,AST,blank,False,8056.0,grain,0.65342,1.43753052,524.6986398,2.170258,3.76886,1.598602
2506,2504,Tennant Creek,AST,AST,blank,False,4221.0,cattle,0.018958,0.03753662,13.7008663,0.208008,0.250244,0.042236000000000024
2507,2505,Alice Springs,ENG,ENG,blank,True,807.0,cattle,0.013826,0.02737427,9.99160855,0.0,0.0,0.0
2508,2506,Norfolk Island,AST,AST,blank,False,5357.0,fish,0.992259,1.49832153,546.88735845,0.0,0.0,0.0
2509,2507,Auckland,NZL,NZL,blank,False,37575.0,cattle,1.677821,3.3220520000000002,1212.54898,2.411346,4.591187,2.1798409999999997
2510,2508,New Plymouth,NZL,NZL,blank,False,11247.0,cattle,0.013409,0.02655029,9.69085585,1.706238,2.4664,0.7601620000000002
2511,2509,Napier,ENG,ENG,blank,True,2004.0,cattle,0.133523,0.26437378,96.49642970000001,0.0,0.0,0.0
2512,2510,Wellington,NZL,NZL,blank,False,12621.0,cattle,0.013425,0.02658081,9.70199565,0.805664,1.52298,0.717316
2513,2511,Dunedin,ENG,ENG,blank,True,1132.0,wool,0.064662,0.0446167,16.2850955,0.0,0.0,0.0
2514,2512,Hokitika,ENG,ENG,blank,True,962.0,wool,0.052322,0.03610229,13.17733585,0.0,0.0,0.0
2515,2513,Christchurch,ENG,ENG,blank,True,2022.0,wool,0.474217,0.32720947,119.43145655000001,0.0,0.0,0.0
2516,2514,Nelson,NZL,NZL,blank,False,21402.0,cattle,0.013409,0.02655029,9.69085585,2.644989,4.558289,1.9133000000000004
2517,2515,Guam,SPA,SPA,blank,True,1992.0,fish,0.201718,0.30459595,111.17752175,0.0,0.0,0.0
2518,2516,Palau,SPA,SPA,blank,True,2161.0,fruit,0.275872,0.49380493000000003,180.23879945000002,0.821838,0.893433,0.07159500000000008
2519,2517,Yap,NET,NET,blank,True,599.0,fish,0.046099,0.06961060000000001,25.407869,0.0,0.0,0.0
2520,2518,Taveuni,none,none,blank,False,2000.0,fish,0.0,0.0,0.0,0.0,0.0,0.0
2521,2519,Saipan,SPA,SPA,blank,True,1544.0,fish,0.162712,0.24569702000000002,89.67941230000001,0.0,0.0,0.0
2522,2520,Marshall Islands,NET,NET,blank,True,1480.0,fish,0.189248,0.2857666,104.30480899999999,0.0,0.0,0.0
2523,2521,Nauru,none,none,blank,False,250.0,fish,0.0,0.0,0.0,0.0,0.0,0.0
2524,2522,Wake,none,none,blank,False,15.0,fish,0.0,0.0,0.0,0.0,0.0,0.0
2525,2523,Marcus,RUS,RUS,blank,False,61.0,fish,0.003314,0.00500488,1.8267811999999999,0.0,0.0,0.0
2526,2524,Palmyra,none,none,blank,False,15.0,fish,0.0,0.0,0.0,0.0,0.0,0.0
2527,2525,Gilbert Islands,none,none,blank,False,3450.0,fish,0.0,0.0,0.0,0.0,0.0,0.0
2528,2526,Port Moresby,NET,NET,blank,True,54213.0,tropical_wood,8.835055,53.899841310000006,19673.44207815,9.824738,14.895386,5.070648
2529,2527,Kerema,NET,NET,blank,True,28411.0,tropical_wood,5.60736,34.20870972,12486.1790478,6.604889,10.744507,4.1396180000000005
2530,2528,Lae,ENG,ENG,blank,True,65451.0,tropical_wood,14.184435,86.53469849,31585.164948849997,4.210175,4.935059,0.7248840000000003
2531,2529,Madang,ENG,ENG,blank,True,79182.0,grain,0.0,0.0,0.0,18.238251,22.186798,3.948546999999998
2532,2530,Forte São Joaquim,BRZ,BRZ,blank,False,1355.0,tropical_wood,0.0,0.0,0.0,0.0,0.0,0.0
2533,2531,Targu Mures,ROM,ROM,blank,False,98261.0,grain,9.860948,21.69418335,7918.37692275,16.382843,29.391418,13.008575
2534,2532,Solomon Islands,NET,NET,blank,True,11720.0,fruit,0.748371,1.33956909,488.94271784999995,0.0,0.0,0.0
2535,2533,New Hebrides,NET,NET,blank,True,6847.0,fish,1.012854,1.52941895,558.23791675,1.294342,1.962158,0.667816
2536,2534,Santa Cruz Islands,NET,NET,blank,True,1448.0,fish,0.188622,0.28482056,103.9595044,0.0,0.0,0.0
2537,2535,New Britain,ENG,ENG,blank,True,35664.0,tropical_wood,7.98588,48.71929932,17782.544251799998,7.987427,12.798889,4.811462000000001
2538,2536,Novi Sad,AUS,AUS,blank,False,80136.0,wool,24.195486,16.69488525,6093.633116249999,12.30661,16.739838,4.433228
2539,2537,Bougainville,ENG,ENG,blank,True,13825.0,tropical_wood,3.514633,21.44165039,7826.20239235,1.978027,2.711761,0.7337340000000001
2540,2538,Tonga,none,none,blank,False,3250.0,fish,0.0,0.0,0.0,0.0,0.0,0.0
2541,2539,Ellice Islands,none,none,blank,False,500.0,fish,0.0,0.0,0.0,0.0,0.0,0.0
2542,2540,Wallis and Futuna,none,none,blank,False,750.0,fish,0.0,0.0,0.0,0.0,0.0,0.0
2543,2541,Apia,none,none,blank,False,6250.0,fish,0.0,0.0,0.0,0.0,0.0,0.0
2544,2542,Pago Pago,none,none,blank,False,1000.0,fish,0.0,0.0,0.0,0.0,0.0,0.0
2545,2543,Rarotonga,none,none,blank,False,1500.0,fish,0.0,0.0,0.0,0.0,0.0,0.0
2546,2544,Tongareva,none,none,blank,False,250.0,fish,0.0,0.0,0.0,0.0,0.0,0.0
2547,2545,Tokelau,none,none,blank,False,150.0,fish,0.0,0.0,0.0,0.0,0.0,0.0
2548,2546,Niue,none,none,blank,False,500.0,fish,0.0,0.0,0.0,0.0,0.0,0.0
2549,2547,Tarauacá,BRZ,BRZ,blank,False,4188.0,tropical_wood,0.002121,0.012939450000000002,4.72289925,2.214779,3.167145,0.952366
2550,2548,Forte do Príncipe,BRZ,BRZ,blank,False,4514.0,tropical_wood,0.534123,3.2585144,1189.357756,1.189117,1.733032,0.5439149999999999
2551,2549,Marquesas,none,none,blank,False,1250.0,fish,0.0,0.0,0.0,0.0,0.0,0.0
2552,2550,Pitcairn,none,none,blank,False,40.0,fish,0.0,0.0,0.0,0.0,0.0,0.0
2553,2551,Tuamotus,none,none,blank,False,1500.0,fish,0.0,0.0,0.0,0.0,0.0,0.0
2554,2552,Posadas,ARG,ARG,blank,False,3401.0,cattle,0.116261,0.23019409,84.02084285,0.0,0.0,0.0
2555,2553,Augusta,CSA,CSA,blank,False,40031.0,cotton,3.910655,8.486785889999998,3097.6768498499996,2.114807,2.613617,0.4988100000000002
2556,2554,Asheville,CSA,CSA,blank,False,45272.0,tobacco,3.541829,4.10873413,1499.68795745,1.213722,1.46637,0.252648
2557,2555,Esbjerg,DEN,DEN,blank,False,17154.0,cattle,1.328484,2.63037109,960.08544785,0.0,0.0,0.0
2558,2556,De Aar,TUR,TUR,blank,True,11091.0,fruit,3.718174,6.65545654,2429.2416371,0.0,0.0,0.0
2559,2557,Suhaj,TUR,TUR,blank,True,33130.0,cotton,9.542788,20.70947266,7558.9575208999995,1.096191,1.45462,0.3584290000000001
2560,2558,Darmstadt,HES,HES,blank,False,123955.0,fruit,23.999513,42.958648679999996,15679.906768199999,9.825317,14.969055,5.143738000000001
2561,2559,Siegburg,PRU,PRU,blank,False,40016.0,cattle,3.608031,7.14382935,2607.49771275,0.30249,0.3367,0.03421000000000002
2562,2560,Tainan,CHI,CHI,blank,False,418494.0,tea,16.678779,53.54888916,19545.344543400002,0.0,17.219208,17.219208
2563,2561,Safi,SPA,SPA,blank,True,15912.0,grain,1.865129,4.103301999999999,1497.7052299999998,0.534302,0.634247,0.09994499999999995
2564,2562,Salima,TUR,TUR,blank,True,2534.0,cattle,0.352882,0.69869995,255.02548174999998,0.0,0.0,0.0
2565,2563,Cebu,SPA,SPA,blank,True,78175.0,fish,9.876898,14.914215089999999,5443.68850785,2.329926,4.658844,2.3289180000000003
2566,2564,Agartala,TUR,TUR,blank,True,160034.0,grain,20.036891,44.08135986,16089.696348899999,31.334045,43.377045,12.043000000000003
2567,2565,Gaeta,ITA,ITA,blank,False,113696.0,fish,24.233383,36.59265137,13356.317750049999,16.862701,25.628662,8.765960999999997
2568,2566,Lugano,SWI,SWI,blank,False,22339.0,wool,5.921604,4.08590698,1491.3560476999999,0.0,0.0,0.0
2569,2567,Niksic,TUR,TUR,blank,False,25385.0,grain,4.358417,9.58856201,3499.82513365,0.745361,0.853485,0.108124
2570,2568,Beauvais,FRA,FRA,blank,False,81923.0,grain,12.061935,26.53637695,9685.77758675,20.110138,29.263214,9.153076000000002
2571,2569,Tauranga,NZL,NZL,blank,False,13311.0,cattle,0.013409,0.02655029,9.69085585,0.573059,0.632263,0.059204000000000034
2572,2570,Nan,BUR,BUR,blank,False,64066.0,opium,1.05278,3.3899841299999998,1237.3442074499999,4.322845,6.575348,2.252503
2573,2571,Mboul,none,none,blank,False,18000.0,grain,0.0,0.0,0.0,0.0,0.0,0.0
2574,2572,Mochudi,TUR,TUR,blank,False,3939.0,wool,0.0,0.0,0.0,0.867157,1.394257,0.5271000000000001
2575,2573,Ipoh,TUR,TUR,blank,True,126306.0,precious_metal,35.722473,285.77978516,104309.6215834,37.914246,55.895996,17.981749999999998
2576,2574,Natuna,NET,NET,blank,True,4006.0,fish,0.581447,0.87799072,320.4666128,0.0,0.0,0.0
2577,2575,Pljevlja,TUR,TUR,blank,False,15939.0,iron,3.596792,19.0333252,6947.163698,0.0,0.0,0.0
2578,2576,Tacna,PEU,PEU,blank,False,22576.0,wool,4.530799,3.12625122,1141.0816952999999,0.375946,0.620789,0.24484300000000003
2579,2577,Truk,NET,NET,blank,True,764.0,fish,0.092704,0.13998412999999998,51.09420744999999,0.0,0.0,0.0
2580,2578,Stara Ladoga,RUS,RUS,blank,False,21649.0,grain,2.064089,4.5410156299999995,1657.4707049499998,2.274506,3.70578,1.4312739999999997
2581,2579,Mataka,TUR,TUR,blank,True,64669.0,grain,5.785663,12.72851563,4645.90820495,3.950779,5.060333,1.1095540000000002
2582,2580,Kotor,AUS,AUS,blank,False,21852.0,fish,4.470028,6.74978638,2463.6720287,0.306,0.306091,9.100000000000774e-05
2583,2581,Cetinje,MON,MON,blank,False,7092.0,fruit,0.598271,1.07089233,390.87570044999995,0.0,0.0,0.0
2584,2582,Bielsko,AUS,AUS,blank,False,72271.0,coal,18.476818,48.96966553,17873.92791845,16.953339,27.038177,10.084838000000001
2585,2583,Matan as Sarah,TUR,TUR,blank,False,985.0,wool,0.0,0.0,0.0,0.0,0.434113,0.434113
2586,2584,Al-Ahsa,TUR,TUR,blank,True,7443.0,grain,1.252574,2.75567627,1005.8218385499999,0.0,0.0,0.0
2587,2585,Kola,RUS,RUS,blank,False,995.0,timber,0.308402,0.29608154000000003,108.0697621,0.0,0.0,0.0
2588,2586,Onega,RUS,RUS,blank,False,8306.0,timber,3.53016,3.38912964,1237.0323186,0.073719,0.0,-0.073719
2589,2587,Shoyna,RUS,RUS,blank,False,1112.0,timber,0.154169,0.14801025,54.02374125,1.175934,1.813324,0.6373899999999999
2590,2588,Ugolnoye,RUS,RUS,blank,False,1128.0,fish,0.089935,0.13580322,49.5681753,1.303772,1.562653,0.25888100000000014
2591,2589,Holsteinsborg,DEN,DEN,blank,True,387.0,fish,0.047352,0.07150269000000001,26.098481850000002,0.0,0.0,0.0
2592,2590,Ungava,ENG,ENG,blank,True,139.0,cattle,0.003453,0.0068359399999999996,2.4951181,0.233826,0.314728,0.080902
2593,2591,Fort George,ENG,ENG,blank,True,118.0,timber,0.068184,0.06546021,23.89297665,0.0,0.0,0.0
2594,2592,Pickle,ENG,ENG,blank,True,117.0,timber,0.068184,0.06546021,23.89297665,0.0,0.0,0.0
2595,2593,Nunavut,ENG,ENG,blank,True,470.0,fish,0.066997,0.10116576999999999,36.925506049999996,0.0,0.0,0.0
2596,2594,Fort Resolution,ENG,ENG,blank,True,435.0,fish,0.0404,0.06100464,22.2666936,0.0,0.0,0.0
2597,2595,Fort Vermilion,ENG,ENG,blank,True,619.0,timber,0.350711,0.33670044,122.8956606,0.0,0.0,0.0
2598,2596,Fort Liard,ENG,ENG,blank,True,351.0,timber,0.165613,0.15899658,58.033751699999996,0.0,0.0,0.0
2599,2597,Fairbanks,none,none,blank,False,495.0,fish,0.0,0.0,0.0,0.0,0.0,0.0
2600,2598,Altamira,BRZ,BRZ,blank,False,3661.0,grain,0.313442,0.6895751999999999,251.69494799999998,0.63681,1.044098,0.407288
2601,2599,Sandy Desert,TUR,TUR,blank,True,419.0,precious_metal,0.233704,1.8696289099999999,682.41455215,0.0,0.0,0.0
2602,2600,Roebourne,AST,AST,blank,False,2287.0,grain,0.078721,0.17318726,63.213349900000004,0.306152,0.437622,0.13147000000000003
2603,2601,Tanami,ENG,ENG,blank,True,203.0,cattle,0.006905,0.013671879999999999,4.9902362,0.001855,0.001923,6.799999999999992e-05
2604,2602,Normanton,AST,AST,blank,False,7658.0,tropical_wood,1.285732,7.8438415500000005,2863.00216575,0.0,0.0,0.0
2605,2603,Gibson's Desert,TUR,TUR,blank,True,699.0,precious_metal,0.409088,3.27270508,1194.5373542,0.0,0.0,0.0
2606,2604,Zhambyl,RUS,RUS,blank,True,21558.0,coal,2.421596,6.418029789999999,2342.58087335,3.816101,4.894073,1.0779719999999995
2607,2605,Lop Nur,XIN,XIN,blank,False,6493.0,cotton,0.234587,0.50909424,185.8193976,0.0,0.0,0.0
2608,2606,Khatgal,MGL,MGL,blank,False,38150.0,iron,1.105801,5.851623539999999,2135.8425921,4.56778,7.439117,2.8713370000000005
2609,2607,Araouane,TUR,TUR,blank,False,2950.0,grain,0.0,0.0,0.0,0.0,0.464111,0.464111
2610,2608,Uralsk,RUS,RUS,blank,False,2470.0,wool,0.496906,0.34286499,125.14572134999999,1.384574,1.569794,0.18521999999999994
2611,2609,Turgay,RUS,RUS,blank,False,5895.0,wool,1.465021,1.01086426,368.9654549,0.888031,0.992126,0.10409499999999994
2612,2610,Aktash,RUS,RUS,blank,True,19266.0,coal,2.464385,6.53143311,2383.97308515,3.379364,5.423187,2.0438230000000006
2613,2611,Nyda,RUS,RUS,blank,True,307.0,timber,0.034203,0.032836910000000004,11.985472150000001,0.0,0.0,0.0
2614,2612,Mordiyakha,RUS,RUS,blank,True,275.0,timber,0.034203,0.032836910000000004,11.985472150000001,0.0,0.0,0.0
2615,2613,Krasnoselkup,RUS,RUS,blank,False,912.0,timber,0.034203,0.032836910000000004,11.985472150000001,2.014954,2.879486,0.8645320000000001
2616,2614,Tilichiki,RUS,RUS,blank,False,482.0,fish,0.029972,0.045257570000000004,16.51901305,0.0,0.0,0.0
2617,2615,Saghalian Oula,MCK,MCK,blank,False,60099.0,coal,2.633661,6.98007202,2547.7262873,4.085999,4.14502,0.059020999999999546
2618,2616,Talaya,RUS,RUS,blank,False,1150.0,grain,0.032473,0.07144165,26.076202249999998,0.225586,0.270081,0.04449500000000001
2619,2617,Abiy,none,none,blank,False,500.0,timber,0.0,0.0,0.0,0.0,0.0,0.0
2620,2618,Syasir,none,none,blank,False,250.0,cattle,0.0,0.0,0.0,0.0,0.0,0.0
2621,2619,Srednekolymsk,none,none,blank,False,250.0,timber,0.0,0.0,0.0,0.0,0.0,0.0
2622,2620,Markovo,none,none,blank,False,146.0,grain,0.0,0.0,0.0,0.0,0.0,0.0
2623,2621,Midway Island,none,none,blank,False,15.0,fish,0.0,0.0,0.0,0.0,0.0,0.0
2624,2622,Loango,TUR,TUR,blank,False,7884.0,timber,6.139563,5.8942871100000005,2151.4147951500004,1.706238,2.463531,0.7572930000000002
2625,2623,Port Hope Simpson,ENG,ENG,blank,False,1386.0,fish,0.098201,0.14828491,54.12399215,0.0,0.0,0.0
2626,2624,Port Harrison,ENG,ENG,blank,True,200.0,grain,0.0,0.0,0.0,0.0,0.0,0.0
2627,2625,Fort Chimo,ENG,ENG,blank,True,170.0,timber,0.048698,0.04675293,17.064819449999998,0.224487,0.300018,0.07553100000000001
2628,2626,Attawapiskat,ENG,ENG,blank,True,1636.0,fish,0.294705,0.44500732,162.42767179999998,0.0,0.0,0.0
2629,2627,Beatton River,ENG,ENG,blank,True,193.0,timber,0.08767,0.08416748,30.7211302,0.0,0.0,0.0
2630,2628,Cordova,none,none,blank,False,400.0,fish,0.0,0.0,0.0,0.0,0.0,0.0
2631,2629,Unalakeet,none,none,blank,False,745.0,fish,0.0,0.0,0.0,0.0,0.0,0.0
2632,2630,Ammassalik,DEN,DEN,blank,True,332.0,fish,0.024515,0.03701782,13.5115043,0.0,0.0,0.0
2633,2631,Ossora,RUS,RUS,blank,False,1211.0,fish,0.169907,0.25656128,93.64486720000001,0.070984,0.0,-0.070984
2634,2632,Rassvet,RUS,RUS,blank,False,1123.0,fish,0.126597,0.19116211000000002,69.77417015,0.0,0.0,0.0
2635,2633,Kariba,TUR,TUR,blank,False,8890.0,grain,0.0,0.0,0.0,0.0,0.0,0.0
2636,2634,Egedesminde,DEN,DEN,blank,True,384.0,fish,0.046989,0.07095337,25.89798005,0.0,0.0,0.0
2637,2635,Novo Mariinsk,RUS,RUS,blank,False,1478.0,fish,0.129911,0.19616698999999999,71.60095134999999,0.776398,0.942688,0.16628999999999994
2638,2636,Omsukchan,RUS,RUS,blank,False,448.0,grain,0.0,0.0,0.0,0.0,0.0,0.0
2639,2637,Susuman,RUS,RUS,blank,False,889.0,fish,0.156568,0.23641968,86.2931832,0.0,0.0,0.0
2640,2638,Ziryanka,none,none,blank,False,246.0,cattle,0.0,0.0,0.0,0.0,0.0,0.0
2641,2639,Ayan,RUS,RUS,blank,False,2411.0,grain,0.048717,0.10717773,39.11987145,0.025055,0.0,-0.025055
2642,2640,Ust Nera,RUS,RUS,blank,False,1021.0,cattle,0.004223,0.008361819999999999,3.0520642999999996,0.597687,0.713806,0.11611900000000008
2643,2641,Honuu,none,none,blank,False,250.0,grain,0.0,0.0,0.0,0.0,0.0,0.0
2644,2642,Olyekminsk,RUS,RUS,blank,False,1616.0,timber,0.188404,0.18087769,66.02035685,1.516217,1.557831,0.04161400000000004
2645,2643,Chilchi,RUS,RUS,blank,False,1596.0,coal,0.145464,0.38552856,140.71792440000002,0.35968,0.411926,0.052246000000000015
2646,2644,Ases Igan,RUS,RUS,blank,False,1602.0,coal,0.102676,0.27212524000000005,99.32571260000002,1.519745,2.035675,0.51593
2647,2645,Yansk,none,none,blank,False,250.0,timber,0.0,0.0,0.0,0.0,0.0,0.0
2648,2646,Yakutsk,RUS,RUS,blank,False,36898.0,grain,3.387006,7.45144653,2719.77798345,6.16214,9.449738,3.287598
2649,2647,Zhigansk,RUS,RUS,blank,False,1313.0,grain,0.032473,0.07144165,26.076202249999998,0.186554,0.202759,0.016204999999999997
2650,2648,Nyurba,RUS,RUS,blank,False,3248.0,grain,0.129935,0.28585815000000003,104.33822475000001,2.454376,3.716797,1.2624210000000002
2651,2649,Udanchniy,RUS,RUS,blank,False,264.0,timber,0.0,0.0,0.0,0.415988,0.0,-0.415988
2652,2650,Kular,none,none,blank,False,250.0,grain,0.0,0.0,0.0,0.0,0.0,0.0
2653,2651,Saskylah,RUS,RUS,blank,False,358.0,timber,0.034203,0.032836910000000004,11.985472150000001,0.0,0.0,0.0
2654,2652,Khatanga,RUS,RUS,blank,False,243.0,timber,0.034203,0.032836910000000004,11.985472150000001,0.031036,0.0,-0.031036
2655,2653,Tura,RUS,RUS,blank,False,354.0,iron,0.008737,0.04623413,16.87545745,0.122925,0.162354,0.03942899999999999
2656,2654,Tayimba,RUS,RUS,blank,False,1085.0,coal,0.085565,0.22677612,82.7732838,0.5177,0.725494,0.20779399999999992
2657,2655,Svetlogorsk,RUS,RUS,blank,False,1090.0,grain,0.032473,0.07144165,26.076202249999998,0.0,0.0,0.0
2658,2656,Kheta,none,none,blank,False,250.0,timber,0.0,0.0,0.0,0.0,0.0,0.0
2659,2657,Napalkovo,RUS,RUS,blank,True,368.0,timber,0.119966,0.11517334,42.0382691,0.074249,0.094879,0.02063000000000001
2660,2658,Bereyezovka,none,none,blank,False,250.0,grain,0.0,0.0,0.0,0.0,0.0,0.0
2661,2659,Nizhnekolymsk,none,none,blank,False,146.0,timber,0.0,0.0,0.0,0.0,0.0,0.0
2662,2660,Cherskiy,none,none,blank,False,250.0,timber,0.0,0.0,0.0,0.0,0.0,0.0
2663,2661,Kamenskoye,RUS,RUS,blank,False,336.0,grain,0.0,0.0,0.0,0.0,0.0,0.0
2664,2662,Oyotuni,none,none,blank,False,250.0,grain,0.0,0.0,0.0,0.0,0.0,0.0
2665,2663,Chokurdakh,none,none,blank,False,250.0,timber,0.0,0.0,0.0,0.0,0.0,0.0
2666,2664,Pevek,none,none,blank,False,146.0,grain,0.0,0.0,0.0,0.0,0.0,0.0
2667,2665,Bulun,none,none,blank,False,250.0,timber,0.0,0.0,0.0,0.0,0.0,0.0
2668,2666,Verkhoyansk,RUS,RUS,blank,False,1090.0,grain,0.032473,0.07144165,26.076202249999998,0.498077,0.725494,0.22741699999999998
2669,2667,Amga,RUS,RUS,blank,False,2983.0,grain,0.201498,0.44329834,161.8038941,1.111299,1.733093,0.621794
2670,2668,Tiksi,RUS,RUS,blank,False,262.0,timber,0.034203,0.032836910000000004,11.985472150000001,0.0,0.0,0.0
2671,2669,Zhilinda,RUS,RUS,blank,False,369.0,cattle,0.004223,0.008361819999999999,3.0520642999999996,0.872925,1.429413,0.5564880000000001
2672,2670,Pokrovsk,RUS,RUS,blank,False,4770.0,timber,2.056396,1.9742431599999999,720.5987534,1.888702,2.726471,0.837769
2673,2671,Olenyok,RUS,RUS,blank,False,223.0,grain,0.0,0.0,0.0,0.0,0.0,0.0
2674,2672,Essey,RUS,RUS,blank,False,245.0,timber,0.034203,0.032836910000000004,11.985472150000001,0.018188,0.0,-0.018188
2675,2673,Yekonda,RUS,RUS,blank,False,722.0,grain,0.01623,0.03570557,13.03253305,0.0,0.0,0.0
2676,2674,Kirensk,RUS,RUS,blank,False,381.0,grain,0.01623,0.03570557,13.03253305,1.039642,1.162506,0.12286400000000008
2677,2675,Dotkon,RUS,RUS,blank,False,360.0,coal,0.042777,0.1133728,41.381071999999996,0.023193,0.0,-0.023193
2678,2676,Bulgan,MGL,MGL,blank,False,19894.0,timber,3.792724,3.64120483,1329.03976295,2.253845,3.255646,1.001801
2679,2677,Khovd,MGL,MGL,blank,False,31162.0,cotton,1.49786,3.25061035,1186.47277775,2.318726,3.246796,0.92807
2680,2678,Dudinka,RUS,RUS,blank,False,1374.0,timber,0.462635,0.44415283,162.11578295,0.069855,0.0,-0.069855
2681,2679,Kikkiakki,RUS,RUS,blank,False,629.0,timber,0.0,0.0,0.0,0.687744,0.942352,0.25460799999999995
2682,2680,Aksarka,RUS,RUS,blank,False,1261.0,timber,0.308402,0.29608154000000003,108.0697621,1.31976,1.544403,0.22464299999999993
2683,2681,Bakchar,RUS,RUS,blank,False,2531.0,coal,0.299484,0.79373169,289.71206685,0.0,0.0,0.0
2684,2682,Yar Sale,RUS,RUS,blank,True,456.0,timber,0.154169,0.14801025,54.02374125,0.050446,0.0,-0.050446
2685,2683,Muzhi,RUS,RUS,blank,False,8714.0,timber,1.353734,1.2996521,474.3730165,0.0,0.0,0.0
2686,2684,Ishim,RUS,RUS,blank,False,6558.0,sulphur,0.729361,5.1646423299999995,1885.0944504499998,0.0,0.0,0.0
2687,2685,Amderma,RUS,RUS,blank,False,703.0,timber,0.154169,0.14801025,54.02374125,1.343964,2.180206,0.8362420000000002
2688,2686,Inta,RUS,RUS,blank,False,793.0,fish,0.099939,0.15090942000000002,55.081938300000004,0.833679,1.17688,0.343201
2689,2687,Mulda,RUS,RUS,blank,False,18965.0,timber,0.856864,0.82263184,300.2606216,0.0,0.0,0.0
2690,2688,Verkhniy Ufaley,RUS,RUS,blank,False,676.0,grain,0.0,0.0,0.0,0.950714,1.373932,0.423218
2691,2689,Vorgovo,RUS,RUS,blank,False,1109.0,grain,0.032473,0.07144165,26.076202249999998,0.103975,0.0,-0.103975
2692,2690,Kostino,RUS,RUS,blank,False,1207.0,timber,0.308402,0.29608154000000003,108.0697621,1.345856,1.981598,0.635742
2693,2691,Uchami,RUS,RUS,blank,False,841.0,timber,0.119966,0.11517334,42.0382691,0.948334,1.310669,0.3623350000000001
2694,2692,Vanavara,RUS,RUS,blank,False,942.0,grain,0.032473,0.07144165,26.076202249999998,0.0,0.0,0.0
2695,2693,Mukhtuya,RUS,RUS,blank,False,2561.0,grain,0.097448,0.21438599,78.25088635,2.621735,4.084595,1.46286
2696,2694,Aldan,RUS,RUS,blank,False,542.0,grain,0.01623,0.03570557,13.03253305,0.0,0.0,0.0
2697,2695,Magdagachi,RUS,RUS,blank,False,16357.0,grain,1.339133,2.9461059599999997,1075.3286753999998,6.713806,7.674072,0.9602659999999998
2698,2696,Slavgorod,RUS,RUS,blank,False,22632.0,coal,2.900778,7.6880188,2806.126862,2.370239,3.027313,0.6570739999999997
2699,2697,Izhma,RUS,RUS,blank,False,638.0,timber,0.154169,0.14801025,54.02374125,1.459045,1.745911,0.28686600000000007
2700,2698,Usogorsk,RUS,RUS,blank,False,3342.0,timber,1.627964,1.56292725,570.4684462499999,0.0,0.0,0.0
2701,2699,Surinda,RUS,RUS,blank,False,1113.0,grain,0.032473,0.07144165,26.076202249999998,0.575252,0.707489,0.13223700000000005
2702,2700,Aralsk,RUS,RUS,blank,False,9582.0,wool,2.308942,1.59317017,581.50711205,1.967682,3.14682,1.179138
2703,2701,Jan Mayen,SWE,SWE,blank,False,182.0,fish,0.0,0.0,0.0,0.0,0.0,0.0
