PROVINCE_ID,OWNER,POPULATION,WORKFORCE_RGO,WORKFORCE_FACTORY,RGO_GOODS_TYPE,RGO_LAST_INCOME,RGO_EMPLOYEES
1,USA,10808,1966,0,precious_metal,6.5420,1966
2,USA,4332,865,0,precious_metal,2.8574,865
3,USA,3028,558,0,fish,0.1457,558
4,USA,2776,544,0,fish,0.1108,544
5,USA,3192,646,0,fish,0.1523,646
6,USA,4192,892,0,fish,0.2036,892
7,USA,3904,894,0,fish,0.2036,894
8,USA,3884,883,0,grain,0.0000,51
9,ENG,3940,739,0,timber,0.4022,739
10,ENG,3792,781,0,grain,0.2174,781
11,ENG,3832,839,0,fish,0.1954,839
12,ENG,1468,349,0,fish,0.0540,349
13,COL,37556,1759,1057,timber,0.8236,1759
14,COL,14076,1374,535,fish,0.2657,1374
15,COL,11332,823,383,timber,0.3294,823
16,COL,10944,537,439,timber,0.1647,537
17,COL,7896,841,406,timber,0.3294,841
18,ENG,4888,880,0,timber,0.5705,880
19,ENG,8256,1946,0,timber,0.9072,1946
20,ENG,8304,1870,0,grain,0.5653,1825
21,ENG,8400,1965,0,timber,0.9072,1965
22,ENG,19852,3260,0,grain,0.9480,3222
23,ENG,4088,883,0,cattle,0.0274,261
24,ENG,3352,749,0,timber,0.3367,749
25,ENG,3260,740,0,coal,0.4124,740
26,ENG,8020,1560,0,grain,0.4784,1545
27,ENG,6812,1320,0,timber,0.8792,1320
28,ENG,7488,1600,0,iron,1.1183,1600
29,ENG,8528,1970,0,fruit,0.7599,1968
30,ENG,16684,3141,0,grain,1.0350,2536
31,ENG,3616,862,0,timber,0.5705,862
32,ENG,7544,1519,0,grain,0.5219,1519
33,ENG,7540,1522,0,grain,0.5219,1520
34,ENG,7624,1624,0,grain,0.5653,1622
35,ENG,3184,587,0,grain,0.1305,390
36,ENG,16236,2699,0,grain,0.7393,2147
37,ENG,3400,755,0,fish,0.1622,755
38,ENG,3696,867,0,timber,0.4583,867
39,ENG,7460,1617,0,timber,1.1130,1617
40,ENG,7776,1566,0,cattle,0.2370,937
41,ENG,6656,1255,0,grain,0.2609,727
42,ENG,6924,1314,0,grain,0.2609,784
43,ENG,4956,1094,0,fish,0.2495,1094
44,ENG,784,184,0,iron,0.1892,184
45,ENG,3068,676,0,fish,0.1552,676
46,ENG,280448,59724,0,grain,19.8657,47838
47,ENG,1988,447,0,fish,0.1081,447
48,ENG,6588,1509,0,fish,0.4450,1509
49,ENG,12024,2680,0,timber,1.8612,2680
50,ENG,8540,1876,0,cattle,0.2644,1038
51,ENG,6192,1023,0,cattle,0.0410,249
52,ENG,8556,1925,0,cattle,0.2978,1091
53,ENG,3180,723,0,grain,0.1305,386
54,ENG,52556,12989,0,grain,4.3575,10710
55,ENG,102048,24619,0,fish,7.3456,24619
56,ENG,104952,23916,0,grain,7.9758,19385
57,ENG,62744,15191,0,grain,5.0882,12496
58,ENG,402072,79778,0,cattle,18.1906,64972
59,ENG,1684,386,0,fish,0.1012,386
60,ENG,1088,256,0,fish,0.0540,256
61,ENG,12700,2889,0,grain,0.7393,2260
62,ENG,6196,1327,0,fish,0.3507,1327
63,ENG,19328,4373,0,cattle,0.9140,3323
64,ENG,102976,24529,0,grain,8.2280,19733
65,ENG,288640,65278,0,grain,21.5879,52041
66,ENG,98560,23327,0,grain,7.8019,18991
67,ENG,84156,20229,0,grain,6.4189,16383
68,ENG,138776,31033,45,timber,21.7458,31033
69,ENG,93128,22392,196,cattle,5.0299,17977
70,ENG,45900,10175,34,fish,3.0419,10175
71,ENG,118932,23946,20,fish,7.1501,23946
72,ENG,61760,14991,18,timber,10.4941,14991
73,ENG,27268,6770,8,timber,4.7326,6770
74,ENG,85852,13746,2188,fish,4.0942,13746
75,ENG,32112,7249,706,iron,7.0797,7249
76,ENG,1308,143,168,fish,0.0070,143
77,FRA,1292,78,223,fish,0.0103,78
78,ENG,17832,4020,0,timber,2.5253,4020
79,ENG,2680,632,0,timber,0.3835,632
80,ENG,2772,650,0,timber,0.4302,650
81,ENG,17904,4013,0,timber,2.7685,4013
82,ENG,2976,704,0,timber,0.4489,704
83,ENG,2336,561,0,fish,0.1151,561
84,USA,38228,5655,1550,fruit,2.8839,5654
85,USA,15116,1967,1654,fish,0.6821,1967
86,USA,18544,2466,1779,fruit,0.9880,2443
87,USA,18904,2767,1740,fruit,1.4997,2752
88,USA,16588,2060,1751,precious_metal,6.8428,2060
89,USA,21872,3833,1423,grain,1.2378,3152
90,USA,19848,3677,1064,grain,1.2378,2985
91,USA,10408,1992,21,wool,0.5466,1573
92,USA,7304,1729,24,timber,0.9467,1729
93,USA,12876,3056,12,precious_metal,9.9258,3056
94,CSA,21792,2449,1480,iron,0.5583,2449
95,CSA,16504,2799,872,iron,0.6688,2799
96,CSA,14344,2376,1153,iron,0.4772,2376
97,CSA,21172,2911,2083,coal,0.7764,2911
98,CSA,16900,2135,1658,grain,0.1963,2135
99,CSA,17560,2817,1472,grain,0.3363,2817
100,USA,26364,2658,2350,iron,1.8676,2658
101,USA,14140,1267,2071,cattle,0.1495,628
102,USA,17324,2561,1610,cattle,0.5723,1783
103,CSA,44824,7740,2151,fruit,2.0489,7740
104,CSA,28372,4505,1851,cattle,0.5859,4505
105,CSA,20564,3160,1057,cattle,0.3205,3160
106,USA,10804,575,1541,cattle,0.1819,511
107,USA,7940,1333,484,cattle,0.4924,1242
108,USA,5080,462,518,cattle,0.1544,462
109,USA,5668,158,684,cattle,0.0291,153
110,USA,10296,572,0,grain,0.2130,558
111,USA,15612,3733,2,coal,2.6002,3733
112,USA,10704,2444,4,grain,0.8523,2327
113,USA,8740,1471,578,cattle,0.4390,1406
114,USA,7392,888,832,cattle,0.0712,294
115,USA,14232,2886,555,cattle,0.7220,1744
116,USA,18560,2875,892,cattle,0.8635,2078
117,USA,19116,3338,955,coal,2.6999,3338
118,USA,14004,2122,855,coal,1.7002,2122
119,USA,16008,2929,732,cattle,0.7123,2047
120,USA,12456,500,1061,grain,0.0710,382
121,USA,16244,3222,566,coal,2.6002,3222
122,USA,8968,1515,562,grain,0.4160,924
123,CSA,21832,4359,440,fruit,1.1176,4359
124,CSA,11924,2822,4,grain,0.7979,2822
125,CSA,15980,3459,312,grain,0.9106,3459
126,USA,12844,404,772,grain,0.0507,338
127,USA,14576,1974,295,fruit,1.0734,1966
128,USA,9572,930,117,grain,0.0609,399
129,CSA,20784,3242,352,grain,0.7373,3242
130,CSA,66860,15331,0,grain,4.7663,15331
131,CSA,13684,3377,2,grain,0.8730,3377
132,CSA,48508,7319,2384,cattle,1.5907,7319
133,CSA,34004,6015,2040,cattle,1.2610,6015
134,CSA,22760,3801,1646,cattle,0.7286,3801
135,CSA,25224,4347,1830,sulphur,2.0945,4347
136,CSA,23512,4132,1037,cattle,0.0000,0
137,CSA,22496,3102,1662,cattle,0.5810,3102
138,CSA,21152,3698,1196,cattle,0.6821,3698
139,CSA,182764,40688,4,grain,10.4997,40688
140,CSA,66892,15772,21,cotton,3.3417,15772
141,CSA,40612,9903,2,sulphur,4.9156,9903
142,CSA,45988,11182,6,sulphur,5.3571,11182
143,CSA,55824,11955,1717,grain,3.0411,11955
144,CSA,47028,8146,2255,grain,2.5126,8146
145,CSA,28000,5297,1561,timber,2.1580,5297
146,USA,205072,45091,3693,cattle,16.1477,38145
147,USA,33676,6887,1240,coal,5.6297,6887
148,USA,52732,8394,1679,grain,3.3383,7039
149,USA,60544,13053,1412,coal,10.7887,13053
150,USA,68748,15131,1457,coal,12.4890,15131
151,USA,23188,3988,896,grain,1.4814,3183
152,USA,14936,2846,658,grain,0.8827,2024
153,USA,21580,4689,639,cattle,1.3889,3284
154,USA,8404,1082,876,grain,0.2434,660
155,USA,20420,3304,846,timber,2.7538,3304
156,USA,15612,2965,794,coal,2.4147,2965
157,USA,14204,2480,812,timber,2.0654,2480
158,USA,15660,3237,504,iron,2.0944,3237
159,USA,29904,6756,22,timber,6.7807,6756
160,USA,11564,2680,2,grain,0.6696,1575
161,USA,14088,3473,0,timber,3.4495,3473
162,USA,16280,3824,9,coal,3.1292,3824
163,USA,228596,49598,4304,coal,41.0562,49598
164,USA,67608,14847,1793,coal,12.2759,14847
165,USA,55856,12431,1312,coal,10.2460,12431
166,USA,134996,29062,2943,cattle,10.3768,24543
167,USA,51132,10509,1919,cattle,3.7910,9008
168,USA,99140,17484,3548,cattle,6.2617,14829
169,USA,362984,83142,1716,grain,28.3095,68535
170,USA,262312,56780,959,grain,19.2383,46671
171,USA,59360,14212,216,timber,11.8511,14212
172,USA,159444,37135,434,timber,28.6183,37135
173,USA,116188,25626,800,timber,25.7389,25626
174,USA,36228,8360,604,timber,8.3871,8360
175,USA,25992,5951,441,timber,5.9739,5951
176,USA,20076,4527,314,timber,4.4930,4527
177,USA,20244,4487,424,iron,3.1883,4487
178,USA,274288,56166,3245,coal,46.4728,56166
179,USA,328568,73182,3735,grain,28.8980,59967
180,USA,239708,53895,2504,timber,54.0022,53895
181,USA,278896,62140,3345,grain,24.6060,51219
182,USA,365228,80487,4520,grain,31.8000,66040
183,USA,205296,45728,2552,cotton,27.6041,45728
184,CSA,167980,36652,2788,tobacco,5.8152,36652
185,CSA,346000,71204,5450,coal,40.6382,71204
186,CSA,153140,34053,2101,cattle,7.0840,34053
187,CSA,108720,23861,1829,cattle,4.8738,23861
188,CSA,441212,93635,3069,grain,35.7411,93635
189,CSA,127552,28836,1259,cotton,9.7422,28836
190,CSA,145884,33654,1029,coal,13.9702,33654
191,CSA,161188,36841,1062,coal,16.4693,36841
192,CSA,185360,43590,2,cotton,9.2647,43590
193,CSA,107820,25585,0,grain,3.8849,25585
194,CSA,87588,8360,0,cotton,0.1945,8360
195,CSA,298104,71111,783,cotton,19.5905,71111
196,CSA,221244,47190,890,iron,16.2291,47190
197,CSA,146848,34740,517,cotton,7.8504,34740
198,CSA,37972,8839,498,cotton,1.6267,8839
199,CSA,56476,13484,399,cotton,0.0000,0
200,CSA,21712,3834,458,fruit,0.0000,0
201,CSA,315216,63174,2635,cotton,10.7500,63174
202,CSA,66964,15047,1235,cotton,3.6599,15047
203,ENG,18044,1081,1189,fish,0.3036,1081
204,CSA,245144,56963,1875,cotton,9.7068,56963
205,CSA,275436,65295,1490,coal,16.4774,65295
206,CSA,379372,89827,1960,cotton,17.5925,89827
207,CSA,120296,26785,898,tobacco,4.1307,26785
208,CSA,183004,41446,1154,tobacco,6.6622,41446
209,CSA,150548,34858,789,tobacco,4.9668,34858
210,CSA,218340,50934,995,cotton,13.3138,50934
211,CSA,441388,95538,2581,tobacco,14.2812,95538
212,CSA,60308,13030,1051,tobacco,1.0551,13030
213,CSA,137140,31157,1065,tobacco,3.9239,31157
214,CSA,131212,29851,1537,tobacco,4.1192,29851
215,CSA,77784,17711,889,grain,4.1313,17711
216,CSA,149800,33498,1554,tobacco,2.8587,33498
217,USA,133408,30332,774,coal,23.9784,30332
218,USA,129924,27888,897,coal,19.9631,27888
219,USA,247400,40448,10,tobacco,14.4268,40448
220,USA,207396,42218,3674,grain,13.8402,33400
221,USA,73876,17149,39,tobacco,5.6873,17149
222,USA,85988,19967,12,grain,8.1174,17013
223,USA,712372,130972,12767,iron,140.8048,130972
224,USA,208700,45121,4240,grain,17.7873,37014
225,USA,230684,50535,3694,coal,39.8986,50535
226,USA,364344,80212,6185,tobacco,28.4995,80212
227,USA,408904,89587,6828,coal,70.7947,89587
228,USA,148432,32492,2915,timber,30.4398,32492
229,USA,196584,44190,2552,fish,18.2927,44190
230,USA,134820,30416,1853,fish,11.8480,30416
231,USA,128056,27043,2147,fish,11.1839,27043
232,USA,1061844,140038,21945,grain,54.4882,112995
233,USA,128536,28726,2104,grain,11.3542,23578
234,USA,397608,90197,4855,iron,92.7938,90197
235,USA,419196,94546,4123,grain,35.7370,77764
236,USA,312824,70263,3282,timber,65.8245,70263
237,USA,226992,50825,2568,grain,20.0703,41840
238,USA,359668,80946,3532,grain,31.9826,66339
239,USA,159132,35493,2551,iron,25.1995,35493
240,USA,102160,22740,1931,timber,22.7627,22740
241,USA,370576,82617,5540,fish,34.2440,82617
242,USA,129876,23685,3369,grain,9.3147,19412
243,USA,627736,40604,37075,grain,15.6767,32533
244,USA,178296,38058,3836,grain,15.0781,31311
245,USA,117324,26039,2191,iron,18.4760,26039
246,USA,355476,77572,5222,timber,73.6488,77572
247,USA,365660,76567,5806,timber,76.7505,76567
248,USA,312348,68946,4408,timber,69.1558,68946
249,USA,220376,48415,3529,timber,48.4944,48415
250,USA,55160,11911,1050,timber,11.9478,11911
251,DEN,8768,1492,0,fish,0.3192,1492
252,DEN,64952,16145,0,fish,3.6756,16145
253,DEN,8932,2218,0,fish,0.5316,2218
254,ENG,865724,161699,13531,cattle,37.0574,132076
255,ENG,778432,173139,10181,cattle,40.2121,143319
256,ENG,408392,91831,5597,cattle,20.9594,74751
257,ENG,785900,183312,3875,cattle,38.2350,136246
258,ENG,846292,189360,10347,cattle,42.8525,152743
259,ENG,1186684,263291,12667,cattle,59.4923,212017
260,ENG,1423240,295485,8362,fish,78.7553,280000
261,ENG,1265664,285303,7221,fish,72.1723,280000
262,ENG,830756,190627,5136,fish,57.1982,190627
263,ENG,1374024,231675,15551,grain,77.0275,184494
264,ENG,826004,187193,10179,cattle,39.2441,150576
265,ENG,687704,156117,7582,fish,46.8578,156117
266,ENG,246464,31362,10502,wool,8.1336,21639
267,ENG,478860,102983,9273,sulphur,112.2587,102983
268,ENG,528636,106740,10282,fish,29.9883,106740
269,ENG,685968,115226,21162,coal,112.3974,115226
270,ENG,554328,112965,11463,coal,106.1658,112965
271,ENG,933756,127091,42040,coal,119.4079,127091
272,ENG,260888,53148,5463,coal,46.7826,47999
273,ENG,607336,118021,19796,coal,115.1466,118021
274,ENG,253608,50427,9358,fish,11.2305,40000
275,ENG,276768,54856,10272,sulphur,86.4935,54856
276,ENG,363276,70923,15187,fish,19.9183,70923
277,ENG,1815708,250388,97664,fish,72.1113,240000
278,ENG,1319992,224086,61034,coal,218.7924,224086
279,ENG,327972,63389,11293,grain,21.1964,50780
280,ENG,719556,127689,13979,coal,110.4730,127689
281,ENG,572776,115104,13001,fish,34.5887,115104
282,ENG,540992,100640,11466,coal,82.6142,100640
283,ENG,858584,167540,17901,coal,139.0191,167540
284,ENG,1040924,184454,30436,coal,138.9732,184454
285,ENG,558312,112042,16758,fish,33.6446,112042
286,ENG,486112,94918,11463,iron,80.0189,94918
287,ENG,651780,128970,20659,grain,43.1671,103422
288,ENG,713076,142878,20758,coal,102.5460,142878
289,ENG,621468,122593,14833,grain,41.0970,98289
290,ENG,510012,102913,11739,iron,86.7632,102913
291,ENG,495972,92494,7509,grain,30.9727,73991
292,ENG,987380,209175,15083,grain,70.1302,167601
293,ENG,394352,80605,5583,coal,69.7386,80605
294,ENG,449508,91238,8979,grain,30.5465,73243
295,ENG,438896,96221,6122,grain,32.2253,77112
296,ENG,680192,95150,25307,iron,106.6862,95150
297,ENG,616640,126079,16637,grain,42.3060,101258
298,ENG,606888,114186,12479,grain,38.0005,91131
299,ENG,1237072,255371,30172,fish,71.9158,255371
300,ENG,3603256,307944,235349,grain,101.8423,243701
301,ENG,597364,126401,12108,coal,109.2816,126401
302,ENG,602728,121526,12165,fish,36.4840,121526
303,ENG,491944,101741,10055,fish,30.5415,101741
304,ENG,65976,10326,2602,fish,3.0960,10326
305,SWE,164320,33574,4387,timber,15.9168,33574
306,SWE,64560,12836,2952,fish,1.9787,12836
307,SWE,38976,7620,1980,timber,3.6628,7620
308,SWE,93032,18088,3880,fish,2.8092,18088
309,SWE,224580,42012,8328,fish,8.5565,40000
310,SWE,197124,41478,6020,fish,9.7293,40000
311,SWE,82612,17878,2749,timber,12.6072,17878
312,SWE,166060,33447,6607,grain,12.0851,27266
313,SWE,131624,21632,3529,fish,3.9893,21632
314,SWE,93376,21165,1977,grain,5.6658,17460
315,SWE,113056,25625,2235,timber,12.1597,25625
316,SWE,79024,17944,1669,grain,5.4178,14880
317,SWE,115868,23614,3719,timber,17.8271,23614
318,SWE,103280,21127,3788,timber,15.9099,21127
319,SWE,49944,10336,2044,timber,6.4802,10336
320,SWE,62952,13196,2468,timber,9.9012,13196
321,SWE,40252,7496,2382,iron,5.2904,7496
322,SWE,260116,31429,9061,coal,22.8371,31429
323,SWE,166948,35367,5147,iron,38.9800,35367
324,SWE,100360,21617,2905,timber,16.3489,21617
325,SWE,262720,53989,8626,grain,20.5992,43903
326,SWE,252536,53167,7327,iron,43.0882,53167
327,SWE,147404,31655,4358,timber,23.9524,31655
328,SWE,223792,46945,6862,timber,35.5291,46945
329,SWE,213088,36017,6557,fish,8.7947,36017
330,SWE,253904,53895,7286,fish,14.1865,53895
331,SWE,42844,8912,1789,grain,3.6323,7736
332,SWE,209768,44496,5612,timber,33.7165,44496
333,SWE,319216,65893,9970,grain,25.2727,53790
334,SWE,345792,72501,10099,grain,27.6738,58906
335,SWE,300776,63904,8486,fish,16.7981,63904
336,RUS,116260,23255,620,timber,11.9114,23255
337,RUS,26696,5766,474,timber,2.8626,5766
338,RUS,59568,13354,650,iron,4.4963,13354
339,RUS,328604,73845,605,timber,37.8567,73845
340,RUS,96888,22462,239,timber,11.5001,22462
341,RUS,179868,41667,890,timber,20.4666,40000
342,RUS,225988,52104,1784,iron,18.0041,40000
343,RUS,225224,40858,499,grain,8.1953,32810
344,RUS,65288,15176,177,timber,7.6996,15176
345,RUS,433472,101371,664,fish,29.4443,101371
346,RUS,416736,96362,594,timber,49.3897,96362
347,RUS,126628,29363,336,timber,15.0374,29363
348,RUS,15004,3423,2,fish,0.9910,3423
349,RUS,253048,49812,4121,grain,8.2668,33216
350,RUS,280948,62351,4085,cattle,9.9316,50512
351,RUS,138680,31376,1873,grain,6.3145,25259
352,RUS,227372,50007,3652,cattle,6.7244,34222
353,RUS,27880,5506,1158,grain,1.1011,4249
354,RUS,361640,58198,4304,fish,13.9399,47999
355,RUS,785544,176534,10066,cattle,26.8558,136246
356,RUS,200972,42628,3245,grain,9.2250,33189
357,RUS,189652,42639,2887,cattle,6.8445,34839
358,RUS,209572,46053,4089,fish,11.6157,40000
359,RUS,143692,32396,2249,grain,7.3085,26184
360,RUS,283584,42018,1653,grain,9.2250,33216
361,RUS,302336,68712,750,grain,15.3609,54678
362,RUS,331060,73465,1285,grain,16.9915,60271
363,RUS,301292,66517,674,grain,14.8817,53003
364,RUS,302044,69963,394,cattle,11.1785,56671
365,RUS,123200,27762,422,grain,6.2788,22378
366,DEN,241748,51863,215,grain,10.1786,43052
367,DEN,161676,35968,58,fish,9.0103,35968
368,DEN,111760,27563,11,cattle,4.2466,23611
369,HOL,131156,28825,259,cattle,5.4623,25115
370,DEN,195800,45176,0,cattle,7.0412,39244
371,DEN,91696,22626,0,cattle,3.5621,19934
372,DEN,418016,67047,0,grain,13.1324,55649
373,DEN,199808,39095,0,grain,7.7711,32913
374,DEN,19648,4874,30,fish,1.2027,4874
375,NET,150368,17625,5863,cattle,4.9097,17616
376,NET,234304,39353,11195,fish,11.4050,39353
377,NET,52972,7382,2579,grain,3.0719,7382
378,NET,53296,10437,2885,fish,3.0207,10437
379,NET,259468,57865,2593,coal,42.1232,57865
380,NET,176616,37075,2182,cattle,8.3762,31440
381,NET,193784,37115,1416,coal,27.0285,37115
382,NET,489664,107807,4598,cattle,24.2793,90928
383,NET,136108,25562,3073,grain,8.5449,21270
384,NET,142868,30225,2310,fish,9.1356,30225
385,NET,163900,29861,3939,cattle,6.1607,25426
386,NET,48064,9670,1764,wool,3.2724,9017
387,BEL,634848,97855,33479,sulphur,152.5497,97855
388,BEL,402080,71159,19699,grain,34.5097,57947
389,BEL,593692,90979,37070,wool,32.9814,73044
390,BEL,270848,42836,13093,cattle,15.4001,35849
391,BEL,242140,46180,11179,coal,43.3739,46180
392,BEL,286756,47455,14207,iron,40.0945,47455
393,BEL,236416,47057,9930,coal,44.2082,47057
394,BEL,328612,60733,9864,coal,57.0526,60733
395,BEL,159828,30522,7331,iron,25.7854,30522
396,BEL,52580,10446,2658,coal,9.8088,10446
397,LUX,120688,27638,96,iron,31.1433,27638
398,BEL,125812,25158,5457,timber,25.6873,25158
399,FRA,518608,90204,11344,iron,94.7230,90204
400,FRA,336624,69037,6922,fish,28.8391,69037
401,FRA,333496,68204,7652,coal,63.0496,68204
402,FRA,452768,90048,10013,fish,37.6245,90048
403,FRA,504332,105653,8460,grain,41.8237,86111
404,FRA,285204,53501,4067,coal,49.4565,53501
405,FRA,310296,66429,4823,coal,58.2639,66429
406,FRA,269156,56836,4025,timber,54.9537,56836
407,FRA,245076,50011,5325,iron,52.4728,50011
408,FRA,248768,52933,3741,fruit,31.8855,52931
409,FRA,564368,113573,5988,grain,44.2912,91177
410,FRA,263052,57408,3775,sulphur,81.6484,57408
411,FRA,300108,53816,4974,iron,56.4682,53816
412,FRA,473940,90029,6326,precious_metal,459.2690,90029
413,FRA,349748,74492,5382,grain,29.4575,60659
414,FRA,253872,53309,4227,sulphur,75.7350,53309
415,FRA,867184,165239,11607,cotton,93.4536,165239
416,FRA,505444,106133,7638,grain,41.5853,85705
417,FRA,468964,100100,5888,cotton,56.6073,100100
418,FRA,1219808,239449,18038,cotton,135.4228,239449
419,ENG,108400,18732,4147,fish,5.5986,18732
420,FRA,653024,112616,11972,grain,44.5530,91717
421,FRA,683468,141271,13279,grain,55.7088,114705
422,FRA,473552,99801,7313,fish,41.7259,99801
423,FRA,482688,88080,7915,coal,81.4626,88080
424,FRA,673672,135375,13597,grain,50.5352,109290
425,FRA,2337952,161654,103226,grain,53.0261,128904
426,FRA,324108,64587,8929,grain,21.4795,52428
427,FRA,358076,72123,9457,grain,24.1388,58731
428,FRA,311964,56088,4762,fruit,33.7300,56022
429,FRA,214032,43482,5106,iron,45.6301,43482
430,FRA,608636,127084,10736,coal,112.6295,127084
431,FRA,542496,113612,10408,coal,100.6807,113612
432,FRA,331160,69848,4683,coal,64.5467,69848
433,FRA,385492,79365,7758,grain,31.0930,64183
434,FRA,620468,122744,15833,coal,113.5510,122744
435,FRA,303940,56569,7347,coal,50.1554,56569
436,FRA,483928,99856,9827,grain,33.4907,81555
437,FRA,335100,67409,9596,grain,26.5597,54800
438,FRA,347084,57741,7087,timber,46.1310,57741
439,FRA,291816,55669,7579,timber,44.4751,55669
440,FRA,266140,53483,5828,grain,17.8715,43633
441,FRA,316260,61927,6130,grain,20.7693,50484
442,FRA,519176,100870,10440,fish,42.1569,100870
443,FRA,311484,62485,6585,grain,24.6857,50881
444,FRA,402460,81867,8566,cattle,28.3063,68080
445,FRA,336376,56260,5792,cattle,19.5771,47086
446,FRA,508424,103209,11094,grain,40.7066,83953
447,FRA,864656,176938,18501,coal,165.7207,176938
448,FRA,507436,103896,4556,coal,92.0788,103896
449,FRA,261004,57060,2038,coal,52.7623,57060
450,FRA,198288,43332,1741,timber,41.8871,43332
451,FRA,905144,118493,34006,grain,40.3515,98037
452,FRA,430892,76860,14427,sulphur,102.8043,76860
453,FRA,711308,140488,23522,coal,129.9566,140488
454,FRA,759064,148118,24415,tobacco,39.2659,148118
455,FRA,745564,133787,13798,grain,50.5352,109294
456,FRA,590264,122285,10308,tobacco,40.1913,122285
457,FRA,400860,82738,8085,grain,26.8915,67212
458,FRA,582348,96966,6316,fruit,58.3671,96887
459,FRA,597588,125032,8986,grain,49.6333,102152
460,FRA,745840,158572,9435,grain,52.0075,129542
461,FRA,796620,150333,19702,cattle,53.1009,127669
462,FRA,535692,105569,14823,coal,97.6216,105569
463,FRA,313168,61316,8939,grain,24.4240,50326
464,FRA,165872,34638,4019,grain,11.8426,29696
465,FRA,309372,61765,10189,coal,44.9826,61765
466,FRA,287996,58592,10484,grain,15.4973,47692
467,FRA,435528,51623,8394,coal,47.7128,51623
468,FRA,245064,46059,5442,sulphur,65.4816,46059
469,FRA,133536,28969,2471,silk,11.8980,28969
470,FRA,250056,43794,4411,silk,17.9859,43794
471,FRA,142212,30494,2830,silk,11.6836,30494
472,FRA,228396,47399,1506,grain,15.3340,33216
473,FRA,251328,53543,4371,fish,22.3648,53543
474,SPA,845328,181788,9477,fish,36.7228,181788
475,SPA,102108,17872,1248,coal,10.0789,17872
476,SPA,402364,90236,4906,fish,18.2202,90236
477,SPA,343656,67468,3952,coal,38.6231,67468
478,SPA,214144,47308,2555,fish,8.7074,40000
479,SPA,253776,53677,3636,iron,23.6399,53677
480,SPA,210572,44057,2440,cattle,7.3390,36279
481,SPA,300528,67329,3780,grain,13.4416,53793
482,SPA,230856,52008,3175,grain,11.2979,41660
483,SPA,236528,52173,3260,grain,11.3347,41804
484,SPA,224208,40659,4742,wool,7.0985,28978
485,SPA,196952,39266,6143,wool,6.8408,27475
486,SPA,199492,44569,2095,iron,19.6614,44569
487,SPA,394892,22486,1490,cattle,3.7231,18333
488,SPA,188372,44227,452,grain,9.6879,35606
489,SPA,268484,61277,538,iron,24.7162,61277
490,SPA,294092,68595,436,grain,13.7544,54855
491,SPA,278632,65175,522,grain,14.1960,52151
492,SPA,385768,77221,4783,iron,30.9962,77221
493,SPA,277736,63384,3746,fruit,14.1631,63310
494,SPA,185516,41578,2612,iron,18.3193,41578
495,SPA,377412,74001,5876,grain,16.1924,59692
496,SPA,208732,39411,8066,wool,6.8936,31238
497,SPA,254108,57211,3336,grain,11.5095,46060
498,SPA,490644,77193,7257,cattle,12.7960,63243
499,SPA,252920,57724,2291,fruit,12.8921,57656
500,SPA,162280,35773,1698,fruit,7.9779,35745
501,SPA,268660,61553,2113,grain,13.3404,49171
502,SPA,269976,55064,4559,cattle,9.6195,47538
503,SPA,544976,101594,1160,fruit,28.5028,101594
504,SPA,253632,59823,626,fruit,16.7471,59749
505,SPA,470484,111662,988,fruit,28.7919,111527
506,SPA,247472,54466,760,iron,21.8419,54466
507,SPA,113080,26860,361,iron,10.7620,26860
508,SPA,246488,58257,582,fruit,16.3094,58188
509,SPA,434876,82616,3292,grain,18.0233,66462
510,SPA,392824,87270,2674,grain,19.0537,70258
511,SPA,176088,40063,1460,grain,8.8047,32469
512,SPA,441784,84062,2779,fish,13.5704,84062
513,SPA,500416,92523,4733,iron,65.9624,92523
514,SPA,484688,100293,4909,coal,54.3737,100293
515,SPA,296924,66269,2788,iron,47.2583,66269
516,SPA,324716,72863,1882,grain,15.9901,58751
517,ENG,21292,476,1454,fish,0.0942,476
518,POR,1091484,234746,11241,fruit,54.1319,234428
519,POR,483924,106303,7972,fruit,27.3760,106177
520,POR,406656,64564,22129,wool,1.4240,7072
521,POR,538688,55641,6802,grain,7.9909,39768
522,POR,661188,148026,7466,fruit,35.0131,147826
523,POR,209892,46531,3252,grain,6.6444,33216
524,POR,176736,37927,2542,grain,5.8766,29494
525,POR,244892,49702,3963,grain,6.6529,33216
526,POR,163956,37416,1975,iron,15.2244,37416
527,POR,196752,44683,2303,fruit,9.4769,40000
528,HAM,116052,6677,2050,fruit,2.4298,6667
529,HOL,83172,19220,199,grain,4.9033,16356
530,LUB,23820,2809,0,fish,0.6648,2809
531,HAN,299308,58674,8151,cattle,11.5758,48479
532,HAN,310880,58686,8479,cattle,11.4919,48080
533,ENG,3972,251,668,fish,0.0540,251
534,HAN,527336,99189,9702,fruit,36.9148,99160
535,HAN,314812,63415,6553,grain,17.1178,51938
536,BRA,203676,42832,0,fruit,12.3805,42832
537,HAN,205964,45438,1171,grain,12.3199,37390
538,HAN,306876,63995,6363,grain,17.1221,52062
539,BRE,40656,6890,98,fish,1.5672,6890
540,OLD,218420,43413,4785,fish,17.2461,43413
541,OLD,91460,13108,1906,coal,12.0572,13108
542,HAN,111604,23591,3037,cattle,4.8575,20287
543,HAN,90540,19791,1780,fish,5.3098,19791
544,MEC,173260,32958,6955,grain,11.9057,32399
545,MEC,33744,7129,1303,grain,2.6042,7073
546,PRU,676144,130364,14292,fish,46.4541,130364
547,PRU,139020,29503,3477,fruit,12.5145,29482
548,PRU,234840,45917,6079,fish,14.2256,40000
549,PRU,1249912,141255,68406,fruit,60.2112,141248
550,PRU,452644,83227,22414,cattle,19.3673,68127
551,PRU,377988,68910,19192,cattle,16.0812,56522
552,PRU,483484,88738,24601,fruit,37.7775,88738
553,PRU,962972,182014,22744,cattle,41.5753,146088
554,PRU,345800,70089,8711,iron,52.3412,70089
555,ANH,120236,26964,2102,fruit,10.5091,26937
556,PRU,713180,144340,18993,fruit,61.4704,144241
557,PRU,221700,44588,7385,grain,15.4088,33216
558,SAX,573308,95411,24429,coal,91.6391,95411
559,SAX,289012,48408,12709,coal,46.5087,48408
560,SAX,201440,36610,9481,iron,40.0444,36610
561,WEI,271388,49734,10608,grain,13.6342,40115
562,COB,344248,70663,6255,iron,60.3028,70663
563,MEI,242976,49641,8024,iron,49.4423,49641
564,FRM,30860,1965,144,fruit,0.6427,1963
565,NAS,309012,71591,0,fruit,25.4007,71573
566,HEK,345456,81400,0,grain,21.2866,67250
567,HES,250396,48230,10911,cattle,12.6709,40197
568,HEK,152904,34427,0,grain,9.0168,28672
569,BAD,161544,34274,4021,grain,12.2242,27980
570,HES,260212,50497,2724,sulphur,73.1768,50497
571,BAV,240588,50098,5747,fruit,21.5759,50098
572,PRU,225160,44900,4092,fruit,19.0232,44785
573,PRU,493116,103004,10237,coal,86.8698,103004
574,PRU,219020,45678,5117,grain,16.8111,36279
575,PRU,805012,132113,28916,coal,111.5864,132113
576,PRU,595412,119616,19452,coal,101.0113,119616
577,PRU,546340,104425,25133,coal,88.2002,104425
578,PRU,568572,106466,26611,coal,89.8974,106466
579,PRU,308488,58286,15441,timber,43.1424,58286
580,PRU,571084,120256,10515,coal,101.5045,120256
581,PRU,745576,146203,14615,coal,123.4110,146203
582,PRU,331272,68004,7663,cattle,15.4932,54534
583,PRU,164024,34619,3796,cattle,7.9630,28020
584,PRU,165152,34531,3901,timber,25.5474,34531
585,LIP,31760,7752,0,coal,4.8344,7752
586,BAD,370024,71711,8934,fruit,36.7883,71711
587,BAD,127540,26338,3947,fruit,12.8399,26329
588,BAD,103352,21370,3188,timber,20.6173,21370
589,WUR,530572,96674,20942,fruit,46.7031,96491
590,WUR,243208,49163,8085,fruit,23.7638,49163
591,WUR,156020,29785,7609,grain,10.7589,26193
592,BAV,206724,39736,7849,cattle,10.6855,33672
593,WUR,235764,46859,10007,grain,15.6940,38119
594,PRU,55380,13028,357,grain,4.6746,10108
595,BAV,796880,155899,22345,grain,54.2608,127257
596,BAV,112052,23125,3780,grain,8.2287,19299
597,BAV,262964,51702,7722,fruit,26.3734,51650
598,BAV,460796,94070,13168,timber,92.8223,94070
599,BAV,916484,152711,38884,cattle,41.2649,129858
600,BAV,144080,25103,8328,cattle,7.8833,23463
601,BAV,60216,8677,5637,grain,3.3441,7918
602,BAV,185736,33580,8851,grain,11.8327,27897
603,SWI,411376,81828,12955,cattle,13.8039,66459
604,SWI,140892,29505,2655,fruit,11.6170,29466
605,SWI,255772,51093,4837,iron,43.3473,51093
606,SWI,104556,20711,4080,timber,12.7656,20711
607,SWI,327908,65232,6692,grain,17.1857,51734
608,SWI,62448,11367,1422,coal,8.6632,11367
609,SWI,63944,13850,1493,coal,10.5365,13850
610,NET,2548,589,0,fish,0.1123,589
611,SWI,62532,12190,3345,cattle,2.1303,10302
612,AUS,264256,53299,3712,timber,32.5794,53299
613,AUS,170416,35312,2599,grain,10.0456,28803
614,AUS,135000,29655,2351,timber,18.1266,29655
615,AUS,70120,15649,1361,timber,9.5614,15649
616,AUS,471948,96072,1232,iron,61.2896,96072
617,AUS,203680,46172,766,iron,29.4271,46172
618,AUS,214608,49351,693,coal,37.9757,49351
619,AUS,1351276,219066,12618,grain,80.7861,177040
620,AUS,122096,27164,1582,coal,21.2149,27164
621,AUS,296756,63811,4571,grain,23.4382,51481
622,AUS,692840,149288,9213,sulphur,183.3824,149288
623,AUS,217208,26768,1314,fruit,14.0682,26757
624,AUS,242968,52363,3580,grain,20.6080,42609
625,AUS,1684728,357239,5305,iron,381.9963,357239
626,AUS,489452,110502,2857,coal,90.6584,110502
627,AUS,532880,118794,3973,iron,75.5261,118794
628,AUS,250924,56223,2154,coal,43.8874,56223
629,AUS,630512,142635,2960,coal,111.3598,142635
630,AUS,464976,103518,3273,coal,80.8362,103518
631,AUS,1318144,285323,4625,coal,223.0920,285323
632,AUS,531100,119141,3351,coal,93.1431,119141
633,AUS,834904,151018,19288,cattle,42.2799,148996
634,AUS,227452,46712,6732,grain,19.6301,46531
635,AUS,349980,73988,9352,grain,33.4599,73367
636,AUS,172296,29864,9693,grain,13.4347,29677
637,AUS,691772,145938,17974,coal,108.4763,145938
638,AUS,150788,31418,5111,coal,24.5272,31418
639,AUS,1081016,247474,4667,cattle,61.6076,201985
640,AUS,275940,61881,3112,cattle,15.4745,50796
641,AUS,884840,158278,3243,cattle,36.3722,127997
642,AUS,475432,107428,2976,cattle,26.9302,88313
643,AUS,467624,100972,4554,grain,39.2785,81138
644,AUS,493736,112481,1690,cattle,27.8481,91341
645,AUS,135244,22312,1338,grain,7.5797,18123
646,AUS,413004,90347,1526,fruit,44.6519,90174
647,ROM,871560,161644,14146,wool,30.4571,105408
648,AUS,179288,35507,1054,fruit,17.4981,35466
649,AUS,803956,185905,1655,fruit,91.9120,185666
650,AUS,423360,95917,1308,fruit,47.4655,95900
651,ROM,532780,121552,3759,fruit,44.2198,121424
652,ROM,1090672,246657,9615,grain,59.1482,203669
653,ROM,484240,111072,3611,grain,25.8305,89046
654,ROM,271784,47677,4784,grain,10.3298,33150
655,ROM,396232,85814,6506,grain,21.5646,69228
656,ROM,310720,66916,5200,grain,16.7864,53855
657,ROM,389560,82470,744,cattle,15.4696,66156
658,CSA,122356,27264,933,fish,0.0000,0
659,ROM,152532,31013,687,wool,5.8091,21714
660,ROM,187932,41115,829,wool,5.9096,27898
661,ROM,372780,80360,6583,grain,15.3711,64751
662,ROM,193596,40988,3174,fruit,12.1835,40000
663,ROM,180988,39732,3405,cattle,7.5140,32234
664,WAL,91672,14465,1026,grain,3.6607,12238
665,WAL,113956,19788,823,grain,5.0028,16475
666,WAL,91844,21803,224,coal,15.6622,21803
667,WAL,94628,21873,807,wool,6.4810,19101
668,WAL,106440,25323,153,coal,18.2223,25323
669,WAL,59240,14271,228,coal,10.2430,14271
670,MOL,269724,60478,1015,fruit,18.9847,60465
671,MOL,101472,24777,254,fruit,7.7541,24748
672,MOL,240208,56998,1179,grain,13.7735,45581
673,MOL,180900,36255,1155,grain,8.7987,29158
674,TUR,173276,36777,0,grain,16.3466,31250
675,TUR,54556,12987,0,coal,14.6020,12987
676,RUS,529220,102257,3224,fruit,32.4252,102136
677,RUS,494856,110934,3618,fruit,35.1774,110814
678,RUS,495972,110496,4222,fish,29.0670,110496
679,PRU,235292,47021,7378,grain,15.4088,33216
680,PRU,232740,46188,7783,grain,15.3395,33068
681,PRU,335676,61361,17556,grain,22.7149,48933
682,PRU,1520264,257121,56776,grain,96.0364,206401
683,PRU,765968,147051,29597,fruit,62.6161,146679
684,PRU,781096,159546,21640,coal,134.9725,159546
685,PRU,742208,157642,18196,coal,133.3437,157642
686,,600,125,0,fish,0.0000,0
687,PRU,356964,76303,5349,coal,55.8677,76303
688,AUS,128820,28581,1454,coal,22.3001,28581
689,AUS,142544,33227,876,coal,24.6419,33227
690,PRU,115728,3425,2480,fish,1.2093,3425
691,PRU,325284,51643,8669,cattle,12.1772,42676
692,PRU,180004,36515,6306,grain,13.6774,29381
693,PRU,159572,33182,5211,cattle,7.7945,27290
694,PRU,207076,43776,6502,grain,16.7245,35914
695,PRU,760668,136955,12699,precious_metal,765.1260,136955
696,PRU,449684,92357,12182,cattle,21.5373,75417
697,PRU,281520,56972,7112,grain,22.3340,47917
698,PRU,260328,52868,5845,fish,14.3303,40000
699,PRU,716092,140149,20364,grain,55.7658,119651
700,PRU,316552,63006,9836,grain,23.9961,51500
701,PRU,641464,133756,15250,grain,50.1737,107681
702,AUS,956072,189833,5252,coal,149.0232,189833
703,KRA,135428,27419,1292,coal,21.5676,27419
704,AUS,750704,152476,283,grain,52.4765,122259
705,AUS,728920,166586,444,coal,130.6053,166586
706,RUS,1351672,260333,1880,cattle,41.5433,210655
707,RUS,343064,65057,1386,grain,14.4742,51626
708,RUS,600156,135077,1054,fruit,42.8779,134917
709,RUS,306744,69123,615,grain,15.4324,55185
710,RUS,566160,112535,877,fruit,35.7784,112402
711,RUS,712236,161120,1026,cattle,25.7290,130440
712,RUS,271880,60107,812,cattle,9.7599,49516
713,RUS,514964,115587,828,coal,41.7966,115587
714,AUS,713252,160859,264,grain,58.7265,128479
715,RUS,719356,161753,1207,grain,32.6172,129257
716,RUS,400292,74909,9770,wool,11.6635,50471
717,RUS,290568,65705,686,grain,13.1440,52358
718,RUS,774084,161030,1607,timber,82.7385,161030
719,RUS,476512,110293,1609,grain,24.6362,87434
720,ITA,1052612,199603,15890,fruit,98.9565,199603
721,ITA,111420,20397,5956,wool,8.2909,18358
722,ITA,189584,36006,8050,cattle,13.1276,32021
723,ITA,345536,68975,5792,fruit,34.0934,68894
724,ITA,632872,127662,10988,fruit,59.7776,127593
725,ITA,341972,74027,6603,fish,25.9007,74027
726,AUS,1396184,272248,5828,iron,174.3760,272248
727,AUS,520960,118798,1965,cattle,25.3941,96322
728,AUS,698236,158150,2318,silk,44.5329,158150
729,AUS,450016,56723,296,fish,21.0508,56723
730,AUS,384492,81893,167,silk,20.7152,81893
731,AUS,454924,102834,0,fruit,50.8151,102713
732,AUS,215364,49502,0,iron,29.2025,49502
733,AUS,294216,68082,212,fish,23.6384,68082
734,AUS,284820,63908,388,grain,22.7153,53461
735,AUS,100244,22556,330,grain,7.0515,18422
736,AUS,162808,12150,2367,grain,4.3181,10329
737,AUS,216988,49108,2326,grain,16.1134,40787
738,ITA,449328,98974,4284,iron,61.7055,98974
739,ITA,443940,92675,3650,iron,57.7714,92675
740,ITA,221448,50518,2129,timber,43.5853,47999
741,ITA,623932,108167,15895,timber,98.3225,108167
742,ITA,248572,46907,6939,grain,21.0090,37669
743,ITA,329632,58201,16330,wool,18.1159,40087
744,ITA,629984,117384,13318,fruit,58.1080,117384
745,ITA,555736,102776,14005,fish,35.3775,102776
746,ITA,96320,15616,1217,grain,7.1051,12752
747,ITA,422160,87811,10521,grain,37.4835,70905
748,ITA,206672,40028,8408,cattle,14.4039,35172
749,ITA,1336840,238291,32099,fruit,118.0901,237995
750,ITA,193036,40423,5773,fruit,19.9796,40375
751,ITA,405664,84534,11260,fruit,39.6047,84434
752,ITA,210060,38553,7000,fruit,19.1167,38508
753,FRA,431316,67708,13361,wool,22.8697,47433
754,ITA,1524908,230720,24164,fish,85.6445,230720
755,ITA,653552,142619,10947,fruit,72.0062,142450
756,FRA,535432,118526,4979,grain,46.2871,94727
757,FRA,417896,93273,3265,fish,39.2148,93273
758,FRA,255468,56705,2419,fish,23.8448,56705
759,ITA,574396,124219,9763,fish,43.5902,124219
760,ITA,365368,79927,6766,fish,29.6732,79927
761,ITA,584216,128056,9733,fruit,60.1866,128028
762,ITA,831276,172652,7715,fish,49.6022,172652
763,ITA,504592,94317,4828,sulphur,97.0055,94317
764,ITA,859204,186805,7458,sulphur,192.1536,186805
765,ITA,193496,37803,968,sulphur,0.0000,0
766,ITA,101340,18126,1060,precious_metal,0.0000,0
767,AUS,279972,62902,974,timber,43.7326,62902
768,AUS,367560,84542,985,cotton,29.9143,84542
769,AUS,222912,50814,1868,precious_metal,173.1013,50814
770,AUS,243976,55359,2296,grain,19.9398,46553
771,AUS,331120,61171,7418,timber,46.0834,61171
772,AUS,151880,33116,4312,cattle,7.8504,27648
773,AUS,239932,51408,6513,precious_metal,192.9683,51408
774,AUS,129116,28329,3349,iron,28.9500,28329
775,AUS,87428,16893,4067,wool,4.2710,12623
776,AUS,62552,12455,3001,grain,4.9681,10973
777,AUS,117604,25117,3695,fruit,12.3710,25089
778,AUS,65944,12906,1149,fruit,5.9131,12892
779,AUS,228272,49672,5719,cattle,11.6251,41015
780,AUS,216084,44349,3728,fish,13.8380,40000
781,AUS,168128,37628,2895,fruit,17.3105,37619
782,AUS,77184,16959,1689,fish,6.2715,16959
783,TUR,203264,42407,405,fruit,24.0111,40000
784,TUR,140260,33374,245,grain,14.0221,26627
785,TUR,149624,35455,129,fish,19.6039,35455
786,TUR,194648,44782,859,grain,16.7308,33216
787,TUR,136820,33160,192,coal,36.0927,33160
788,TUR,166476,29639,472,grain,12.3912,24735
789,TUR,166116,39402,409,grain,17.5462,33211
790,TUR,48828,10115,0,tobacco,2.9469,10115
791,AUS,166136,32329,170,timber,22.6174,32329
792,AUS,326364,75729,432,grain,28.7103,62750
793,AUS,137204,29452,3998,cattle,6.9842,24602
794,AUS,299240,63138,7486,grain,21.3549,50299
795,AUS,213132,45699,5919,grain,16.5324,36578
796,AUS,178772,38112,5049,coal,28.1254,38112
797,AUS,68968,14874,2137,grain,5.0956,12101
798,TUR,373116,85825,139,timber,91.2650,85825
799,TUR,329072,76555,146,timber,81.3381,76555
800,TUR,45192,10918,0,grain,4.4334,8950
801,,18000,4100,0,fish,0.0000,0
802,TUR,274532,63499,145,timber,67.4749,63499
803,TUR,325124,65203,269,timber,69.3302,65203
804,TUR,85428,20777,37,iron,29.2206,20777
805,TUR,400616,66576,13,tobacco,24.0191,66576
806,TUR,595904,131262,0,timber,147.5672,131262
807,TUR,353932,85165,4,timber,90.6010,85165
808,TUR,192816,44040,457,wool,15.8611,27609
809,TUR,416124,84543,393,timber,105.8608,84543
810,TUR,214072,41162,2,grain,19.8239,32639
811,TUR,243036,58731,8,grain,28.3814,46758
812,TUR,258480,61452,4,grain,28.2597,48637
813,TUR,187668,44987,6,grain,20.0864,33216
814,TUR,307752,71051,3,cotton,53.8215,71051
815,TUR,160792,36563,308,tobacco,15.8018,36563
816,TUR,112360,26751,137,tobacco,11.5632,26751
817,TUR,254952,59862,617,grain,30.0592,49416
818,TUR,107728,25811,0,grain,13.1596,21736
819,TUR,187640,40922,3,timber,42.5415,40000
820,TUR,172016,40847,4,grain,13.7595,33171
821,TUR,154292,37198,2,grain,16.5152,31198
822,TUR,131576,31594,10,tobacco,11.3987,31594
823,TUR,200332,47010,17,tobacco,14.4353,40000
824,TUR,405828,93249,1761,wool,39.3065,68346
825,TUR,197980,44352,674,wool,17.8854,31095
826,GRE,134728,25200,1138,fish,4.5719,25200
827,GRE,78420,18338,921,fish,3.3039,18338
828,TUR,237940,28193,1664,grain,14.1907,23473
829,TUR,89088,20679,41,grain,9.0356,17268
830,TUR,93052,21644,10,grain,9.2043,18372
831,TUR,187364,44462,115,fruit,27.7748,40000
832,TUR,328728,65786,247,grain,31.3528,53802
833,TUR,56236,13435,123,grain,5.4644,11252
834,GRE,365676,69001,6702,fruit,18.9916,69001
835,GRE,82568,17896,1819,cotton,6.8645,17896
836,GRE,43044,9316,854,cotton,3.3181,9316
837,GRE,123628,26151,2617,grain,6.1500,22063
838,GRE,75824,16465,1526,grain,3.5671,14031
839,GRE,54976,12897,0,fruit,3.5744,12897
840,GRE,28200,6637,0,fruit,2.0111,6637
841,GRE,58192,13373,0,fruit,4.0231,13366
842,GRE,33100,7308,0,fruit,2.1619,7304
843,TUR,122472,22853,0,sulphur,39.4093,22853
844,TUR,56404,13606,0,grain,6.8797,11362
845,TUR,46264,11062,0,fish,6.1350,11062
846,TUR,44496,10453,0,grain,5.2019,9013
847,TUR,206832,49172,0,fruit,26.5385,39998
848,TUR,150184,36590,0,fruit,24.2208,36540
849,TUR,414768,95441,754,grain,38.2326,75939
850,TUR,550268,127246,964,grain,51.1767,101515
851,TUR,169812,39660,455,cattle,14.5723,32059
852,TUR,389480,89942,739,cattle,32.9895,72582
853,TUR,281392,49874,1434,cattle,15.4874,34121
854,ENG,176092,31831,1186,fish,8.9303,31831
855,TUR,105216,22441,563,fruit,14.1494,22435
856,TUR,69380,16360,346,fruit,10.2809,16346
857,TUR,72732,17246,245,fruit,10.8383,17222
858,TUR,144692,32793,858,grain,16.5621,27458
859,TUR,107700,25152,572,grain,12.3443,20437
860,TUR,954504,51481,6664,fruit,28.9610,40000
861,TUR,240704,46685,2240,grain,19.2710,33216
862,TUR,366504,84759,855,fruit,50.8640,84715
863,TUR,597800,116190,2476,grain,38.8324,93628
864,TUR,282072,65604,914,grain,31.0902,53438
865,TUR,184932,43487,370,fish,24.3085,40000
866,TUR,118276,27799,423,opium,8.4024,27799
867,TUR,168712,38897,534,grain,16.3466,31049
868,TUR,151956,30977,3473,wool,10.4149,20905
869,TUR,542260,69593,1532,fish,42.2918,69593
870,TUR,332572,68460,1443,grain,32.3838,55699
871,TUR,328620,62771,9828,wool,23.9802,41817
872,TUR,138992,33227,223,coal,42.0450,33227
873,TUR,374856,66427,9886,wool,21.6227,43400
874,TUR,224148,51681,840,grain,17.1151,41471
875,TUR,226180,52324,690,grain,22.1484,42049
876,TUR,386216,78261,763,fruit,54.1918,78150
877,TUR,146648,29855,3551,wool,11.7426,20482
878,TUR,514756,106269,11951,wool,41.4227,69349
879,TUR,231856,45871,5611,wool,17.9773,31356
880,TUR,434024,100347,509,coal,109.0806,100347
881,TUR,165780,33448,501,coal,33.5512,33448
882,TUR,292044,68204,1204,cattle,29.6388,55766
883,TUR,269324,62724,520,fish,27.1279,62724
884,TUR,240136,45823,711,fruit,23.4537,40000
885,TUR,600924,134258,1012,iron,174.6673,134258
886,TUR,433200,96523,4020,wool,34.8945,60873
887,TUR,221728,51979,1223,cattle,18.2009,34228
888,TUR,427556,102497,864,iron,160.9131,102497
889,TUR,340884,68416,744,iron,100.2175,68416
890,TUR,403548,96219,940,iron,151.0397,96219
891,TUR,102884,24032,667,grain,8.3889,20417
892,TUR,131704,31270,412,fruit,19.6734,31254
893,TUR,381384,91239,954,iron,148.0149,91239
894,TUR,239964,47434,5789,wool,19.3707,32424
895,TUR,110228,26150,388,fish,14.4362,26150
896,TUR,194540,39531,5003,wool,15.0767,26322
897,TUR,429600,85099,1980,grain,37.2485,70590
898,TUR,228588,48951,3339,wool,18.7618,32721
899,TUR,468912,110432,1647,grain,46.1903,91772
900,TUR,214900,50660,663,fruit,25.1973,40000
901,TUR,338376,79589,1231,grain,34.4459,65234
902,TUR,1919808,302705,0,grain,46.6215,93186
903,TUR,795068,125143,0,grain,17.5462,33061
904,TUR,153664,36392,533,grain,15.2687,29025
905,TUR,150356,35969,244,fruit,21.2408,35929
906,TUR,230088,48585,0,grain,8.3419,16691
907,TUR,287496,67154,0,grain,8.3889,16834
908,TUR,228368,53695,0,grain,8.3419,16834
909,TUR,201916,47344,0,grain,8.3419,16834
910,TUR,262608,49639,0,grain,8.3419,16834
911,TUR,233988,53832,0,grain,8.3419,16834
912,TUR,465400,109268,0,grain,16.6839,33216
913,TUR,492464,102652,0,fruit,25.1259,40000
914,TUR,626900,150530,0,iron,72.4237,55999
915,TUR,1062152,111283,0,fruit,25.1259,40000
916,TUR,405388,96005,0,fruit,25.1973,39984
917,TUR,540152,102949,0,grain,17.3776,33094
918,TUR,482012,109872,0,fruit,25.2141,40000
919,TUR,427232,95352,0,fruit,25.2141,40000
920,TUR,371088,79696,0,grain,8.2202,16754
921,TUR,880604,92964,0,grain,8.3419,16834
922,TUR,199960,45855,0,wool,5.3981,10943
923,TUR,345900,74689,897,sulphur,143.9448,74689
924,TUR,102424,22839,1117,wool,9.9240,16613
925,TUR,210500,49100,1195,grain,20.0864,33216
926,TUR,353380,64448,2568,grain,31.3058,51512
927,TUR,136676,32029,463,grain,15.5311,25714
928,TUR,119224,27734,371,grain,13.4222,22270
929,TUR,143880,32956,727,grain,16.0841,26518
930,TUR,112092,26214,690,grain,11.4819,21841
931,TUR,49368,4519,595,sulphur,10.4453,4519
932,TUR,163216,38490,446,fruit,19.0445,38457
933,TUR,171196,41110,409,fruit,25.2141,40000
934,TUR,126852,29033,992,fruit,13.7134,20000
935,TUR,43456,6097,360,fruit,3.7803,6083
936,RUS,476256,109499,1873,grain,22.0116,87348
937,RUS,456680,103326,2610,grain,23.9639,85359
938,RUS,276404,63243,1215,grain,14.5813,52152
939,RUS,293212,66551,972,grain,14.8817,53108
940,RUS,429576,100190,1067,grain,22.5265,80212
941,RUS,299276,68414,1095,cattle,8.3930,56435
942,RUS,455880,104889,1565,cattle,14.8940,86067
943,RUS,611888,129188,1922,cattle,20.5699,104363
944,RUS,685632,137357,1190,grain,30.9508,110050
945,RUS,403380,90822,1091,grain,20.3811,72680
946,RUS,712484,130939,27071,wool,20.0669,86947
947,RUS,522004,122338,920,grain,24.6362,97635
948,RUS,589820,136383,975,grain,30.6504,109100
949,RUS,585552,135368,915,cattle,21.7134,110044
950,AUS,846460,181523,19372,coal,134.9164,181523
951,AUS,514012,116402,3392,coal,91.3148,116402
952,AUS,1456976,329298,8893,grain,120.2957,262585
953,AUS,476272,107049,3318,grain,39.7521,86976
954,RUS,894180,165533,2324,cattle,26.6059,135029
955,RUS,823712,173199,840,cattle,27.7243,140560
956,RUS,691712,160606,675,grain,36.2000,128499
957,RUS,669848,155093,1037,grain,34.9056,123944
958,RUS,731280,156066,2506,grain,35.0843,124880
959,RUS,675888,155873,1124,grain,31.4300,124706
960,RUS,699112,159611,2155,grain,32.2095,127764
961,RUS,685952,156549,2266,cattle,25.5657,129710
962,RUS,932464,214005,2832,grain,48.0853,171224
963,RUS,2389648,545212,6663,coal,187.5973,520000
964,RUS,171856,36063,747,fish,10.4738,36063
965,RUS,218304,36589,1777,fish,10.6247,36589
966,RUS,71884,15723,478,iron,7.0519,15723
967,RUS,85360,18547,617,fish,4.7489,18547
968,RUS,350488,64240,2775,fish,18.6586,64240
969,RUS,798348,183064,3459,cattle,29.2895,148609
970,RUS,366296,84178,2109,fish,24.4489,84178
971,RUS,370712,84737,1803,coal,26.7834,84737
972,RUS,456044,87413,391,coal,31.5232,87413
973,RUS,123748,28729,281,coal,10.3414,28729
974,RUS,361820,84798,166,coal,30.5707,84798
975,RUS,112756,26428,61,coal,9.5250,26428
976,RUS,382176,88740,493,coal,31.9995,88740
977,RUS,1290252,267800,1654,grain,60.1282,214085
978,RUS,911356,211552,859,coal,76.2908,211552
979,RUS,297248,56713,2637,coal,14.4236,40000
980,RUS,998472,229703,1079,cattle,36.7792,186696
981,RUS,147796,28524,2967,timber,8.9336,20000
982,RUS,4608,786,170,iron,0.2692,786
983,RUS,9704,2206,10,sulphur,1.5511,2206
984,RUS,31016,7020,166,timber,3.1259,7020
985,RUS,33240,7423,2,timber,3.2739,7423
986,RUS,5100,1062,3,timber,0.4442,1062
987,RUS,29508,7055,58,timber,3.5700,7055
988,RUS,41812,9557,5,timber,4.8369,9557
989,RUS,1182360,274829,324,timber,140.8809,274829
990,RUS,68084,6989,98,timber,3.5372,6989
991,RUS,679428,157130,521,timber,80.4681,157130
992,RUS,590384,136639,141,cattle,19.0130,110283
993,RUS,143652,33942,0,timber,17.3406,33942
994,RUS,830084,48479,4475,grain,10.0045,33216
995,RUS,155752,36479,7,grain,8.1595,29227
996,RUS,199664,46892,155,grain,9.2250,33216
997,RUS,188456,43624,305,grain,9.2250,33216
998,RUS,1164352,251877,430,timber,129.0847,251877
999,RUS,661220,152839,2226,timber,68.6718,152839
1000,RUS,372636,86087,1294,timber,44.1414,86087
1001,RUS,675152,156340,292,timber,80.0567,156340
1002,MCK,543948,64398,0,cattle,5.0000,56650
1003,RUS,388676,82766,156,grain,18.5003,66001
1004,RUS,267496,62329,123,grain,13.9593,49773
1005,RUS,529828,122835,197,grain,27.4752,97972
1006,RUS,719236,166557,843,cattle,26.5808,135148
1007,RUS,489160,112273,1544,grain,25.1511,89484
1008,RUS,972468,96957,1954,timber,49.6530,96957
1009,RUS,767792,155491,1741,timber,79.7606,155491
1010,RUS,1032404,237060,2451,timber,121.5988,237060
1011,RUS,1779008,408714,3400,grain,91.6800,326263
1012,RUS,1834956,422092,3040,timber,204.8639,400000
1013,RUS,840332,193092,1360,timber,98.8947,193092
1014,RUS,478780,110356,1409,timber,56.6123,110356
1015,RUS,738292,172179,1897,timber,88.2829,172179
1016,RUS,771244,177597,1941,cattle,24.8089,143706
1017,RUS,1004316,232830,1191,timber,119.2956,232830
1018,RUS,1158252,269458,1418,grain,60.4644,215234
1019,RUS,2339184,527178,4924,grain,120.7859,429675
1020,RUS,1744192,375629,4781,timber,192.4259,375629
1021,RUS,1464088,337329,1004,grain,75.6824,269377
1022,RUS,838540,192426,1118,timber,98.4833,192426
1023,RUS,478592,111576,284,timber,57.1717,111576
1024,RUS,466428,109428,264,timber,56.0529,109428
1025,RUS,1906332,441084,1485,grain,98.9171,351896
1026,RUS,1468888,335852,3146,iron,151.2487,335852
1027,RUS,476112,110115,1303,timber,56.3490,110115
1028,RUS,772564,177392,2430,grain,37.1582,132206
1029,RUS,697620,160853,1677,timber,81.9982,160000
1030,RUS,896068,202118,2912,grain,45.1749,160790
1031,RUS,859872,197561,1776,timber,101.1651,197561
1032,RUS,928192,215893,2948,timber,110.5429,215893
1033,RUS,561132,128631,1595,cattle,20.6899,105198
1034,RUS,315304,72618,515,grain,16.2477,58128
1035,RUS,834380,191442,1300,grain,42.9579,152879
1036,RUS,92916,9328,527,wool,1.6582,7200
1037,RUS,591816,105311,758,grain,23.5205,84040
1038,RUS,521956,120802,329,grain,27.0318,96448
1039,RUS,1641480,372354,7004,cattle,59.7144,302920
1040,RUS,40580,8503,646,wool,1.6109,7001
1041,RUS,183640,28764,1844,wool,4.6199,20051
1042,RUS,1806404,415630,3373,iron,180.1588,400000
1043,RUS,218588,47864,1604,cattle,6.7244,34228
1044,RUS,183184,42884,267,iron,17.9925,40000
1045,RUS,120980,28302,728,cattle,4.5574,23235
1046,RUS,134900,31538,678,coal,11.3620,31538
1047,RUS,249376,48487,2535,cattle,6.7244,34209
1048,RUS,170232,35019,811,cattle,5.9676,30339
1049,RUS,64128,14591,451,grain,3.5828,12736
1050,RUS,192620,40154,1600,grain,9.2250,33208
1051,RUS,134292,30202,957,grain,7.2728,26102
1052,RUS,258416,54541,1223,fruit,12.6994,40000
1053,RUS,245000,56796,884,silk,8.4279,40000
1054,RUS,96632,19970,1628,wool,3.2277,14005
1055,RUS,85200,19137,531,wool,3.0917,13415
1056,RUS,152856,35387,780,grain,8.3382,30150
1057,RUS,105032,24498,399,silk,4.5244,24498
1058,RUS,611520,142048,558,coal,51.0948,142048
1059,RUS,276772,64903,244,iron,29.1677,64903
1060,RUS,348924,62994,479,iron,50.2575,62994
1061,RUS,85256,19877,222,timber,10.0852,19877
1062,RUS,92900,21769,149,iron,9.7610,21769
1063,RUS,1127932,261158,234,coal,93.5945,261158
1064,RUS,346380,78154,152,sulphur,62.7572,78154
1065,RUS,7964,1158,2,timber,0.4442,1158
1066,RUS,15144,3648,0,timber,1.8262,3648
1067,RUS,180604,42581,53,coal,14.3329,40000
1068,RUS,54360,12926,23,coal,4.6264,12926
1069,RUS,10692,1718,0,cattle,0.1717,971
1070,RUS,5604,711,53,coal,0.2495,711
1071,RUS,7084,1176,0,timber,0.4442,1176
1072,RUS,12476,1344,22,grain,0.1072,777
1073,RUS,3664,524,4,grain,0.0714,400
1074,RUS,6680,1198,9,fish,0.3018,1198
1075,RUS,462468,102902,0,coal,32.5211,102902
1076,RUS,3748,913,0,coal,0.3175,913
1077,RUS,370388,80245,31,timber,40.8674,80245
1078,RUS,329192,77867,0,timber,39.8967,77867
1079,RUS,227768,48879,388,grain,9.2250,33216
1080,RUS,2816,438,4,cattle,0.0084,150
1081,RUS,75548,17583,0,grain,3.8687,14267
1082,MCK,367604,71748,0,coal,11.5060,71748
1083,MCK,321560,71733,0,coal,9.2139,71733
1084,MCK,69836,15864,0,precious_metal,18.1289,15864
1085,MCK,362636,80400,0,grain,5.3864,66651
1086,RUS,7380,1639,0,fish,0.4729,1639
1087,RUS,5132,1087,0,coal,0.3401,1087
1088,RUS,5648,1152,0,coal,0.4082,1152
1089,RUS,4700,1028,0,fish,0.2968,1028
1090,RUS,261212,44604,1313,wool,5.1490,30859
1091,RUS,82340,18497,496,wool,2.8050,14369
1092,RUS,184404,43270,322,fruit,10.8739,39998
1093,RUS,44372,9944,305,wool,1.9538,8465
1094,RUS,157768,36915,288,tea,11.6749,36915
1095,RUS,100888,22811,322,grain,4.5768,19007
1096,TUR,113460,27005,314,tea,26.8442,27005
1097,,24000,5475,0,coffee,0.0000,0
1098,RUS,122760,26486,0,iron,11.9283,26486
1099,RUS,63796,14536,0,wool,2.4651,12662
1100,RUS,49252,11558,0,iron,5.1803,11558
1101,RUS,65832,15340,0,iron,6.8752,15340
1102,RUS,118396,23711,0,grain,4.7554,19944
1103,RUS,82496,18874,0,fruit,5.9818,18854
1104,RUS,31068,7003,0,grain,1.4373,6163
1105,RUS,77480,17321,0,wool,2.6159,13426
1106,RUS,67612,15541,0,wool,2.4060,12357
1107,RUS,85184,20322,0,grain,4.0261,16481
1108,PER,1019152,201869,1203,coal,94.6728,201869
1109,PER,190892,42597,565,cotton,12.2236,40000
1110,PER,133804,29436,337,wool,4.7081,22547
1111,PER,146380,31699,335,wool,5.5529,24066
1112,PER,334300,77561,479,timber,38.3820,77561
1113,PER,218384,46928,101,timber,16.8917,40000
1114,PER,121636,28964,46,timber,12.2091,28964
1115,PER,48712,11022,34,wool,1.7790,9624
1116,PER,129428,28936,51,wool,4.0972,22064
1117,PER,213740,39454,238,wool,6.1099,28628
1118,PER,86232,20010,24,wool,2.9471,15925
1119,PER,105680,25092,56,cotton,7.6641,25092
1120,PER,84604,19771,66,cotton,5.5352,19771
1121,PER,462152,56789,1229,cotton,15.8784,56789
1122,PER,143604,28480,70,fruit,5.1631,28480
1123,PER,63868,12813,125,cattle,1.8387,11072
1124,PER,161840,33407,669,timber,16.4740,33407
1125,PER,218724,47379,826,grain,7.5476,39267
1126,PER,56164,13397,303,coal,6.2736,13397
1127,PER,466788,84101,234,cotton,20.1008,84101
1128,PER,81176,19264,0,iron,8.2623,19264
1129,PER,110976,24056,0,wool,4.1152,19276
1130,PER,165648,32630,0,iron,12.3629,32630
1131,PER,68776,16631,0,grain,2.8972,14333
1132,PER,59420,14456,0,fish,2.2667,14456
1133,PER,44776,10393,0,cotton,2.8918,10393
1134,PER,45216,10883,0,cotton,2.5901,10883
1135,PER,210220,40905,0,opium,5.1355,40000
1136,PER,126908,30113,0,fish,4.7117,30113
1137,PER,175644,40998,0,fruit,8.3055,40000
1138,PER,88768,17671,0,fish,2.7635,17671
1139,PER,24964,6055,0,iron,2.5783,6055
1140,PER,101124,23679,50,cotton,6.6174,23679
1141,PER,112904,23615,0,fish,3.2226,23615
1142,PER,118780,28168,0,fruit,6.7353,28157
1143,PER,95708,22449,0,cotton,5.3578,22449
1144,PER,72676,16957,0,grain,2.3908,14544
1145,PER,117340,28066,0,fruit,6.7353,28038
1146,PER,120912,28810,2,fish,3.7561,28810
1147,PER,394408,84186,0,coal,39.4639,84186
1148,PER,114212,21505,0,cotton,4.2931,20000
1149,PER,86636,20872,0,coal,9.7860,20872
1150,PER,68432,16379,60,coal,7.6559,16379
1151,HDJ,141104,20351,0,grain,0.7458,16794
1152,HDJ,160972,32855,0,grain,1.6326,27467
1153,HDJ,84828,17543,0,grain,0.9787,15441
1154,HDJ,7968,1632,0,wool,0.0515,1071
1155,HDJ,66432,14653,0,wool,0.8924,12654
1156,TUR,67188,11025,13,wool,3.3738,6821
1157,TUR,113884,22040,0,wool,6.1867,13201
1158,TUR,21860,4895,0,wool,1.9146,3880
1159,TUR,31152,7220,0,wool,2.5454,5467
1160,TUR,14996,3285,0,wool,1.1918,2411
1161,TUR,30420,6981,0,wool,2.4097,5512
1162,TUR,59096,9874,0,grain,2.7557,6289
1163,TUR,102352,22739,0,grain,8.1263,16288
1164,TUR,114868,25805,0,grain,7.6952,16378
1165,TUR,20608,4948,0,grain,1.2934,2967
1166,OMA,32904,6020,0,opium,0.2534,6020
1167,TUR,41192,9878,0,grain,2.7087,6064
1168,TUR,40732,9600,0,grain,2.3714,5849
1169,OMA,14900,3570,0,grain,0.1854,3121
1170,OMA,21584,5202,0,opium,0.1725,5202
1171,OMA,24080,5419,0,fruit,0.3678,5419
1172,OMA,20112,4870,0,fish,0.3289,4870
1173,TUR,99124,10426,0,opium,2.9174,10426
1174,OMA,17184,4155,0,opium,0.1882,4155
1175,TUR,26092,6431,0,opium,1.6443,6431
1176,TUR,81856,20133,0,fish,10.5998,20133
1177,TUR,27944,6590,0,fish,3.4644,6590
1178,TUR,129888,27958,0,grain,11.3133,22544
1179,TUR,54024,13159,0,grain,4.1709,10782
1180,TUR,52544,12640,0,grain,3.8336,10109
1181,RUS,67416,15429,0,coal,5.5562,15429
1182,RUS,25112,4689,0,wool,0.8306,3613
1183,RUS,22972,5256,0,wool,0.9872,4291
1184,RUS,115836,26019,0,iron,20.7594,26019
1185,RUS,83948,17904,0,wool,2.9292,12716
1186,RUS,95140,22469,0,grain,5.1988,18939
1187,RUS,121764,28800,0,timber,14.7412,28800
1188,RUS,127664,29199,0,fish,8.4766,29199
1189,RUS,170104,36709,0,wool,6.2663,32109
1190,RUS,83508,15822,0,grain,3.1394,12850
1191,KHI,115532,21612,0,wool,1.2881,17260
1192,KHI,198224,45777,0,opium,2.3046,40000
1193,RUS,122136,29412,0,coal,10.5909,29412
1194,RUS,37852,8900,0,opium,1.3287,8900
1195,RUS,56008,13592,0,grain,2.9818,11198
1196,KHI,181880,34972,0,wool,2.0752,27798
1197,BUK,287748,60864,0,grain,3.6027,51502
1198,BUK,565364,127050,0,wool,7.7371,102145
1199,BUK,454924,106792,0,grain,5.0916,89202
1200,BUK,179016,41418,0,wool,2.5791,34086
1201,RUS,199932,47474,0,grain,10.4837,37782
1202,RUS,286716,65207,0,grain,14.5456,51942
1203,RUS,106792,24338,0,grain,4.7554,19904
1204,RUS,165840,37795,0,opium,4.9742,37795
1205,RUS,108012,25326,0,grain,5.6422,20516
1206,KHI,183208,44397,0,cotton,4.3891,40000
1207,BUK,150136,34811,0,grain,1.4912,29326
1208,RUS,129608,30134,0,cattle,4.0673,24711
1209,AFG,1220736,288892,0,timber,42.7878,288892
1210,AFG,132128,26905,0,wool,0.1188,1573
1211,BUK,568112,128056,0,grain,7.6992,108543
1212,BUK,442888,101074,0,fruit,6.4812,95667
1213,BUK,386760,86237,0,grain,3.8492,71437
1214,BUK,478828,84343,0,cotton,7.0895,80000
1215,BUK,270448,57390,0,wool,3.0911,50932
1216,AFG,154680,35052,0,grain,2.1627,21394
1217,AFG,358200,70657,0,wool,4.7534,60883
1218,PAN,627304,126733,0,grain,5.8090,107596
1219,KAL,95524,19345,0,wool,1.2874,17394
1220,KAL,72764,13525,0,wool,0.8399,11449
1221,KAL,93972,16263,0,wool,0.7280,13263
1222,MAK,96972,22829,0,tea,2.3734,22829
1223,PAN,218836,48474,0,grain,2.2151,41352
1224,PAN,880424,182115,0,silk,10.8980,182115
1225,PAN,328116,78639,0,tea,8.3266,78639
1226,PAN,147528,33855,0,wool,1.5342,26983
1227,PAN,2995592,638815,0,cotton,70.1205,638815
1228,PAN,656008,150318,0,tea,16.0296,150318
1229,PAN,511320,123517,0,cotton,10.2003,123517
1230,PAN,226376,51437,0,wool,1.6982,40409
1231,PAN,479052,113466,0,tea,16.0318,113466
1232,PAN,1098744,252979,0,tea,26.9652,252979
1233,PAN,2406728,545866,0,fruit,37.5016,545352
1234,PAN,550516,121374,0,wool,7.0722,92775
1235,ENG,764668,173179,815,tea,67.7724,173179
1236,ENG,2463988,422315,0,tea,235.9127,422315
1237,ENG,1500868,356311,0,cotton,154.0567,356311
1238,ENG,1281360,304773,0,tea,119.7314,304773
1239,ENG,2132908,503443,0,grain,155.8120,371834
1240,ENG,5654312,1331837,0,grain,356.5134,917189
1241,ENG,5024508,1188138,0,dye,186.1707,1034080
1242,AWA,3060152,517447,0,timber,100.1245,517447
1243,ENG,4054716,961014,0,grain,322.2702,769182
1244,AWA,1828060,420960,0,timber,81.3926,420960
1245,ENG,3368988,790801,0,fruit,335.9397,790699
1246,ENG,3320000,786729,0,fruit,333.8697,785926
1247,TUR,3484516,762838,0,opium,243.8431,762838
1248,TUR,3279564,776033,0,opium,248.0551,776033
1249,TUR,3130856,718059,0,grain,37.2485,70691
1250,TUR,2037052,483576,0,opium,154.5770,483576
1251,TUR,6816728,1422948,0,dye,372.4162,1235068
1252,TUR,3546628,727175,0,wool,244.6114,469221
1253,TUR,4764784,1121322,0,silk,450.2350,1121322
1254,TUR,5646568,1334145,0,dye,283.0526,1166963
1255,TUR,2362324,531863,0,grain,187.1139,354446
1256,TUR,3175892,752098,0,dye,192.8548,639714
1257,TUR,7882348,1858396,0,dye,382.4531,1575383
1258,TUR,1193928,271487,0,tea,205.5838,271487
1259,TUR,649284,155204,0,tea,132.8893,155204
1260,TUR,411440,97971,0,tea,74.1444,97971
1261,TUR,1281468,297101,0,grain,126.1328,238760
1262,ORI,418836,82547,0,grain,3.7837,68550
1263,ORI,180704,41230,0,grain,2.3190,34310
1264,TUR,294420,47247,0,cotton,24.5936,40000
1265,JAS,381284,80574,0,wool,3.6584,49282
1266,TUR,655068,133239,0,tea,102.3702,133239
1267,BIK,996816,199139,0,wool,8.9405,119747
1268,JAI,1422584,276350,0,timber,53.4510,276350
1269,MEW,1149776,241857,0,cotton,21.1379,241857
1270,TUR,1570764,365374,0,dye,80.7754,267965
1271,IND,931476,193545,0,cotton,21.1204,193545
1272,TUR,1053420,244650,0,dye,41.0482,187543
1273,BUN,480604,103221,0,dye,5.8956,103221
1274,BUN,712296,158486,0,tea,22.4308,158486
1275,TUR,4238704,962629,0,dye,142.1636,723689
1276,TUR,794704,188760,0,dye,48.4338,160733
1277,NAG,1515584,308586,0,dye,17.1744,300539
1278,ENG,1727004,390966,0,tea,218.2152,390966
1279,BAS,435036,86099,0,grain,4.6349,66665
1280,NAG,666972,141407,0,dye,7.8443,137880
1281,NAG,531828,111413,0,grain,5.3515,95849
1282,BUN,580504,126427,0,grain,7.1228,102001
1283,ENG,1520048,293997,0,cotton,108.3017,293997
1284,ENG,1660064,389838,0,cotton,168.2837,389838
1285,ENG,1403992,328486,0,cotton,130.2452,328486
1286,ENG,1049424,247097,0,cotton,106.6469,247097
1287,ENG,2086068,488391,0,cotton,210.8380,488391
1288,SIN,847332,158064,0,fruit,14.5450,158032
1289,SIN,233944,55029,0,grain,3.5647,48756
1290,SIN,462024,109573,0,tea,15.4103,109573
1291,ENG,1399980,295858,0,tobacco,64.6218,295858
1292,BER,1430360,330041,0,cotton,36.1890,330041
1293,KUT,203120,40836,0,cotton,4.4242,40836
1294,BER,1871616,294686,0,cotton,32.3109,294686
1295,BER,1111828,254656,0,cotton,21.0117,254656
1296,ENG,1430040,330360,0,grain,93.3533,223104
1297,TUR,3811208,787658,0,grain,328.9467,622368
1298,TUR,1076976,255252,0,grain,87.3004,173524
1299,TUR,1597020,366985,0,grain,130.9507,247889
1300,TUR,1418136,336646,0,fruit,211.7341,336339
1301,TUR,1185264,281921,0,tea,241.8843,281921
1302,TUR,1679728,383874,0,fruit,52.8507,88154
1303,HND,222260,48674,0,fruit,4.1508,48127
1304,TUR,6282676,1396030,0,grain,565.0815,1121705
1305,TUR,1742548,373332,0,tobacco,142.7831,373332
1306,TUR,2169876,487212,0,grain,207.0316,391597
1307,TUR,1335680,315521,0,grain,123.2085,233087
1308,TUR,879872,207964,0,tea,187.6794,207964
1309,TUR,1934432,453949,0,dye,119.7315,396743
1310,TUR,2276704,512658,0,dye,132.3472,438597
1311,TUR,1704272,399900,0,tea,361.0607,399900
1312,FRA,147572,34608,120,grain,11.4408,27886
1313,MYS,417028,76843,0,wool,5.1721,69273
1314,MYS,772272,146129,0,silk,11.5905,146129
1315,MYS,280968,68344,0,tea,9.5631,68344
1316,TUR,1563820,352995,0,fruit,33.2988,55637
1317,TUR,1883636,440019,0,tea,377.1386,440019
1318,TRA,835380,149259,0,grain,8.9454,127529
1319,TRA,403536,92154,0,fruit,8.0889,92154
1320,TUR,14500,3332,0,grain,1.2934,2713
1321,TUR,536940,118852,0,fruit,70.2231,118758
1322,TUR,361028,84072,0,tea,75.7127,84072
1323,TUR,384064,91006,0,tea,77.9126,91006
1324,TUR,251760,60567,0,tea,54.5316,60567
1325,TUR,28524,7012,0,fish,3.8612,7012
1326,NEP,426568,98261,0,tea,10.4451,98261
1327,NEP,470216,85232,0,tea,9.0209,85232
1328,SIK,52520,11598,0,wool,0.5334,9712
1329,BHU,103916,24122,0,wool,1.0093,18191
1330,BUR,282892,54524,0,grain,2.5927,47139
1331,BUR,108612,25105,0,fish,1.3776,25105
1332,BUR,446124,98501,0,grain,6.0469,85275
1333,BUR,301340,67174,0,opium,3.8412,67174
1334,BUR,348924,56590,0,tropical_wood,26.2723,56590
1335,BUR,517936,117511,0,opium,6.6856,117511
1336,BUR,129188,30376,0,tropical_wood,15.0243,30376
1337,BUR,221052,51036,0,grain,2.4682,43701
1338,BUR,438144,103335,0,opium,4.4290,103335
1339,BUR,166724,27162,0,tropical_wood,13.5053,27162
1340,BUR,309504,72724,0,tropical_wood,33.7425,72724
1341,BUR,247836,59012,0,timber,8.6313,59012
1342,BUR,351628,80772,0,grain,3.7017,69905
1343,ENG,217932,46511,0,grain,13.0118,33216
1344,ENG,408864,98212,0,fish,25.3145,98212
1345,ENG,240624,44002,1504,grain,7.5844,25024
1346,SIA,992436,209029,0,grain,7.5906,179112
1347,SIA,307948,72785,0,opium,2.4874,72785
1348,BUR,183840,41029,0,opium,1.8366,40000
1349,BUR,136468,31320,0,opium,1.7946,31320
1350,SIA,149196,35448,0,tea,0.0000,0
1351,SIA,115284,26621,0,grain,0.9789,23016
1352,SIA,122612,28294,0,timber,4.0569,28294
1353,SIA,164296,38526,0,iron,5.7525,38526
1354,SIA,189504,45110,0,timber,6.5405,45110
1355,BUR,353776,75189,0,opium,3.2535,75189
1356,LUA,185308,38119,0,tropical_wood,10.8821,38119
1357,DAI,79760,18874,0,grain,0.7858,16324
1358,SIA,557136,125630,0,fruit,0.0000,0
1359,SIA,156496,36843,0,tea,0.0000,0
1360,DAI,116104,26346,0,tropical_wood,11.6423,26346
1361,DAI,74308,17608,0,grain,0.7553,15146
1362,LUA,116884,28437,0,tobacco,1.2804,28437
1363,DAI,59772,14218,0,grain,0.0000,0
1364,CAM,352648,83368,0,tropical_wood,0.0000,0
1365,SIA,34560,8262,0,grain,0.3674,7473
1366,SIA,150360,33507,0,grain,0.3674,28593
1367,CAM,211888,33268,0,tropical_wood,0.0000,0
1368,CAM,79964,19281,0,grain,0.3134,16458
1369,DAI,720316,157564,0,grain,9.8685,133763
1370,DAI,536004,126159,0,grain,7.8577,107346
1371,DAI,290788,59328,0,grain,2.7920,50974
1372,DAI,284692,69667,0,tropical_wood,29.2720,69667
1373,DAI,286248,68004,0,grain,4.2023,58060
1374,DAI,508192,106153,0,grain,5.3340,91103
1375,DAI,1007836,234320,0,grain,14.5024,197276
1376,DAI,479560,111099,0,grain,4.1949,95368
1377,DAI,288800,68681,0,tobacco,3.5952,68681
1378,DAI,176128,41827,0,tobacco,2.0816,40000
1379,DAI,140948,34071,0,tobacco,2.2123,34071
1380,DAI,798008,187712,0,grain,11.6976,159048
1381,DAI,260788,61218,0,cotton,6.0495,61218
1382,DAI,180748,43768,0,tropical_wood,22.1870,40000
1383,DAI,146248,28637,0,grain,1.8318,24885
1384,ENG,44356,5602,424,tropical_wood,11.9734,5602
1385,TUR,838716,76477,0,tropical_wood,128.6626,40000
1386,ENG,50428,10862,151,tropical_wood,23.2147,10862
1387,TUR,401628,83110,0,precious_metal,353.0420,55999
1388,ENG,91904,18214,802,timber,9.8674,18214
1389,SIA,145688,32048,0,timber,3.6429,32048
1390,TUR,324136,78014,0,precious_metal,332.3436,55999
1391,SIA,171980,39434,0,tropical_wood,14.4040,39434
1392,SIA,192816,34408,0,tropical_wood,15.8485,34408
1393,TUR,450836,74667,0,timber,44.9443,40000
1394,TUR,457524,95565,0,coffee,16.0725,40000
1395,TUR,355776,82017,0,timber,42.5757,40000
1396,TUR,364440,82985,0,grain,17.5462,33216
1397,TUR,40076,9148,0,grain,0.0000,100
1398,NET,162716,27711,0,grain,6.8918,23070
1399,NET,511452,123160,0,grain,33.2554,101238
1400,NET,88516,21180,0,grain,5.2946,17725
1401,NET,145792,34522,0,grain,9.4069,28637
1402,NET,91816,21923,0,timber,10.1630,21923
1403,NET,520144,124554,0,timber,64.9520,124554
1404,NET,65344,15272,0,timber,7.8934,15272
1405,ATJ,160036,30077,0,grain,2.4640,25209
1406,ATJ,141588,32916,0,tobacco,2.3995,32916
1407,ATJ,139460,32431,0,tea,3.4575,32431
1408,NET,230192,54294,0,tobacco,6.2791,54294
1409,ATJ,478352,112273,0,coffee,7.3195,112273
1410,NET,109428,26442,0,tobacco,3.6279,26442
1411,NET,61644,15110,0,fish,3.6635,15110
1412,TUR,42436,9881,0,fish,4.0183,9881
1413,NET,2308036,503886,0,coffee,99.5912,503886
1414,NET,715348,170068,0,coffee,33.6126,170068
1415,NET,888532,209680,0,coffee,35.9539,209680
1416,NET,555096,131280,0,fruit,39.0406,131277
1417,NET,1068068,252553,0,fruit,75.0964,252461
1418,NET,1048440,248057,0,sulphur,166.7160,248057
1419,NET,343996,80786,0,fruit,21.5775,80766
1420,NET,676948,160889,0,sulphur,122.9349,160889
1421,NET,469268,110234,0,sulphur,74.0795,110234
1422,,96000,21950,0,grain,0.0000,0
1423,D05,183592,42289,0,sulphur,28.3136,42289
1424,D05,57572,14013,0,sulphur,10.6734,14013
1425,,96000,22025,0,timber,0.0000,0
1426,,148000,34100,0,grain,0.0000,0
1427,D05,141428,33798,0,grain,7.6779,27942
1428,,68000,15575,0,coffee,0.0000,0
1429,,120000,27550,0,sulphur,0.0000,0
1430,D06,217584,50679,0,timber,23.3213,50679
1431,D06,133552,31612,0,timber,14.5233,31612
1432,D06,120172,28072,0,grain,7.6134,23305
1433,D06,241284,58004,0,dye,7.1945,56395
1434,D06,91556,22507,0,timber,11.6191,22507
1435,D06,95704,22863,0,timber,10.5078,22863
1436,D06,42844,10611,0,dye,1.1604,10611
1437,NET,44160,10862,0,fish,2.6893,10862
1438,BAL,630704,138644,0,fish,9.8064,138644
1439,NET,172004,40138,0,timber,20.7988,40138
1440,NET,233912,57002,0,precious_metal,155.6047,57002
1441,NET,189456,45916,0,timber,23.7305,45916
1442,BAL,187316,44300,0,timber,8.6019,44300
1443,NET,20888,4957,0,timber,2.5478,4957
1444,TUR,45772,9614,0,tropical_wood,28.0873,9614
1445,NET,19648,4469,0,timber,2.3031,4469
1446,TUR,105092,25234,0,timber,26.7544,25234
1447,NET,111752,27194,0,fish,6.7130,27194
1448,NET,32300,7789,0,fish,1.8971,7789
1449,NET,36736,2059,0,grain,0.5073,1520
1450,NET,50716,12174,0,grain,3.4588,10345
1451,NET,19704,4726,0,fish,1.1400,4726
1452,NET,41428,7940,0,fish,1.9970,7940
1453,D07,81840,19269,0,fish,3.9832,19269
1454,D07,160964,39091,0,fish,7.0770,39091
1455,SPA,823020,175362,0,fruit,40.1240,175236
1456,SPA,628860,150345,0,grain,30.2597,121934
1457,SPA,580216,139723,0,fruit,38.8812,139625
1458,SPA,224168,53299,0,fish,10.6902,53299
1459,SPA,96360,19268,0,tropical_wood,25.7343,19268
1460,SPA,324396,76714,0,fish,15.4406,76714
1461,SPA,360788,85209,0,grain,18.6673,69110
1462,SPA,308952,73969,0,iron,28.6343,73969
1463,SPA,157720,36206,0,iron,12.6206,36206
1464,SPA,44640,10489,0,fish,2.0970,10489
1465,MGL,447524,91272,0,cattle,5.1088,78598
1466,MGL,219520,51080,0,timber,9.9301,51080
1467,MGL,173516,39876,0,cattle,2.3002,35341
1468,MGL,135856,30903,0,grain,1.8542,26663
1469,MGL,39244,9123,0,coal,1.4055,9123
1470,CHI,5408696,1215116,0,tea,173.7570,1215116
1471,CHI,4784020,1079987,0,tea,154.4285,1079987
1472,CHI,2596716,523852,0,tea,74.7504,523852
1473,CHI,5159848,1026404,0,tea,146.7371,1026404
1474,CHI,4451444,1003882,0,tea,143.4822,1003882
1475,CHI,4395304,996928,0,timber,157.0763,996928
1476,CHI,3357856,646771,0,tea,92.4971,646771
1477,CHI,4184580,949012,0,silk,76.3218,949012
1478,CHI,2357624,531760,0,tea,75.9323,531760
1479,MCK,2111252,488862,0,timber,95.6417,488862
1480,MCK,673916,156562,0,timber,30.6265,156562
1481,CHI,118732,27511,0,timber,5.3434,27511
1482,GXI,4208768,971228,0,tea,139.4042,971228
1483,GXI,2552092,590695,0,tea,84.7636,590695
1484,GXI,2727852,630700,0,tea,90.5021,630700
1485,CHI,1545280,353508,0,tea,50.0942,353508
1486,GXI,6093784,1411308,0,tea,202.5714,1411308
1487,GXI,1823976,333820,0,tea,38.4429,333820
1488,XBI,4933000,1090604,0,cotton,120.6849,1040000
1489,XBI,2566840,596028,0,timber,145.2077,596028
1490,XBI,4244988,891954,0,coal,180.0021,891954
1491,XBI,942964,220366,0,grain,18.5310,185593
1492,XBI,3146640,719895,0,grain,61.3052,611042
1493,GXI,5112576,923559,0,timber,180.7203,923559
1494,GXI,3892704,824230,0,silk,66.0751,824230
1495,GXI,3579756,834400,0,silk,66.8931,834400
1496,CHI,38628,9082,0,tea,1.2091,9082
1497,GXI,2183272,504455,0,silk,40.4367,504455
1498,POR,69296,13494,2034,tea,4.5742,13494
1499,GXI,3219008,751553,0,timber,147.0887,751553
1500,GXI,2336264,540021,0,tropical_wood,269.2452,540021
1501,GXI,1680260,391960,0,timber,76.6707,391960
1502,GXI,3018420,550738,0,cotton,60.8031,550738
1503,GXI,4400432,1018004,0,cotton,112.4035,1018004
1504,GXI,1336740,310762,0,cotton,34.3087,310762
1505,YNN,1045916,242365,0,tea,27.0011,242365
1506,YNN,1707196,397569,0,tea,44.3061,397569
1507,YNN,2265532,527173,0,tea,73.1746,527173
1508,CHI,3073320,691463,0,grain,59.5500,589803
1509,CHI,3419816,771426,0,tea,110.1527,771426
1510,CHI,2960220,675232,0,timber,132.2276,675232
1511,CHI,4042756,915178,0,tea,130.8088,915178
1512,CHI,3228108,730340,0,tea,104.3069,730340
1513,CHI,3137100,601502,0,grain,51.9542,514594
1514,CHI,2568084,581731,0,tea,83.1055,581731
1515,CHI,3760928,857669,0,iron,173.5671,857669
1516,CHI,3996520,832626,0,tea,118.8534,832626
1517,CHI,4480000,1033273,0,tea,147.4280,1033273
1518,CHI,3513480,811957,0,tea,115.9169,811957
1519,YNN,3338920,770778,0,tea,106.9145,770778
1520,YNN,3258676,759016,0,tea,105.2211,759016
1521,YNN,3233488,755714,0,silk,60.6516,755714
1522,CHI,3507416,813047,0,iron,164.3748,813047
1523,YNN,4201200,871037,0,grain,73.1985,726256
1524,GXI,4127048,950687,0,tea,136.4391,950687
1525,GXI,1767820,412398,0,silk,33.0563,412398
1526,GXI,3877536,898369,0,timber,175.8541,898369
1527,GXI,3745708,869874,0,tea,124.7999,869874
1528,GXI,1184668,274733,0,iron,55.4348,274733
1529,GXI,3416872,718040,0,silk,57.5666,718040
1530,GXI,2930556,682917,0,silk,44.0093,682917
1531,ENG,103096,23989,0,tropical_wood,39.9402,23989
1532,MGL,482036,104747,0,coal,16.9819,104747
1533,MCK,153132,36514,0,timber,7.1416,36514
1534,MGL,136660,32363,0,timber,6.2889,32363
1535,MGL,469748,108344,0,timber,21.1840,108344
1536,CHI,3218488,733511,0,silk,58.9969,733511
1537,CHI,6286248,1449721,0,tea,207.0865,1449721
1538,CHI,288612,67481,0,tea,9.5914,67481
1539,CHI,5794792,1191984,0,silk,95.7820,1191984
1540,CHI,5796780,1336986,0,tea,153.5375,1336986
1541,CHI,5831600,1352900,0,tea,193.2583,1352900
1542,CHI,2028556,472012,0,silk,37.9518,472012
1543,CHI,3515972,810301,0,silk,65.1608,810301
1544,CHI,3212428,750842,0,silk,60.3398,750842
1545,GXI,2795096,643763,0,timber,125.9904,643763
1546,GXI,2977468,691349,0,tea,99.2204,691349
1547,GXI,6719180,1563125,0,tea,224.3598,1563125
1548,GXI,1661716,387752,0,tea,55.6436,387752
1549,GXI,3958020,920445,0,timber,180.1221,920445
1550,GXI,5641716,1170912,0,coal,189.4313,1170912
1551,GXI,2938828,683870,0,timber,133.8205,683870
1552,MCK,2756204,636615,0,coal,102.4877,636615
1553,MCK,1513572,349390,0,coal,56.2389,349390
1554,MCK,1060748,246058,0,coal,31.8150,246058
1555,MCK,1116396,258908,0,iron,52.3403,258908
1556,XBI,510180,119549,0,grain,10.3546,103680
1557,XBI,595460,132715,0,coal,22.4442,132715
1558,XBI,482084,113871,0,grain,9.7919,98817
1559,XBI,3394060,790185,0,coal,159.2534,790185
1560,D07,130680,32066,0,fish,5.9742,32066
1561,XBI,1202328,279864,0,coal,56.4131,279864
1562,XBI,3794504,880610,0,coal,177.5202,880610
1563,CHI,5468556,1252564,0,cotton,138.6229,1252564
1564,CHI,4076732,954592,0,precious_metal,1363.1594,954592
1565,CHI,3717760,789995,0,cotton,87.4275,789995
1566,CHI,29552,7239,0,fruit,0.8257,7237
1567,CHI,3677028,839520,0,grain,70.0738,694059
1568,CHI,3802320,872117,0,grain,73.1574,724551
1569,CHI,30196,7171,0,grain,0.6365,6324
1570,CHI,3832964,878135,0,grain,73.3554,726582
1571,CHI,3678776,841938,0,grain,70.3284,696635
1572,CHI,4779864,1111234,0,coal,180.0723,1111234
1573,CHI,3683052,857859,0,coal,139.0140,857859
1574,CHI,4048560,944841,0,coal,153.1107,944841
1575,CHI,3437336,801912,0,coal,104.4497,801912
1576,CHI,696520,70984,0,timber,11.1502,70984
1577,YNN,3873288,906058,0,tea,125.7666,906058
1578,YNN,2579828,515918,0,tea,57.4726,515918
1579,YNN,4754536,1118142,0,fruit,109.8029,1118095
1580,YNN,4148972,976170,0,fruit,77.0704,975750
1581,YNN,4810196,1019564,0,tea,141.5150,1019564
1582,XBI,3069504,676311,0,coal,136.0730,676311
1583,YNN,4600524,1080814,0,tea,150.0027,1080814
1584,YNN,3040612,713460,0,fruit,70.0228,713265
1585,YNN,2936176,693330,0,tea,96.2114,693330
1586,YNN,2602952,613485,0,timber,90.5603,613485
1587,TIB,181180,35249,0,cattle,1.9289,29619
1588,TIB,554492,131252,0,cattle,7.2333,111031
1589,TIB,289876,68423,0,cattle,3.7774,57836
1590,TIB,596984,141389,0,cattle,5.9206,120400
1591,TIB,148024,20052,0,cattle,0.9913,15420
1592,TIB,267112,63393,0,cattle,2.6522,53897
1593,TIB,670256,159443,0,cattle,6.7513,137465
1594,XIN,229936,47686,0,cotton,4.2135,47686
1595,XIN,146784,32071,0,sulphur,11.5363,32071
1596,XIN,75212,16966,0,cotton,1.8609,16966
1597,XIN,169872,36416,0,sulphur,13.1021,36416
1598,XIN,74208,16715,0,grain,0.7353,14666
1599,XIN,160192,34531,0,grain,2.0821,29774
1600,XIN,366352,62753,0,cotton,6.9172,62753
1601,YNN,3911648,642998,0,silk,51.6292,642998
1602,YNN,1090440,262974,0,timber,51.4336,262974
1603,YNN,1250764,301405,0,tea,33.5751,301405
1604,CHI,1695624,369996,0,silk,29.7406,369996
1605,CHI,375872,89398,0,silk,7.1765,89398
1606,CHI,341844,81186,0,silk,6.5161,81186
1607,CHI,2188900,518888,0,timber,101.6031,518888
1608,CHI,1204924,283967,0,timber,55.5967,283967
1609,CHI,926232,219516,0,timber,42.9794,219516
1610,CHI,1731660,409287,0,tea,58.4766,409287
1611,CHI,2180528,452312,0,tea,64.6407,452312
1612,CHI,4913968,1101545,0,tea,157.4832,1101545
1613,CHI,6554176,1533029,0,iron,310.3164,1533029
1614,CHI,3826672,766385,0,grain,64.4017,637859
1615,CHI,4575012,1068965,0,silk,85.9198,1068965
1616,CHI,4633240,1079200,0,tea,154.2285,1079200
1617,CHI,6225580,1452101,0,silk,116.7391,1452101
1618,CHI,6163192,1246575,0,silk,80.5705,1246575
1619,KOR,966444,208240,0,coal,42.0129,208240
1620,KOR,842636,195616,0,iron,49.2440,195616
1621,KOR,330468,77921,0,iron,19.5884,77921
1622,KOR,403320,94909,0,coal,19.1274,94909
1623,KOR,292936,69325,0,coal,11.7420,69325
1624,KOR,1371104,296351,0,grain,22.3012,241570
1625,KOR,295704,69004,0,grain,5.1611,56871
1626,KOR,278088,65662,0,iron,16.5138,65662
1627,KOR,399428,85339,0,iron,21.4728,85339
1628,KOR,603284,139567,0,grain,10.5726,114133
1629,KOR,400452,93354,0,grain,7.0168,76763
1630,KOR,265124,61878,0,grain,4.8604,52659
1631,KOR,306648,72300,0,timber,17.5420,72300
1632,KOR,797820,184939,0,grain,13.8749,150703
1633,KOR,454880,106826,0,timber,26.0213,106826
1634,KOR,696184,162916,0,coal,32.8499,162916
1635,KOR,775480,162882,0,grain,12.2863,132693
1636,KOR,612144,142329,0,fish,12.5403,142329
1637,KOR,307948,71594,0,grain,5.5803,60853
1638,JAP,626016,138697,1661,cotton,33.2856,138697
1639,JAP,498044,111205,1671,timber,47.2037,111205
1640,JAP,585920,107953,2017,grain,18.4879,88335
1641,JAP,518612,116509,1419,fish,18.5595,116509
1642,JAP,297952,62577,1445,coal,19.4222,62577
1643,JAP,259860,60039,980,fish,9.5456,60039
1644,JAP,399164,91627,1273,timber,38.8731,91627
1645,JAP,1029220,228889,4117,grain,39.0489,186191
1646,JAP,403764,91249,1251,fish,16.0010,91249
1647,JAP,168372,38694,535,fish,6.7872,38694
1648,JAP,368252,83579,1136,tea,28.4619,83579
1649,JAP,1738300,241097,8993,grain,44.9376,197681
1650,JAP,818480,183747,5274,grain,34.0439,149896
1651,JAP,590916,129404,3700,grain,23.9720,105618
1652,JAP,1205552,272159,6090,silk,51.2208,272159
1653,JAP,608644,137120,4300,grain,25.4070,111759
1654,JAP,680,64,34,fish,0.0000,64
1655,JAP,2102192,412230,6293,tea,127.9124,412230
1656,JAP,1109548,254368,3210,tea,78.9137,254368
1657,JAP,1888792,415913,6255,tea,128.9969,415913
1658,JAP,1209924,276474,3890,grain,47.2687,225711
1659,JAP,1349952,310051,4635,precious_metal,718.8843,310051
1660,JAP,969460,192244,3062,tea,59.5797,192244
1661,JAP,1101208,249249,4057,coal,77.5123,249249
1662,JAP,677560,154178,2836,grain,24.1433,125925
1663,JAP,391012,90193,1026,tobacco,14.4378,90193
1664,JAP,830228,188151,2847,coal,58.5020,188151
1665,JAP,223868,51529,1016,fish,8.2093,51529
1666,JAP,419516,96035,1225,timber,40.7567,96035
1667,JAP,650028,149282,1784,tobacco,23.9044,149282
1668,JAP,646388,146310,3060,grain,22.8796,119249
1669,JAP,615996,141188,2102,fish,20.2190,141188
1670,JAP,346452,79086,1471,sulphur,49.3914,79086
1671,JAP,423460,96562,1104,iron,33.7764,96562
1672,JAP,490776,91369,1461,iron,31.9534,91369
1673,JAP,530496,121766,1911,silk,22.5098,121766
1674,JAP,426148,96283,2291,tobacco,16.9760,96283
1675,JAP,1693924,347297,6428,silk,63.1824,347297
1676,JAP,440172,100173,2486,grain,17.0034,81164
1677,JAP,1352904,307943,5390,fish,49.1156,307943
1678,JAP,194828,45103,718,grain,7.7903,37404
1679,JAP,87848,20650,384,iron,8.0012,20650
1680,SPA,206456,44373,0,grain,7.1670,33216
1681,SPA,176068,41614,0,grain,8.2710,33216
1682,SPA,78640,17973,0,grain,3.1649,14710
1683,SPA,102092,21783,0,wool,4.0425,18367
1684,SPA,32436,7830,0,grain,1.4168,6586
1685,SPA,134700,28266,0,grain,6.1826,22876
1686,SPA,103088,24910,0,grain,5.4833,20222
1687,SPA,92092,22318,0,grain,4.4345,18168
1688,SPA,141568,31578,0,fish,6.3817,31578
1689,SPA,11012,1780,0,fish,0.3514,1780
1690,SPA,179144,42783,0,fruit,9.5029,42733
1691,SPA,49104,11685,0,grain,3.1097,11498
1692,SPA,32176,7721,0,grain,1.4812,6901
1693,SPA,40708,7893,0,grain,2.0884,7739
1694,SPA,69084,16510,0,fish,3.3180,16510
1695,TUR,4500,1073,0,fish,0.5043,1073
1696,TUR,43268,9862,0,fish,4.3325,9862
1697,SPA,46328,11359,0,precious_metal,28.3606,11359
1698,SPA,51056,12371,0,grain,2.2448,10349
1699,SPA,90256,21835,0,fruit,5.0054,20000
1700,FRA,314652,66443,0,grain,21.7179,52960
1701,FRA,479940,113329,0,grain,37.0986,90315
1702,ALD,197724,37570,0,wool,1.7509,30902
1703,ALD,168660,39530,0,grain,1.7166,33216
1704,FRA,107020,24166,0,grain,7.9728,19636
1705,ALD,288136,65191,0,iron,10.5628,65191
1706,FRA,199408,47816,0,fruit,24.0902,47796
1707,ALD,86496,20984,0,fruit,1.3727,20974
1708,ALD,224028,44492,0,iron,7.9345,40000
1709,FRA,56236,12933,0,grain,4.3181,10732
1710,ALD,113660,25463,0,iron,11.3562,25463
1711,ALD,24868,5092,0,wool,0.1985,4551
1712,ALD,7144,1177,0,wool,0.0362,789
1713,ALD,119032,20155,0,grain,0.8586,16778
1714,TUR,20400,4630,0,wool,0.0000,0
1715,ALD,69408,15915,0,wool,0.8484,14151
1716,TUR,7900,1900,0,fruit,0.0000,0
1717,TUR,7900,1900,0,grain,0.0000,0
1718,TUR,8600,1900,0,grain,0.0000,0
1719,TUR,7900,1900,0,wool,0.0000,0
1720,TUR,15800,3800,0,fruit,0.0000,0
1721,TUR,7900,1900,0,grain,0.0000,0
1722,TUR,15800,3800,0,fruit,0.0000,0
1723,CLM,10852,2153,10,fruit,0.5737,2153
1724,TUR,15800,3750,0,wool,0.0000,0
1725,TUN,366084,73025,0,grain,5.4763,61938
1726,TUN,489212,55553,0,grain,4.2207,47773
1727,TUN,62936,15154,0,wool,0.8913,13520
1728,TUN,255648,62326,0,fruit,6.1397,61709
1729,TUN,60624,14637,0,wool,0.8691,13010
1730,TUN,175804,42834,0,grain,3.2914,36864
1731,TUR,561308,131456,899,fruit,95.1061,131307
1732,TUR,52440,11094,617,fruit,7.5440,11090
1733,TUR,124372,29082,370,fruit,18.3489,29072
1734,TUR,112524,24277,1824,wool,8.2151,15727
1735,TUR,181464,42365,402,fruit,25.2141,40000
1736,TUR,87480,20550,255,fish,11.3522,20550
1737,TUR,89708,15107,691,grain,6.2799,12720
1738,TUR,11900,2750,0,grain,0.0000,0
1739,TUR,16320,3650,0,fruit,0.0000,0
1740,TUR,15840,3650,0,wool,0.0000,0
1741,TUR,23348,5166,315,fruit,3.4492,5117
1742,TUR,9876,1993,268,wool,0.6528,1171
1743,TUR,33984,1292,624,wool,0.3593,659
1744,TUR,28012,5569,496,fruit,3.7803,5566
1745,TUR,992340,201745,0,grain,83.5137,165506
1746,TUR,634776,123155,0,grain,52.5920,99363
1747,TUR,365812,86034,0,cotton,53.1172,86034
1748,TUR,340544,79123,0,fruit,49.8875,79123
1749,TUR,346576,80292,0,cotton,52.3073,80292
1750,TUR,607420,97062,0,cotton,59.9242,97062
1751,TUR,663400,152043,0,cotton,93.8778,152043
1752,TUR,386276,77472,0,fruit,27.5318,40000
1753,TUR,384140,78051,0,fruit,28.9944,40000
1754,TUR,174288,41666,0,grain,9.6355,16834
1755,TUR,99872,24088,0,cotton,15.6773,24088
1756,TUR,14880,3568,0,fruit,2.0914,3565
1757,TUR,11068,2655,0,fruit,1.5506,2654
1758,TUR,19436,3906,0,fruit,2.2463,3904
1759,TUR,179864,42912,0,grain,9.6355,16834
1760,TUR,26472,6604,0,grain,2.7087,5501
1761,TUR,22740,5675,0,fruit,3.3277,5669
1762,TUR,295696,63509,0,cotton,41.3556,63509
1763,TUR,107232,25584,0,grain,10.8820,20662
1764,TUR,141260,33654,0,cotton,21.9173,33654
1765,TUR,262164,62342,0,cotton,40.5915,62342
1766,TUR,63052,15051,0,grain,6.0643,12344
1767,TUR,94644,22773,0,grain,9.6355,18444
1768,TUR,108028,25708,0,cotton,16.7162,25708
1769,TUR,73344,17357,0,cotton,11.2861,17357
1770,TUR,24972,5428,0,grain,2.3245,4526
1771,TUR,48896,8835,0,grain,3.6180,7479
1772,TUR,20664,5030,0,grain,2.1089,4175
1773,,12000,2700,0,fish,0.0000,0
1774,,8000,1800,0,wool,0.0000,0
1775,ENG,96964,21199,0,fish,5.1938,21199
1776,ENG,71088,16316,0,wool,0.0000,0
1777,ENG,82876,19222,0,wool,0.0000,0
1778,ENG,27644,6500,0,timber,3.2081,6500
1779,ENG,11812,2691,0,grain,0.0000,100
1780,,12000,2700,0,fruit,0.0000,0
1781,,28400,6375,0,wool,0.0000,0
1782,,16000,3600,0,grain,0.0000,0
1783,,8000,1800,0,grain,0.0000,0
1784,FRA,27180,5428,0,fruit,2.7343,5425
1785,ENG,143688,31778,0,fruit,13.4728,31758
1786,,108000,24875,0,grain,0.0000,0
1787,,44000,10125,0,grain,0.0000,0
1788,ENG,79056,18110,0,grain,0.0000,100
1789,FRA,116276,26965,0,fruit,13.6162,26963
1790,,72000,16600,0,fruit,0.0000,0
1791,ENG,139056,32008,0,cattle,0.0137,150
1792,ENG,118852,27446,0,grain,0.0000,100
1793,ENG,102928,24042,0,fish,5.8551,24042
1794,,148000,33900,0,fruit,0.0000,0
1795,,100000,23000,0,wool,0.0000,0
1796,,80000,18425,0,fruit,0.0000,0
1797,,68000,15650,0,fruit,0.0000,0
1798,TUR,151600,31200,0,cattle,0.0000,0
1799,TUR,168900,39600,0,cotton,1.4818,5263
1800,TUR,250600,58500,0,fruit,0.0000,0
1801,,64000,14650,0,grain,0.0000,0
1802,TUR,176800,41175,0,grain,0.0000,0
1803,TUR,186600,42275,0,cattle,0.0000,0
1804,TUR,231800,53875,0,cattle,0.0000,0
1805,TUR,113900,25650,0,wool,0.0000,0
1806,TUR,7900,1800,0,grain,0.0000,0
1807,TUR,15800,3625,0,grain,0.0000,0
1808,TUR,158592,32820,0,grain,0.0000,100
1809,TUR,66792,15361,0,grain,0.0000,100
1810,TUR,137780,31689,0,grain,0.0000,100
1811,TUR,137680,31670,0,grain,0.0000,100
1812,TUR,86276,19134,0,wool,0.0000,0
1813,TUR,15640,3598,0,fruit,0.7669,1650
1814,TUR,43336,9949,0,wool,0.0000,0
1815,TUR,227760,51078,0,cattle,0.0350,150
1816,TUR,94296,21875,0,grain,0.0000,100
1817,TUR,35384,8099,0,fruit,0.7669,1650
1818,TUR,85560,18145,0,grain,0.0000,100
1819,TUR,47244,10975,0,cotton,5.1835,10975
1820,TUR,35372,8093,0,grain,0.0000,100
1821,TUR,73460,15515,0,grain,0.0000,0
1822,TUR,82688,19316,0,fruit,0.7836,1650
1823,TUR,90424,20892,0,grain,0.0000,100
1824,TUR,184300,43000,0,fish,0.0165,55
1825,TUR,70700,16375,0,fruit,0.0000,0
1826,TUR,27500,6375,0,wool,0.0000,0
1827,TUR,407932,88432,0,tropical_wood,292.5289,88432
1828,TUR,154388,37202,0,grain,15.9153,30293
1829,TUR,271056,65829,0,tropical_wood,217.7810,65829
1830,TUR,175660,42070,0,grain,17.3776,32984
1831,TUR,140272,33668,0,grain,14.4532,27420
1832,TUR,141216,34192,0,grain,14.6219,27807
1833,TUR,71336,16009,0,tropical_wood,39.1004,16009
1834,TUR,107708,21554,0,fruit,13.5920,21541
1835,TUR,92904,22096,0,fruit,11.8483,19996
1836,TUR,102488,24376,0,tropical_wood,61.4865,20000
1837,TUR,44000,10293,0,tropical_wood,31.6184,10293
1838,TUR,101656,23163,0,wool,5.5338,11258
1839,TUR,219436,48879,0,grain,17.4993,33186
1840,TUR,177032,41403,0,wool,11.8125,22680
1841,TUR,133400,31275,0,wool,0.0000,0
1842,TUR,102600,23300,0,grain,0.0000,0
1843,TUR,156676,32655,0,grain,0.0000,100
1844,TUR,339408,78750,0,grain,0.0000,100
1845,TUR,137028,32253,0,grain,0.0000,100
1846,TUR,240556,56080,0,timber,49.3876,56080
1847,TUR,137748,31669,0,wool,0.0000,0
1848,TUR,134096,29755,0,fruit,17.8082,29716
1849,TUR,49592,11740,0,precious_metal,65.2738,11740
1850,TUR,43256,10343,0,fruit,6.4458,10334
1851,TUR,75580,17860,0,fruit,11.1861,17859
1852,TUR,501704,119729,0,cattle,43.9217,96776
1853,TUR,501932,120797,0,cattle,35.0625,96016
1854,TUR,583800,118445,0,grain,36.6017,88451
1855,TUR,793088,189533,0,cattle,55.8305,152803
1856,TUR,181696,44250,0,cattle,15.5107,34228
1857,TUR,149316,36320,0,cattle,13.5109,29783
1858,TUR,48748,11887,0,grain,4.0022,9958
1859,TUR,488776,108723,0,coffee,39.7714,108723
1860,TUR,536724,126882,0,cattle,38.5213,105479
1861,TUR,399832,95474,0,grain,29.8437,77641
1862,TUR,394828,94444,0,grain,30.4904,73568
1863,TUR,675384,163018,0,cattle,47.6817,130559
1864,TUR,878988,184129,0,coffee,58.4004,160000
1865,TUR,357056,85342,0,coffee,31.2254,85342
1866,TUR,311684,73405,0,cattle,25.2034,62209
1867,TUR,424980,78929,0,grain,29.0751,64133
1868,TUR,303452,69104,0,cattle,26.5161,55399
1869,TUR,91164,21193,0,cotton,10.9199,21193
1870,TUR,82908,19056,0,cattle,0.0350,150
1871,TUR,74984,17198,0,grain,0.0000,100
1872,TUR,114396,26230,0,grain,0.0000,100
1873,TUR,186076,43688,0,cotton,20.2200,43688
1874,TUR,31352,7178,0,grain,0.0000,100
1875,RUS,28240,6269,0,cattle,0.0084,150
1876,TUR,104820,25323,0,coffee,9.5818,25323
1877,TUR,46628,11163,0,grain,4.1709,9328
1878,ENG,75748,17281,0,grain,0.0000,100
1879,,96000,22100,0,fruit,0.0000,0
1880,,360000,82125,0,fruit,0.0000,0
1881,,180000,41100,0,fruit,0.0000,0
1882,,155800,35500,0,fruit,0.0000,0
1883,,184000,42275,0,timber,0.0000,0
1884,ENG,634864,145229,0,precious_metal,553.2179,145229
1885,ENG,381196,89217,0,coffee,17.7155,80000
1886,ENG,348848,80128,0,grain,0.0000,100
1887,LIB,232620,45945,0,coffee,4.9989,45945
1888,LIB,183800,40926,0,coffee,4.4513,40926
1889,,124000,28250,0,coffee,0.0000,0
1890,,132000,30050,0,coffee,0.0000,0
1891,,168200,38275,0,tropical_wood,0.0000,0
1892,TUR,113652,25029,0,coffee,9.5121,25029
1893,TUR,194792,43276,0,cotton,22.3293,43276
1894,FRA,109484,26433,0,cattle,7.3891,21746
1895,TUR,58940,13538,0,grain,0.0000,100
1896,TUR,117948,27139,0,grain,0.0000,100
1897,TUR,90636,21232,0,coffee,8.0711,21232
1898,TUR,86620,19900,0,cattle,0.0117,50
1899,TUR,70896,16483,0,coffee,5.7006,16483
1900,TUR,94160,21797,0,cattle,0.0117,50
1901,TUR,464752,99220,0,grain,0.0000,100
1902,TUR,326716,75139,0,grain,0.0000,100
1903,TUR,267712,61851,0,grain,0.0000,100
1904,TUR,169344,39167,0,grain,0.0000,100
1905,TUR,139696,32338,0,grain,0.0000,100
1906,TUR,176968,40874,0,grain,0.0000,100
1907,DEN,174880,42352,0,cattle,6.0819,33904
1908,ENG,71272,17278,0,coffee,4.9493,17278
1909,NET,100336,24317,0,cattle,4.2167,20597
1910,,312300,71650,0,coffee,0.0000,0
1911,,148000,34025,0,cattle,0.0000,0
1912,,160000,36725,0,grain,0.0000,0
1913,,60000,13725,0,grain,0.0000,0
1914,TUR,225396,49437,0,fish,12.1212,27075
1915,TUR,118160,27220,0,cattle,0.0350,150
1916,TUR,35580,8217,0,cattle,0.0350,150
1917,TUR,126228,29496,0,coffee,11.2086,29496
1918,TUR,23500,5404,0,grain,0.0000,100
1919,TUR,281764,61652,0,cattle,0.0350,150
1920,TUR,236600,54335,0,grain,0.0000,100
1921,TUR,47172,10809,0,grain,0.0000,100
1922,TUR,27484,6310,0,grain,0.0000,100
1923,TUR,200460,39064,0,tropical_wood,99.5619,39064
1924,TUR,387428,88965,0,grain,0.0000,100
1925,TUR,574192,134165,0,coffee,45.6711,120000
1926,TUR,432476,100456,0,tropical_wood,184.8793,80000
1927,SOK,289856,61643,0,grain,3.7487,49360
1928,TUR,610004,129639,0,cattle,0.0350,150
1929,TUR,154268,35988,0,tropical_wood,91.5704,35988
1930,TUR,746504,173074,0,cattle,56.1316,138934
1931,TUR,657252,143319,0,tropical_wood,305.9822,120000
1932,TUR,110792,26052,0,tropical_wood,66.4206,26052
1933,TUR,626792,146299,0,coal,92.4276,95998
1934,TUR,416412,97802,0,coal,92.4276,95998
1935,TUR,412108,94959,0,fish,12.2204,27273
1936,TUR,417908,97823,0,grain,35.5707,78584
1937,TUR,199816,43195,0,cattle,13.8120,34228
1938,TUR,56000,12825,0,fruit,0.0000,0
1939,TUR,317264,60957,0,cattle,19.0194,51009
1940,SOK,89752,22200,0,grain,1.6810,18265
1941,TUR,68048,16739,0,cotton,8.4725,16739
1942,TUR,144832,33964,0,grain,6.5424,14672
1943,TUR,65436,16148,0,fruit,8.6421,16131
1944,TUR,64184,15852,0,cattle,6.0492,15023
1945,TUR,1046024,250652,0,fruit,135.5344,250383
1946,SOK,295784,71186,0,cattle,4.0009,59839
1947,TUR,790476,190349,0,grain,68.6761,151198
1948,SOK,987624,236852,0,cattle,13.4468,201110
1949,TUR,515760,125135,0,coal,125.6445,125135
1950,TUR,140748,33893,0,grain,11.5288,28101
1951,TUR,250296,55539,0,cotton,28.6609,55539
1952,TUR,188488,43506,0,cattle,0.0350,150
1953,TUR,200044,46336,0,fruit,0.7836,1650
1954,TUR,32496,7030,0,coffee,3.2835,7030
1955,SPA,11252,2574,0,wool,0.4136,2574
1956,TUR,353912,74304,0,grain,0.0000,100
1957,TUR,222144,52166,0,timber,45.9988,52166
1958,TUR,174088,40973,0,coffee,15.5879,40973
1959,TUR,340676,80015,0,timber,64.5448,80015
1960,TUR,289768,63832,0,timber,50.1885,63832
1961,TUR,366880,85958,0,timber,67.5775,85958
1962,TUR,291880,66796,0,grain,0.0000,100
1963,TUR,169560,40356,0,grain,13.5908,32902
1964,TUR,106612,24674,0,fruit,0.7836,1650
1965,TUR,109032,23810,0,timber,17.3205,23810
1966,TUR,39340,9065,0,cattle,0.0350,150
1967,TUR,27536,6329,0,cattle,0.0350,150
1968,TUR,54984,12625,0,grain,0.0000,100
1969,TUR,43292,9968,0,cattle,0.0350,150
1970,TUR,55380,12828,0,timber,10.3033,12828
1971,TUR,27384,6321,0,cattle,0.0350,150
1972,TUR,53380,10987,0,timber,8.7559,10987
1973,TUR,136016,31865,0,timber,25.5974,31865
1974,TUR,31524,7355,0,timber,5.8601,7355
1975,TUR,27572,6417,0,timber,5.0933,6417
1976,TUR,70912,16565,0,iron,16.8646,16565
1977,TUR,43240,9182,0,fruit,1.7769,3850
1978,TUR,15636,3664,0,iron,3.7096,3664
1979,ENG,12452,1539,0,tropical_wood,2.4622,1539
1980,TUR,27508,6416,0,timber,5.0933,6416
1981,TUR,31552,7340,0,timber,5.8601,7340
1982,TUR,133016,29125,0,fruit,1.7769,3850
1983,TUR,35392,8313,0,timber,6.6268,8313
1984,TUR,188700,42350,0,fruit,0.0000,0
1985,TUR,122144,28054,0,grain,0.0000,100
1986,TUR,184400,42950,0,tropical_wood,3.6353,7696
1987,TUR,451300,101900,0,grain,0.0000,0
1988,TUR,106100,24800,0,tropical_wood,4.0180,7696
1989,TUR,274200,64125,0,tropical_wood,3.2526,7696
1990,TUR,112100,23850,0,fruit,0.0000,0
1991,TUR,74500,17450,0,fruit,0.0000,0
1992,TUR,123700,27725,0,timber,2.4295,3823
1993,TUR,58900,13825,0,grain,0.0000,0
1994,TUR,58900,13825,0,grain,0.0000,0
1995,TUR,109800,25750,0,cotton,1.3548,5263
1996,TUR,152900,35850,0,tropical_wood,3.2526,7696
1997,TUR,74600,17375,0,fruit,0.0000,0
1998,TUR,105900,24575,0,fruit,0.0000,0
1999,D01,184304,39548,1569,coffee,8.9649,39548
2000,TUR,117048,26355,0,fruit,1.7769,3850
2001,D01,172320,39209,1861,fruit,9.8992,31522
2002,TUR,118800,27950,0,coffee,0.0000,0
2003,D01,135852,30287,825,grain,4.1487,11116
2004,D01,131300,31264,463,fish,7.6434,31264
2005,TUR,208320,47650,0,fruit,0.0000,0
2006,TUR,153020,34200,0,fruit,0.0000,0
2007,TUR,79100,18400,0,grain,0.0000,0
2008,TUR,35780,8330,0,iron,0.0000,0
2009,TUR,43480,10125,0,fruit,0.0000,0
2010,TUR,110800,25650,0,cattle,0.0000,0
2011,TUR,75200,17425,0,grain,0.0000,0
2012,TUR,27296,6312,0,grain,0.0000,100
2013,TUR,51028,11774,0,cattle,0.0350,150
2014,TUR,39300,9076,0,grain,0.0000,100
2015,TUR,106292,24659,0,grain,0.0000,100
2016,TUR,90688,19045,0,grain,0.0000,100
2017,TUR,66888,15435,0,cattle,0.0350,150
2018,TUR,90468,20873,0,grain,0.0000,100
2019,TUR,413600,91550,0,cotton,1.1148,3946
2020,TUR,208000,48550,0,cotton,1.1148,3946
2021,TUR,188300,43850,0,coffee,0.7746,3757
2022,TUR,328800,80525,0,cotton,1.1148,3946
2023,TUR,219100,51250,0,cotton,1.1148,3946
2024,TUR,261256,56971,0,grain,0.0000,100
2025,TUR,51288,11800,0,cattle,0.0350,150
2026,TUR,42552,8343,0,tea,6.0147,8343
2027,TUR,126412,29501,0,coffee,9.9503,29501
2028,TUR,193836,45816,0,tea,30.0740,45816
2029,TUR,148356,28921,0,fish,15.9824,28921
2030,TUR,128200,30990,0,cattle,11.7274,24505
2031,TUR,98168,22994,0,coffee,8.7219,22994
2032,TUR,169512,39339,0,coffee,14.9370,39339
2033,TUR,102440,23578,0,grain,0.0000,100
2034,TUR,533900,113778,0,coffee,43.3006,113778
2035,TUR,441696,102436,0,cotton,48.5464,102436
2036,TUR,274900,66405,0,fish,36.7025,66405
2037,TUR,103656,25275,0,grain,10.6665,20234
2038,TUR,211148,49436,0,grain,16.7308,31774
2039,TUR,105516,20116,0,grain,8.5575,16203
2040,TUR,134024,31141,0,grain,0.0000,100
2041,TUR,130136,30215,0,cattle,0.0350,150
2042,TUR,294948,69035,0,tobacco,17.6565,69035
2043,TUR,255844,59904,0,tobacco,15.7667,59904
2044,TUR,358492,83607,0,cotton,38.7251,83607
2045,TUR,228696,52916,0,fruit,0.7836,1650
2046,TUR,302260,70205,0,coffee,26.7134,70205
2047,TUR,78576,18082,0,grain,0.0000,100
2048,TUR,199460,46982,0,grain,16.7777,31902
2049,D02,331592,70374,6916,grain,16.0840,56654
2050,D02,365340,83226,6972,grain,20.6223,67980
2051,D02,225364,49941,6018,grain,10.0397,33216
2052,D03,288652,64396,0,grain,18.9389,54892
2053,D02,223088,50150,1958,grain,9.2327,33216
2054,D03,109804,23229,0,grain,5.8649,18700
2055,D03,157328,36430,251,grain,10.2635,29675
2056,D03,102188,23938,187,coffee,7.4617,23938
2057,D02,188104,44504,725,tobacco,7.2467,40000
2058,D03,152216,35367,182,grain,8.9196,28676
2059,D02,116432,26910,1301,grain,6.6891,22130
2060,D02,147952,32384,1765,cotton,12.0824,32384
2061,D02,183516,40986,2379,tobacco,7.9875,40000
2062,XBI,1971736,403980,0,coal,81.4137,403980
2063,D02,283828,63815,3139,grain,15.6850,51574
2064,TUR,287632,64046,0,grain,15.0530,33328
2065,D02,153656,35821,2202,grain,8.6525,28591
2066,TUR,244488,59748,0,tobacco,18.7137,59748
2067,TUR,156640,36206,0,cattle,0.0350,150
2068,TUR,75300,15475,0,coffee,0.0000,0
2069,TUR,94200,21850,0,cattle,0.0000,0
2070,TUR,94200,21825,0,tobacco,0.0000,0
2071,TUR,66580,15350,0,iron,0.0000,0
2072,TUR,47260,10950,0,cattle,0.0000,0
2073,TUR,70700,16375,0,iron,0.0000,0
2074,TUR,29204,6327,0,wool,0.0000,0
2075,TUR,7768,1768,0,grain,0.0000,100
2076,TUR,11728,2662,0,fruit,0.7836,1644
2077,TUR,11696,2652,0,grain,0.0000,100
2078,TUR,75916,16192,0,wool,0.0000,0
2079,TUR,51324,11876,0,fish,4.9196,11876
2080,TUR,23592,5397,0,wool,0.0000,0
2081,TUR,15460,3513,0,grain,0.0000,100
2082,TUR,43208,9922,0,grain,0.0000,100
2083,TUR,5592,862,0,wool,0.0000,0
2084,TUR,27556,6313,0,precious_metal,28.5862,6313
2085,TUR,11616,2608,0,grain,0.0000,100
2086,TUR,19516,4446,0,grain,0.0000,100
2087,TUR,255360,51758,0,fruit,23.8896,39897
2088,TUR,11924,2705,0,wool,0.0000,0
2089,TUR,167968,39416,0,fruit,23.5585,39308
2090,TUR,143680,32957,0,wool,8.5045,17094
2091,TUR,40660,9621,0,precious_metal,54.2483,9621
2092,TUR,53648,11160,0,precious_metal,54.7559,11160
2093,TUR,24440,5374,0,grain,2.3245,4465
2094,TUR,155096,35953,0,cattle,0.0350,150
2095,TUR,19816,4609,0,grain,0.0000,100
2096,TUR,72716,14557,0,fruit,8.6421,14541
2097,TUR,99484,23830,0,precious_metal,116.7382,23830
2098,TUR,52236,12334,0,wool,2.7690,5956
2099,TUR,53500,12837,0,grain,4.2178,10586
2100,TUR,95524,22515,0,wool,4.8591,9766
2101,TUR,190264,44064,832,wool,12.4434,30225
2102,TUR,136148,32747,368,coal,32.8156,32747
2103,TUR,152040,31270,1205,iron,35.5270,31270
2104,ENG,185420,45233,0,coal,29.3708,45233
2105,TRN,128344,30446,495,grain,3.7979,24807
2106,TRN,91484,21980,418,wool,2.0909,16461
2107,TRN,121088,29943,25,precious_metal,82.2654,29943
2108,TRN,75572,12374,573,precious_metal,33.9934,12374
2109,TRN,46300,10691,821,grain,1.3803,9014
2110,TRN,29804,6680,727,grain,0.8788,5393
2111,ENG,126552,29527,0,wool,10.8639,27105
2112,ENG,167856,36125,0,grain,7.6714,24978
2113,ENG,350932,61301,0,wool,16.4181,40964
2114,TRN,54844,13308,2,grain,2.0720,11381
2115,FRA,797012,175116,0,tropical_wood,302.9263,175116
2116,FRA,256716,54035,0,coal,39.4398,54035
2117,FRA,230544,43355,0,grain,13.2915,34277
2118,FRA,156456,35004,0,grain,12.1277,29568
2119,FRA,132424,30284,0,fruit,14.3855,30251
2120,FRA,118904,27171,0,timber,20.3599,27171
2121,FRA,230028,44024,0,timber,32.1234,40000
2122,FRA,156740,35605,0,fruit,16.8326,35477
2123,FRA,62036,14253,0,fish,4.9839,14253
2124,FRA,5292,963,73,grain,0.1167,552
2125,ENG,148136,35056,0,fruit,14.7778,35009
2126,FRA,123352,28524,242,fish,10.0114,28524
2127,ENG,5128,1268,2,fruit,0.4900,1267
2128,TUR,60,11,0,fish,0.0000,11
2129,ENG,2404,443,130,fish,0.1081,443
2130,ENG,740,84,85,fish,0.0070,84
2131,ENG,440,100,2,wool,0.0000,0
2132,ENG,2400,83,416,fish,0.0070,83
2133,ENG,1916,75,171,fish,0.0000,75
2134,TUR,316288,71260,0,fruit,36.2621,71176
2135,TUR,154844,36679,0,fruit,18.5919,36636
2136,SPA,268000,61669,486,fruit,17.2199,61596
2137,MEX,99828,20718,2449,cattle,2.5071,17721
2138,MEX,6776,1066,628,fish,0.1116,1066
2139,MEX,25308,5250,1077,fruit,1.1570,5245
2140,MEX,15464,2774,1092,grain,0.2966,2321
2141,MEX,66076,14567,1611,cattle,1.7835,12585
2142,MEX,122428,27722,273,precious_metal,59.2915,27722
2143,MEX,16184,3794,73,grain,0.4371,3145
2144,MEX,10780,2533,56,cattle,0.1968,1740
2145,MEX,19016,4294,206,cattle,0.3466,3436
2146,MEX,114540,24676,1329,grain,0.0000,0
2147,MEX,11772,2797,36,grain,0.2810,2285
2148,MEX,19332,4296,537,fish,0.0000,0
2149,MEX,29652,6482,699,cattle,0.0000,0
2150,MEX,27500,6020,734,cattle,0.7192,5060
2151,MEX,56368,9134,2134,dye,0.0000,0
2152,MEX,44188,10274,222,dye,0.0000,0
2153,MEX,71184,15614,1602,precious_metal,33.3867,15614
2154,MEX,53956,11084,1993,grain,1.2708,9570
2155,MEX,62748,12689,2505,cattle,0.0000,0
2156,MEX,142600,32298,2081,cattle,3.9052,27455
2157,MEX,37328,8207,1014,precious_metal,17.5581,8207
2158,MEX,377076,84689,1786,grain,9.6954,69524
2159,MEX,374920,87741,1301,grain,11.5315,70994
2160,MEX,191740,46147,320,timber,13.4911,46147
2161,MEX,118496,22280,812,fish,2.8583,22280
2162,MEX,156372,34891,2229,grain,4.6400,28613
2163,MEX,90032,21058,1102,fish,2.7090,21058
2164,MEX,57564,13753,446,iron,3.6847,13753
2165,MEX,63428,14071,1522,coffee,2.2661,14071
2166,MEX,355740,77850,615,fish,10.0191,77850
2167,MEX,774184,179944,2563,grain,17.5704,146165
2168,MEX,183692,44053,311,fish,5.6768,44053
2169,MEX,126864,30334,345,iron,8.1163,30334
2170,MEX,325780,61471,6708,wool,7.0251,43957
2171,MEX,133900,31369,684,grain,4.2247,26321
2172,MEX,622696,102983,7121,grain,11.6689,83915
2173,MEX,452420,96881,1461,fruit,17.9703,96879
2174,MEX,224284,50482,849,grain,5.6393,41294
2175,MEX,212128,49279,1356,grain,6.6041,40605
2176,MEX,505208,107356,5316,dye,9.7720,107079
2177,MEX,442204,98813,3595,grain,9.5736,80398
2178,MEX,117776,27162,1062,grain,2.6853,22288
2179,MEX,205988,49010,615,precious_metal,92.6594,49010
2180,MEX,89260,20065,1101,cattle,2.1675,17082
2181,MEX,85168,19375,1152,cotton,3.3329,19375
2182,MEX,53708,8272,1477,cotton,1.6454,8272
2183,MEX,234588,52942,3434,grain,6.6104,46207
2184,MEX,108836,25596,1223,timber,7.8057,25596
2185,MEX,95444,22450,824,timber,6.7889,22450
2186,UCA,220436,48961,704,fruit,10.8040,48941
2187,UCA,94520,22468,261,iron,6.4467,22468
2188,UCA,64692,15669,76,fruit,2.8705,15663
2189,UCA,12924,2936,226,timber,1.2240,2936
2190,ENG,4484,840,8,fruit,0.2367,840
2191,ELS,174624,37001,2478,coffee,8.9368,37001
2192,ELS,84568,18612,1646,tropical_wood,32.8394,18612
2193,UCA,165228,35742,450,fruit,8.0306,35740
2194,UCA,77364,17902,327,fruit,3.3950,17901
2195,UCA,63140,15021,192,fruit,3.3165,15016
2196,UCA,11704,2662,150,timber,1.1303,2662
2197,UCA,180164,40313,1369,coffee,6.5740,40313
2198,UCA,35452,8647,199,fruit,1.8818,8645
2199,UCA,49264,11864,385,coffee,2.0114,11864
2200,UCA,12496,2479,593,cattle,0.3442,1759
2201,UCA,53240,12473,179,fruit,2.7656,12470
2202,UCA,17276,4297,0,fruit,0.9036,4295
2203,UCA,9872,2234,225,coffee,0.4253,2234
2204,CLM,48384,9137,14,fruit,2.6843,9137
2205,CLM,25464,5575,4,coffee,1.1622,5575
2206,CLM,23752,4827,10,fruit,1.4265,4827
2207,MGL,69088,16065,0,grain,0.9883,14069
2208,CLM,11120,2233,14,fruit,0.6995,2233
2209,SPA,321716,63087,0,tobacco,4.8276,63087
2210,SPA,206128,49828,0,tobacco,4.2635,49828
2211,SPA,127808,29306,0,tobacco,1.5537,29306
2212,SPA,100232,22686,0,tobacco,1.3880,22686
2213,HAI,389532,87933,119,tobacco,10.3578,87933
2214,HAI,86252,21476,48,tobacco,3.1757,21476
2215,HAI,175612,43239,0,tobacco,5.3124,43239
2216,HAI,53776,13358,4,tobacco,1.6324,13358
2217,ENG,438884,97905,8125,sulphur,106.7445,97905
2218,ENG,484,2,117,fruit,0.0000,2
2219,ENG,19704,3913,1000,cotton,1.6547,3913
2220,ENG,1608,13,379,cotton,0.0000,13
2221,CHI,3575012,819863,0,tea,117.1532,819863
2222,SPA,440388,103297,0,cotton,24.2506,103297
2223,DEN,69148,16961,0,tobacco,3.4225,16961
2224,ENG,40488,7794,1204,fruit,3.0667,7794
2225,ENG,5328,284,932,cotton,0.0913,284
2226,ENG,5120,324,762,tobacco,0.0646,324
2227,ENG,36364,8065,762,cotton,3.2311,8065
2228,FRA,134540,31121,182,cotton,13.7249,31121
2229,ENG,162000,32740,0,tobacco,7.3130,32740
2230,FRA,157004,36090,78,fruit,16.7862,35375
2231,ENG,24332,6027,0,cotton,2.4125,6027
2232,ENG,27100,6670,0,cotton,2.6736,6670
2233,ENG,41764,10216,0,cotton,4.0977,10216
2234,NET,13400,3223,0,tobacco,0.5182,3223
2235,NET,1444,357,0,tobacco,0.0537,357
2236,NET,4368,1072,0,tobacco,0.1638,1072
2237,ENG,61036,14572,2,cotton,6.2924,14572
2238,ENG,20020,4764,8,cotton,1.8550,4764
2239,ENG,69088,14998,1732,fruit,6.3207,14985
2240,ENG,55280,12134,0,grain,4.1401,10179
2241,FRA,15844,3713,64,timber,3.5652,3713
2242,ENG,2396,568,2,tropical_wood,0.9044,568
2243,ENG,44136,10651,6,fruit,4.4213,10550
2244,ENG,212,2,14,fish,0.0000,2
2245,ENG,7736,1816,16,timber,0.9727,1816
2246,FRA,1440,192,69,timber,0.1357,192
2247,CLM,273880,54662,5915,cattle,8.3119,54662
2248,CLM,86108,18089,2344,grain,3.7405,18089
2249,CLM,54432,11586,1566,cattle,1.7712,11586
2250,CLM,118136,25233,2540,grain,5.3598,25233
2251,CLM,97008,19318,0,coffee,2.7763,19318
2252,CLM,109884,25582,0,coffee,3.9077,25582
2253,CLM,41624,9848,16,coffee,1.1826,9848
2254,CLM,134300,31580,0,coffee,5.7071,31580
2255,CLM,130296,29371,0,precious_metal,61.1714,29371
2256,CLM,99048,20081,0,grain,4.1129,20081
2257,CLM,66676,15565,0,grain,2.9908,15565
2258,CLM,38616,9187,0,fish,0.8517,9187
2259,CLM,77780,18356,0,cattle,2.7430,18356
2260,CLM,27016,6315,0,cattle,0.9436,6315
2261,CLM,13688,819,0,timber,0.2472,819
2262,CLM,56648,13086,0,timber,5.5204,13086
2263,CLM,7256,516,0,timber,0.1648,516
2264,VNZ,235744,46048,6617,fruit,8.9811,46048
2265,VNZ,13068,2440,793,coffee,0.4387,2440
2266,VNZ,35148,7397,1107,coffee,1.3789,7397
2267,VNZ,20604,3352,1464,fruit,0.6571,3352
2268,VNZ,57520,9718,0,timber,4.5713,9718
2269,VNZ,44628,8068,0,fruit,1.6792,8068
2270,VNZ,97388,22193,0,coffee,4.0734,22193
2271,VNZ,128280,28710,0,cattle,3.3696,28710
2272,VNZ,53996,12366,0,cattle,1.4441,12366
2273,VNZ,94604,21903,0,coffee,3.4889,21903
2274,VNZ,27724,5538,1266,cattle,0.7487,5538
2275,VNZ,31088,7097,0,wool,1.4832,7097
2276,VNZ,102132,23612,0,coffee,4.5226,23612
2277,VNZ,15648,3423,0,fruit,0.6580,3423
2278,VNZ,1772,305,0,wool,0.0000,0
2279,ECU,282272,51723,6075,fruit,12.1280,51710
2280,ECU,78824,17307,2161,fruit,5.0879,17298
2281,ECU,91084,20179,2215,fruit,5.4328,20166
2282,ECU,134872,29021,3502,cattle,4.3662,25121
2283,ECU,145340,31383,3528,grain,7.5116,26073
2284,ECU,24660,5361,800,timber,2.2973,5361
2285,ECU,708,6,167,fish,0.0000,6
2286,PEU,58236,13671,232,timber,5.0147,13671
2287,ECU,15440,560,712,timber,0.1718,560
2288,ECU,6092,263,718,wool,0.0000,0
2289,ECU,9468,634,690,timber,0.2391,634
2290,PEU,140680,22982,7650,wool,3.3282,16687
2291,PEU,70788,13495,3642,wool,2.4355,10119
2292,PEU,87292,19063,2312,fish,2.9467,19063
2293,PEU,31820,6017,1622,wool,1.0161,5150
2294,PEU,30360,6607,905,timber,2.2695,6607
2295,PEU,371364,72734,3362,precious_metal,180.6482,72734
2296,PEU,59592,13267,1381,cattle,1.7070,11323
2297,PEU,88128,18016,793,fish,2.7993,18016
2298,PEU,119528,27674,1488,iron,17.2718,27674
2299,PEU,105680,24548,1084,cattle,3.1365,20858
2300,PEU,17652,3270,1049,wool,0.5274,2658
2301,PEU,18288,3557,831,timber,1.1940,3557
2302,PEU,173696,34584,4258,wool,5.0321,25196
2303,PEU,95592,18885,1657,wool,2.7402,13753
2304,PEU,88060,20889,615,sulphur,16.8980,20889
2305,ARG,113980,26506,586,sulphur,13.1346,26506
2306,BRZ,26984,2038,388,cattle,0.2789,2038
2307,PEU,45864,10188,637,cattle,1.5563,8767
2308,PEU,26908,6345,308,sulphur,4.6852,6345
2309,ARG,27928,4748,892,wool,0.5916,4109
2310,BRZ,356920,47687,26261,cattle,6.3758,47687
2311,BRZ,323204,61535,13494,fruit,15.0411,61535
2312,BRZ,33996,8054,159,iron,2.5278,8054
2313,BOL,111144,22283,1617,wool,4.7195,19312
2314,BRZ,112316,19782,5230,grain,4.3403,19459
2315,ARG,44532,9153,1326,wool,1.0758,8949
2316,BOL,14468,3380,237,fruit,1.2090,3380
2317,BOL,21164,5022,269,tropical_wood,7.0643,5022
2318,BOL,10604,2159,492,wool,0.5017,1866
2319,BRZ,74444,13720,3614,timber,4.8572,13720
2320,BRZ,18608,3476,187,timber,1.2219,3476
2321,BRZ,28120,6499,0,tropical_wood,6.7332,6499
2322,CHL,58052,12600,1663,iron,4.7110,12600
2323,CHL,74164,15461,2643,precious_metal,38.6504,15461
2324,CHL,491016,85388,11515,grain,11.5317,70791
2325,CHL,133244,21615,4204,fruit,4.8445,21599
2326,CHL,81464,16910,2737,fruit,3.7592,16901
2327,CHL,30568,5698,158,grain,0.7846,4843
2328,CHL,105632,24154,482,grain,2.7300,20039
2329,CHL,41232,9657,301,grain,1.1156,8207
2330,CHL,79520,18387,319,iron,7.6369,18387
2331,CHL,40624,9844,135,iron,3.6697,9844
2332,CHL,84364,19039,727,grain,2.6023,15974
2333,CHL,9912,2156,297,fruit,0.3190,2156
2334,CHL,2208,367,185,wool,0.0058,56
2335,CHL,1420,126,229,wool,0.0000,0
2336,,3000,675,0,fish,0.0000,0
2337,PRG,7840,1598,0,tropical_wood,0.0000,0
2338,PRG,15928,1174,0,timber,0.6218,1174
2339,PRG,350232,71486,4484,cattle,11.6082,71486
2340,PRG,69872,15431,1517,timber,5.8961,15431
2341,PRG,104956,23194,1978,cattle,3.3039,23194
2342,PRG,79384,17140,1918,fruit,4.4115,17140
2343,PRG,19556,4005,860,cattle,0.6154,4005
2344,URU,136872,30541,0,cattle,3.6606,30541
2345,URU,36588,9021,0,cattle,0.8140,7733
2346,URU,4152,1036,0,wool,0.0887,581
2347,URU,43868,10119,0,cattle,1.0472,8565
2348,ARG,164772,17975,0,cattle,2.0413,15554
2349,ARG,53316,7005,0,cattle,0.7807,5992
2350,ARG,12220,2961,5,cattle,0.2968,2276
2351,ARG,2764,652,0,cattle,0.0052,150
2352,ARG,13720,3344,0,cattle,0.3349,2582
2353,ARG,12428,3002,0,grain,0.5671,2462
2354,ARG,19192,4623,0,wool,0.5862,3982
2355,ARG,23720,5768,127,timber,2.1192,5768
2356,ARG,94408,20025,529,cattle,0.0000,0
2357,ARG,23800,4555,349,cattle,0.4841,3735
2358,ARG,28096,6352,296,fruit,1.0997,6349
2359,ARG,8056,1907,0,cattle,0.1484,1345
2360,ARG,17036,4134,0,cattle,0.4475,3473
2361,ARG,8532,1948,0,grain,0.3492,1528
2362,ARG,61292,12740,0,cattle,1.4523,11169
2363,ARG,13128,2501,0,cattle,0.2312,1934
2364,ARG,13988,3320,129,timber,1.2154,3320
2365,ARG,14824,3600,9,timber,1.3198,3600
2366,PRG,16392,3457,0,timber,0.0000,0
2367,PRG,14896,2031,9,timber,0.0000,0
2368,ARG,13448,1395,0,wool,0.1015,950
2369,ARG,4952,330,0,wool,0.0000,0
2370,ARG,3608,826,0,wool,0.0293,371
2371,ARG,5768,1413,21,timber,0.4202,1413
2372,ARG,5472,1354,0,timber,0.4176,1354
2373,ARG,27940,5772,0,fruit,1.2056,5766
2374,ARG,6532,1212,0,wool,0.1028,810
2375,ARG,5224,1289,5,iron,0.3488,1289
2376,ARG,17712,4357,52,timber,1.5983,4357
2377,ARG,23412,4867,227,timber,1.5261,4867
2378,ARG,8632,2016,141,timber,0.6290,2016
2379,ARG,93656,14891,0,grain,2.9030,12559
2380,ARG,9032,2064,0,grain,0.3344,1653
2381,ARG,8744,2065,0,cattle,0.1871,1476
2382,ARG,14768,3087,0,wool,0.3699,2582
2383,ARG,8052,1824,0,grain,0.2843,1414
2384,ARG,13608,2373,0,cattle,0.2252,1779
2385,ARG,11220,2522,0,wool,0.2442,2029
2386,ARG,10640,2649,0,fruit,0.5358,2641
2387,ARG,13044,3251,0,fruit,0.6101,3248
2388,ARG,5696,1409,0,fruit,0.2121,1409
2389,ARG,15604,3860,11,fruit,0.7567,3860
2390,ARG,10220,2545,0,fruit,0.5246,2542
2391,ARG,16292,3336,0,cattle,0.3389,2690
2392,ARG,6836,596,0,wool,0.0048,137
2393,ARG,7940,1176,0,wool,0.0998,730
2394,ARG,14120,3056,0,wool,0.3671,2513
2395,ARG,12472,2406,0,cattle,0.2223,1695
2396,ARG,1108,118,0,wool,0.0000,0
2397,ARG,2076,412,0,wool,0.0000,0
2398,ARG,2936,351,0,wool,0.0000,0
2399,ARG,1596,243,2,wool,0.0000,0
2400,ARG,1608,234,0,wool,0.0000,0
2401,BRZ,14288,165,1307,tobacco,0.0146,165
2402,BRZ,40612,9051,94,tropical_wood,9.1950,9051
2403,BRZ,9712,1388,533,tobacco,0.1508,1388
2404,BRZ,5496,104,526,tropical_wood,0.0778,104
2405,BRZ,9708,2,850,tropical_wood,0.0000,2
2406,ENG,560,128,2,fish,0.0070,128
2407,BRZ,4796,2,552,timber,0.0000,2
2408,BRZ,12624,434,118,tropical_wood,0.2484,434
2409,ENG,29088,7166,0,cotton,2.8914,7166
2410,BRZ,78548,15619,2,grain,2.9367,15619
2411,BRZ,20728,4679,20,grain,0.8963,4679
2412,BRZ,9392,1773,55,tropical_wood,1.6939,1773
2413,BRZ,14776,3336,2,grain,0.6268,3336
2414,BRZ,10232,892,165,tropical_wood,0.2484,892
2415,BRZ,11232,2097,233,tropical_wood,1.9996,2097
2416,BRZ,52420,9981,869,fruit,2.4432,9981
2417,BRZ,32200,6506,1029,tobacco,0.7041,6506
2418,BRZ,31412,6358,1011,fruit,1.5248,6358
2419,BRZ,9972,1590,682,tropical_wood,1.7501,1590
2420,BRZ,29820,5009,1917,sulphur,2.7812,5009
2421,BRZ,47416,9978,1284,tropical_wood,7.6651,9978
2422,BRZ,10640,1792,688,fruit,0.4581,1792
2423,BRZ,16856,3706,25,fruit,0.8682,3706
2424,BRZ,183932,43427,0,tobacco,4.0327,43427
2425,BRZ,59832,13797,5,cotton,3.1078,13797
2426,BRZ,179076,42034,15,fruit,8.0365,42034
2427,BRZ,68612,12164,0,grain,2.6671,12164
2428,BRZ,127524,25451,0,fruit,6.3393,25451
2429,BRZ,204424,46883,0,fruit,10.7044,46883
2430,BRZ,56736,13269,61,cotton,2.7449,13269
2431,BRZ,149436,32866,9,cotton,6.3858,32866
2432,BRZ,182388,32276,106,coffee,3.6436,32276
2433,BRZ,85412,20077,0,cotton,3.6133,20077
2434,BRZ,169060,40022,0,tobacco,4.1512,40022
2435,BRZ,133988,31694,0,tobacco,3.2649,31694
2436,BRZ,391888,64687,1009,tobacco,6.4041,64687
2437,BRZ,196368,46566,0,tobacco,3.6825,46566
2438,BRZ,160464,37925,0,cattle,4.1054,37925
2439,BRZ,162252,31918,0,coffee,3.8977,31918
2440,BRZ,115180,27227,0,coffee,3.0968,27227
2441,BRZ,274316,63302,1490,coffee,8.0642,63302
2442,BRZ,126292,29224,729,coffee,3.4466,29224
2443,BRZ,110800,25748,382,coffee,2.7968,25748
2444,BRZ,87564,20201,561,cattle,2.0755,20201
2445,BRZ,74528,17144,480,fruit,3.2569,17144
2446,BRZ,169224,33906,690,tropical_wood,27.5400,33906
2447,BRZ,871440,163400,7077,coffee,23.1971,163400
2448,BRZ,185912,43773,931,coffee,5.1808,43773
2449,BRZ,135948,31841,784,fruit,7.0919,31841
2450,BRZ,288384,66019,2772,coffee,9.2223,66019
2451,BRZ,153492,35143,1683,coffee,4.7017,35143
2452,BRZ,70636,16170,808,cattle,2.0120,16170
2453,BRZ,65704,14897,842,coffee,1.9725,14897
2454,,88000,20025,0,fish,0.0000,0
2455,BRZ,72952,16627,895,cattle,2.1683,16627
2456,BRZ,9060,1801,271,coffee,0.2263,1801
2457,BRZ,198884,45522,1687,fruit,12.0569,45522
2458,BRZ,45176,10273,596,coffee,1.3551,10273
2459,BRZ,68932,15583,857,fruit,3.6474,15583
2460,BRZ,84472,19164,900,grain,4.1679,19164
2461,BRZ,101340,23425,800,cattle,3.1757,23425
2462,BRZ,106540,20937,785,tropical_wood,20.5982,20937
2463,BRZ,258708,57741,4209,cattle,7.9401,57741
2464,BRZ,48568,10741,931,cattle,1.3232,10741
2465,BRZ,131692,29244,2427,tobacco,3.5205,29244
2466,BRZ,105212,23419,1918,timber,8.1086,23419
2467,BRZ,59716,10232,648,cattle,1.5713,10232
2468,AST,100488,13856,3152,grain,4.9440,11428
2469,AST,38700,8620,948,coal,7.2932,8620
2470,AST,27992,5842,1040,grain,1.8245,4594
2471,AST,8668,288,1084,grain,0.1281,284
2472,AST,21224,4465,687,grain,1.5187,3529
2473,AST,27440,5779,903,grain,2.0907,4547
2474,AST,14924,796,1247,grain,0.1519,349
2475,AST,20936,183,2059,grain,0.0648,161
2476,AST,27524,489,0,wool,0.0000,0
2477,AST,9460,445,0,wool,0.0000,0
2478,AST,5560,313,3,wool,0.0000,0
2479,AST,18776,914,155,grain,0.1598,381
2480,AST,5456,213,0,wool,0.0000,0
2481,AST,7652,317,0,grain,0.1311,317
2482,AST,61224,12978,0,timber,8.7204,12978
2483,AST,55608,7424,2844,cattle,2.0223,5777
2484,AST,11400,0,1466,wool,0.0000,0
2485,AST,17188,271,1683,cattle,0.0372,144
2486,AST,26208,1293,2146,cattle,0.1016,367
2487,AST,20060,1746,1703,cattle,0.2369,742
2488,AST,33688,3643,2050,tropical_wood,9.2963,3643
2489,AST,23540,4556,507,cattle,1.0489,3023
2490,ENG,4088,900,0,cattle,0.0274,267
2491,AST,17592,295,1345,wool,0.0000,0
2492,AST,4084,4,789,wool,0.0000,0
2493,AST,8284,15,878,wool,0.0000,0
2494,AST,12056,157,909,grain,0.0618,157
2495,ENG,4044,926,0,fruit,0.3029,926
2496,AST,3412,0,423,wool,0.0000,0
2497,AST,52064,8917,531,grain,3.1353,7229
2498,AST,23160,556,533,grain,0.1667,390
2499,AST,14508,677,320,grain,0.1667,392
2500,AST,21560,2305,321,precious_metal,10.1633,2305
2501,AST,23840,3207,319,precious_metal,14.1632,3207
2502,AST,5760,260,318,grain,0.0549,138
2503,TUR,3584,762,0,precious_metal,3.9742,762
2504,AST,20384,2928,458,fruit,1.3069,2910
2505,AST,32224,3676,238,grain,1.4375,2774
2506,AST,16884,1452,0,cattle,0.0375,150
2507,ENG,3228,670,0,cattle,0.0274,255
2508,AST,21428,4510,795,fish,1.4983,4510
2509,NZL,150300,25652,3589,cattle,3.3221,18082
2510,NZL,44988,2388,1874,cattle,0.0266,187
2511,ENG,8016,1790,0,cattle,0.2644,1121
2512,NZL,50484,2577,2042,cattle,0.0266,285
2513,ENG,4528,726,0,wool,0.0446,184
2514,ENG,3848,719,0,wool,0.0361,157
2515,ENG,8088,1624,0,wool,0.3272,890
2516,NZL,85608,2499,2022,cattle,0.0266,208
2517,SPA,7968,1625,0,fish,0.3046,1625
2518,SPA,8644,1921,0,fruit,0.4938,1920
2519,NET,2396,483,0,fish,0.0696,483
2520,,8000,1800,0,fish,0.0000,0
2521,SPA,6176,1322,0,fish,0.2457,1322
2522,NET,5920,1367,0,fish,0.2858,1367
2523,,1000,225,0,fish,0.0000,0
2524,,60,15,0,fish,0.0000,0
2525,RUS,244,51,0,fish,0.0050,51
2526,,60,15,0,fish,0.0000,0
2527,,13800,3125,0,fish,0.0000,0
2528,NET,216852,48392,0,tropical_wood,53.8998,48392
2529,NET,113644,26406,0,tropical_wood,34.2087,26406
2530,ENG,261804,60874,0,tropical_wood,86.5347,60874
2531,ENG,316728,67967,0,grain,0.0000,106
2532,BRZ,5420,2,621,tropical_wood,0.0000,2
2533,ROM,393044,91286,669,grain,21.6942,74548
2534,NET,46880,10782,0,fruit,1.3396,4543
2535,NET,27388,6357,0,fish,1.5294,6357
2536,NET,5792,1337,0,fish,0.2848,1337
2537,ENG,142656,33188,0,tropical_wood,48.7193,33188
2538,AUS,320544,70221,1124,wool,16.6949,49232
2539,ENG,55300,12889,0,tropical_wood,21.4417,12889
2540,,13000,2950,0,fish,0.0000,0
2541,,2000,450,0,fish,0.0000,0
2542,,3000,675,0,fish,0.0000,0
2543,,25000,5700,0,fish,0.0000,0
2544,,4000,900,0,fish,0.0000,0
2545,,6000,1350,0,fish,0.0000,0
2546,,1000,225,0,fish,0.0000,0
2547,,600,137,0,fish,0.0000,0
2548,,2000,455,0,fish,0.0000,0
2549,BRZ,16752,35,1419,tropical_wood,0.0129,35
2550,BRZ,18056,3374,781,tropical_wood,3.2585,3374
2551,,5000,1125,0,fish,0.0000,0
2552,,160,35,0,fish,0.0000,0
2553,,6000,1350,0,fish,0.0000,0
2554,ARG,13604,2919,299,cattle,0.2302,2237
2555,CSA,160124,37270,1389,cotton,8.4868,37270
2556,CSA,181088,35442,1254,tobacco,4.1087,35442
2557,DEN,68616,16890,0,cattle,2.6304,14688
2558,TUR,44364,10675,0,fruit,6.6555,10672
2559,TUR,132520,31811,0,cotton,20.7095,31811
2560,HES,495820,88871,19668,fruit,42.9586,88852
2561,PRU,160064,29910,8749,cattle,7.1438,25122
2562,CHI,1673976,378236,0,tea,53.5489,378236
2563,SPA,63648,15441,0,grain,4.1033,15164
2564,TUR,10136,2418,0,cattle,0.6987,1593
2565,SPA,312700,74085,0,fish,14.9142,74085
2566,TUR,640136,150766,0,grain,44.0814,106931
2567,ITA,454784,98581,8322,fish,36.5927,98581
2568,SWI,89356,17633,4323,wool,4.0859,12841
2569,TUR,101540,22364,0,grain,9.5886,19119
2570,FRA,327692,67156,8067,grain,26.5364,54752
2571,NZL,53244,2242,2062,cattle,0.0266,246
2572,BUR,256264,59221,0,opium,3.3900,59221
2573,,72000,16500,0,grain,0.0000,0
2574,TUR,15756,3611,0,wool,0.0000,0
2575,TUR,505224,97606,0,precious_metal,285.7798,55999
2576,NET,16024,3679,0,fish,0.8780,3679
2577,TUR,63756,15313,0,iron,19.0333,15313
2578,PEU,90304,18652,2306,wool,3.1263,13005
2579,NET,3056,696,0,fish,0.1400,696
2580,RUS,86596,20412,43,grain,4.5410,16323
2581,TUR,258676,60685,0,grain,12.7285,30395
2582,AUS,87408,19511,1699,fish,6.7498,19511
2583,MON,28368,6953,0,fruit,1.0709,6951
2584,AUS,289084,65801,0,coal,48.9697,65801
2585,TUR,3940,900,0,wool,0.0000,0
2586,TUR,29772,7068,0,grain,2.7557,5970
2587,RUS,3980,789,0,timber,0.2961,789
2588,RUS,33224,7617,114,timber,3.3891,7617
2589,RUS,4448,423,4,timber,0.1480,423
2590,RUS,4512,531,105,fish,0.1358,531
2591,DEN,1548,376,0,fish,0.0715,376
2592,ENG,556,91,0,cattle,0.0068,89
2593,ENG,472,114,0,timber,0.0655,114
2594,ENG,468,111,0,timber,0.0655,111
2595,ENG,1880,425,0,fish,0.1012,425
2596,ENG,1740,411,0,fish,0.0610,411
2597,ENG,2476,570,0,timber,0.3367,570
2598,ENG,1404,318,0,timber,0.1590,318
2599,,1980,450,0,fish,0.0000,0
2600,BRZ,14644,3286,4,grain,0.6896,3286
2601,TUR,1676,403,0,precious_metal,1.8696,403
2602,AST,9148,850,195,grain,0.1732,406
2603,ENG,812,142,0,cattle,0.0137,140
2604,AST,30632,2885,1635,tropical_wood,7.8438,2885
2605,TUR,2796,668,0,precious_metal,3.2727,668
2606,RUS,86232,20343,0,coal,6.4180,20343
2607,XIN,25972,5930,0,cotton,0.5091,5930
2608,MGL,152600,36096,0,iron,5.8516,36096
2609,TUR,11800,2700,0,grain,0.0000,0
2610,RUS,9880,2039,0,wool,0.3429,1500
2611,RUS,23580,5475,0,wool,1.0109,4388
2612,RUS,77064,18151,0,coal,6.5314,18151
2613,RUS,1228,232,0,timber,0.0328,232
2614,RUS,1100,243,0,timber,0.0328,243
2615,RUS,3648,317,0,timber,0.0328,317
2616,RUS,1928,204,35,fish,0.0453,204
2617,MCK,240396,54122,0,coal,6.9801,54122
2618,RUS,4600,872,0,grain,0.0714,400
2619,,2000,450,0,timber,0.0000,0
2620,,1000,230,0,cattle,0.0000,0
2621,,1000,225,0,timber,0.0000,0
2622,,584,135,0,grain,0.0000,0
2623,,60,15,0,fish,0.0000,0
2624,TUR,31536,7398,0,timber,5.8943,7398
2625,ENG,5544,551,805,fish,0.1483,551
2626,ENG,800,73,0,grain,0.0000,73
2627,ENG,680,108,0,timber,0.0468,108
2628,ENG,6544,1527,0,fish,0.4450,1527
2629,ENG,772,179,0,timber,0.0842,179
2630,,1600,360,0,fish,0.0000,0
2631,,2980,675,0,fish,0.0000,0
2632,DEN,1328,322,0,fish,0.0370,322
2633,RUS,4844,1005,2,fish,0.2566,1005
2634,RUS,4492,732,70,fish,0.1912,732
2635,TUR,35560,8225,0,grain,0.0000,0
2636,DEN,1536,377,0,fish,0.0710,377
2637,RUS,5912,783,112,fish,0.1962,783
2638,RUS,1792,308,0,grain,0.0000,100
2639,RUS,3556,823,0,fish,0.2364,823
2640,,984,225,0,cattle,0.0000,0
2641,RUS,9644,1914,40,grain,0.1072,628
2642,RUS,4084,530,8,cattle,0.0084,150
2643,,1000,230,0,grain,0.0000,0
2644,RUS,6464,511,24,timber,0.1809,511
2645,RUS,6384,1086,6,coal,0.3855,1086
2646,RUS,6408,866,29,coal,0.2721,866
2647,,1000,230,0,timber,0.0000,0
2648,RUS,147592,32640,529,grain,7.4514,26947
2649,RUS,5252,825,0,grain,0.0714,390
2650,RUS,12992,2533,2,grain,0.2859,1579
2651,RUS,1056,4,2,timber,0.0000,4
2652,,1000,230,0,grain,0.0000,0
2653,RUS,1432,302,0,timber,0.0328,302
2654,RUS,972,219,0,timber,0.0328,219
2655,RUS,1416,178,0,iron,0.0462,178
2656,RUS,4340,664,0,coal,0.2268,664
2657,RUS,4360,653,0,grain,0.0714,400
2658,,1000,225,0,timber,0.0000,0
2659,RUS,1472,340,0,timber,0.1152,340
2660,,1000,230,0,grain,0.0000,0
2661,,584,135,0,timber,0.0000,0
2662,,1000,230,0,timber,0.0000,0
2663,RUS,1344,22,9,grain,0.0000,22
2664,,1000,230,0,grain,0.0000,0
2665,,1000,230,0,timber,0.0000,0
2666,,584,135,0,grain,0.0000,0
2667,,1000,230,0,timber,0.0000,0
2668,RUS,4360,883,0,grain,0.0714,400
2669,RUS,11932,2358,68,grain,0.4433,1711
2670,RUS,1048,233,0,timber,0.0328,233
2671,RUS,1476,159,2,cattle,0.0084,116
2672,RUS,19080,3876,0,timber,1.9742,3876
2673,RUS,892,206,0,grain,0.0000,100
2674,RUS,980,217,0,timber,0.0328,217
2675,RUS,2888,419,0,grain,0.0357,311
2676,RUS,1524,229,0,grain,0.0357,229
2677,RUS,1440,330,0,coal,0.1134,330
2678,MGL,79576,19009,0,timber,3.6412,19009
2679,MGL,124648,29380,0,cotton,3.2506,29380
2680,RUS,5496,1180,0,timber,0.4442,1180
2681,RUS,2516,133,9,timber,0.0000,133
2682,RUS,5044,711,2,timber,0.2961,711
2683,RUS,10124,2255,0,coal,0.7937,2255
2684,RUS,1824,421,0,timber,0.1480,421
2685,RUS,34856,2738,98,timber,1.2997,2738
2686,RUS,26232,6436,0,sulphur,5.1646,6436
2687,RUS,2812,376,2,timber,0.1480,376
2688,RUS,3172,581,2,fish,0.1509,581
2689,RUS,75860,1986,136,timber,0.8226,1986
2690,RUS,2704,414,5,grain,0.0000,100
2691,RUS,4436,760,24,grain,0.0714,400
2692,RUS,4828,629,2,timber,0.2961,629
2693,RUS,3364,337,0,timber,0.1152,337
2694,RUS,3768,602,0,grain,0.0714,400
2695,RUS,10244,1840,7,grain,0.2144,1304
2696,RUS,2168,266,9,grain,0.0357,266
2697,RUS,65428,14679,0,grain,2.9461,12083
2698,RUS,90528,21468,12,coal,7.6880,21468
2699,RUS,2552,392,4,timber,0.1480,392
2700,RUS,13368,3120,146,timber,1.5629,3120
2701,RUS,4452,687,0,grain,0.0714,400
2702,RUS,38328,8854,0,wool,1.5932,6918
2703,,0,0,0,NONE,0.0000,0
2704,,0,0,0,NONE,0.0000,0
2705,,0,0,0,NONE,0.0000,0
2706,,0,0,0,NONE,0.0000,0
2707,,0,0,0,NONE,0.0000,0
2708,,0,0,0,NONE,0.0000,0
2709,,0,0,0,NONE,0.0000,0
2710,,0,0,0,NONE,0.0000,0
2711,,0,0,0,NONE,0.0000,0
2712,,0,0,0,NONE,0.0000,0
2713,,0,0,0,NONE,0.0000,0
2714,,0,0,0,NONE,0.0000,0
2715,,0,0,0,NONE,0.0000,0
2716,,0,0,0,NONE,0.0000,0
2717,,0,0,0,NONE,0.0000,0
2718,,0,0,0,NONE,0.0000,0
2719,,0,0,0,NONE,0.0000,0
2720,,0,0,0,NONE,0.0000,0
2721,,0,0,0,NONE,0.0000,0
2722,,0,0,0,NONE,0.0000,0
2723,,0,0,0,NONE,0.0000,0
2724,,0,0,0,NONE,0.0000,0
2725,,0,0,0,NONE,0.0000,0
2726,,0,0,0,NONE,0.0000,0
2727,,0,0,0,NONE,0.0000,0
2728,,0,0,0,NONE,0.0000,0
2729,,0,0,0,NONE,0.0000,0
2730,,0,0,0,NONE,0.0000,0
2731,,0,0,0,NONE,0.0000,0
2732,,0,0,0,NONE,0.0000,0
2733,,0,0,0,NONE,0.0000,0
2734,,0,0,0,NONE,0.0000,0
2735,,0,0,0,NONE,0.0000,0
2736,,0,0,0,NONE,0.0000,0
2737,,0,0,0,NONE,0.0000,0
2738,,0,0,0,NONE,0.0000,0
2739,,0,0,0,NONE,0.0000,0
2740,,0,0,0,NONE,0.0000,0
2741,,0,0,0,NONE,0.0000,0
2742,,0,0,0,NONE,0.0000,0
2743,,0,0,0,NONE,0.0000,0
2744,,0,0,0,NONE,0.0000,0
2745,,0,0,0,NONE,0.0000,0
2746,,0,0,0,NONE,0.0000,0
2747,,0,0,0,NONE,0.0000,0
2748,,0,0,0,NONE,0.0000,0
2749,,0,0,0,NONE,0.0000,0
2750,,0,0,0,NONE,0.0000,0
2751,,0,0,0,NONE,0.0000,0
2752,,0,0,0,NONE,0.0000,0
2753,,0,0,0,NONE,0.0000,0
2754,,0,0,0,NONE,0.0000,0
2755,,0,0,0,NONE,0.0000,0
2756,,0,0,0,NONE,0.0000,0
2757,,0,0,0,NONE,0.0000,0
2758,,0,0,0,NONE,0.0000,0
2759,,0,0,0,NONE,0.0000,0
2760,,0,0,0,NONE,0.0000,0
2761,,0,0,0,NONE,0.0000,0
2762,,0,0,0,NONE,0.0000,0
2763,,0,0,0,NONE,0.0000,0
2764,,0,0,0,NONE,0.0000,0
2765,,0,0,0,NONE,0.0000,0
2766,,0,0,0,NONE,0.0000,0
2767,,0,0,0,NONE,0.0000,0
2768,,0,0,0,NONE,0.0000,0
2769,,0,0,0,NONE,0.0000,0
2770,,0,0,0,NONE,0.0000,0
2771,,0,0,0,NONE,0.0000,0
2772,,0,0,0,NONE,0.0000,0
2773,,0,0,0,NONE,0.0000,0
2774,,0,0,0,NONE,0.0000,0
2775,,0,0,0,NONE,0.0000,0
2776,,0,0,0,NONE,0.0000,0
2777,,0,0,0,NONE,0.0000,0
2778,,0,0,0,NONE,0.0000,0
2779,,0,0,0,NONE,0.0000,0
2780,,0,0,0,NONE,0.0000,0
2781,,0,0,0,NONE,0.0000,0
2782,,0,0,0,NONE,0.0000,0
2783,,0,0,0,NONE,0.0000,0
2784,,0,0,0,NONE,0.0000,0
2785,,0,0,0,NONE,0.0000,0
2786,,0,0,0,NONE,0.0000,0
2787,,0,0,0,NONE,0.0000,0
2788,,0,0,0,NONE,0.0000,0
2789,,0,0,0,NONE,0.0000,0
2790,,0,0,0,NONE,0.0000,0
2791,,0,0,0,NONE,0.0000,0
2792,,0,0,0,NONE,0.0000,0
2793,,0,0,0,NONE,0.0000,0
2794,,0,0,0,NONE,0.0000,0
2795,,0,0,0,NONE,0.0000,0
2796,,0,0,0,NONE,0.0000,0
2797,,0,0,0,NONE,0.0000,0
2798,,0,0,0,NONE,0.0000,0
2799,,0,0,0,NONE,0.0000,0
2800,,0,0,0,NONE,0.0000,0
2801,,0,0,0,NONE,0.0000,0
2802,,0,0,0,NONE,0.0000,0
2803,,0,0,0,NONE,0.0000,0
2804,,0,0,0,NONE,0.0000,0
2805,,0,0,0,NONE,0.0000,0
2806,,0,0,0,NONE,0.0000,0
2807,,0,0,0,NONE,0.0000,0
2808,,0,0,0,NONE,0.0000,0
2809,,0,0,0,NONE,0.0000,0
2810,,0,0,0,NONE,0.0000,0
2811,,0,0,0,NONE,0.0000,0
2812,,0,0,0,NONE,0.0000,0
2813,,0,0,0,NONE,0.0000,0
2814,,0,0,0,NONE,0.0000,0
2815,,0,0,0,NONE,0.0000,0
2816,,0,0,0,NONE,0.0000,0
2817,,0,0,0,NONE,0.0000,0
2818,,0,0,0,NONE,0.0000,0
2819,,0,0,0,NONE,0.0000,0
2820,,0,0,0,NONE,0.0000,0
2821,,0,0,0,NONE,0.0000,0
2822,,0,0,0,NONE,0.0000,0
2823,,0,0,0,NONE,0.0000,0
2824,,0,0,0,NONE,0.0000,0
2825,,0,0,0,NONE,0.0000,0
2826,,0,0,0,NONE,0.0000,0
2827,,0,0,0,NONE,0.0000,0
2828,,0,0,0,NONE,0.0000,0
2829,,0,0,0,NONE,0.0000,0
2830,,0,0,0,NONE,0.0000,0
2831,,0,0,0,NONE,0.0000,0
2832,,0,0,0,NONE,0.0000,0
2833,,0,0,0,NONE,0.0000,0
2834,,0,0,0,NONE,0.0000,0
2835,,0,0,0,NONE,0.0000,0
2836,,0,0,0,NONE,0.0000,0
2837,,0,0,0,NONE,0.0000,0
2838,,0,0,0,NONE,0.0000,0
2839,,0,0,0,NONE,0.0000,0
2840,,0,0,0,NONE,0.0000,0
2841,,0,0,0,NONE,0.0000,0
2842,,0,0,0,NONE,0.0000,0
2843,,0,0,0,NONE,0.0000,0
2844,,0,0,0,NONE,0.0000,0
2845,,0,0,0,NONE,0.0000,0
2846,,0,0,0,NONE,0.0000,0
2847,,0,0,0,NONE,0.0000,0
2848,,0,0,0,NONE,0.0000,0
2849,,0,0,0,NONE,0.0000,0
2850,,0,0,0,NONE,0.0000,0
2851,,0,0,0,NONE,0.0000,0
2852,,0,0,0,NONE,0.0000,0
2853,,0,0,0,NONE,0.0000,0
2854,,0,0,0,NONE,0.0000,0
2855,,0,0,0,NONE,0.0000,0
2856,,0,0,0,NONE,0.0000,0
2857,,0,0,0,NONE,0.0000,0
2858,,0,0,0,NONE,0.0000,0
2859,,0,0,0,NONE,0.0000,0
2860,,0,0,0,NONE,0.0000,0
2861,,0,0,0,NONE,0.0000,0
2862,,0,0,0,NONE,0.0000,0
2863,,0,0,0,NONE,0.0000,0
2864,,0,0,0,NONE,0.0000,0
2865,,0,0,0,NONE,0.0000,0
2866,,0,0,0,NONE,0.0000,0
2867,,0,0,0,NONE,0.0000,0
2868,,0,0,0,NONE,0.0000,0
2869,,0,0,0,NONE,0.0000,0
2870,,0,0,0,NONE,0.0000,0
2871,,0,0,0,NONE,0.0000,0
2872,,0,0,0,NONE,0.0000,0
2873,,0,0,0,NONE,0.0000,0
2874,,0,0,0,NONE,0.0000,0
2875,,0,0,0,NONE,0.0000,0
2876,,0,0,0,NONE,0.0000,0
2877,,0,0,0,NONE,0.0000,0
2878,,0,0,0,NONE,0.0000,0
2879,,0,0,0,NONE,0.0000,0
2880,,0,0,0,NONE,0.0000,0
2881,,0,0,0,NONE,0.0000,0
2882,,0,0,0,NONE,0.0000,0
2883,,0,0,0,NONE,0.0000,0
2884,,0,0,0,NONE,0.0000,0
2885,,0,0,0,NONE,0.0000,0
2886,,0,0,0,NONE,0.0000,0
2887,,0,0,0,NONE,0.0000,0
2888,,0,0,0,NONE,0.0000,0
2889,,0,0,0,NONE,0.0000,0
2890,,0,0,0,NONE,0.0000,0
2891,,0,0,0,NONE,0.0000,0
2892,,0,0,0,NONE,0.0000,0
2893,,0,0,0,NONE,0.0000,0
2894,,0,0,0,NONE,0.0000,0
2895,,0,0,0,NONE,0.0000,0
2896,,0,0,0,NONE,0.0000,0
2897,,0,0,0,NONE,0.0000,0
2898,,0,0,0,NONE,0.0000,0
2899,,0,0,0,NONE,0.0000,0
2900,,0,0,0,NONE,0.0000,0
2901,,0,0,0,NONE,0.0000,0
2902,,0,0,0,NONE,0.0000,0
2903,,0,0,0,NONE,0.0000,0
2904,,0,0,0,NONE,0.0000,0
2905,,0,0,0,NONE,0.0000,0
2906,,0,0,0,NONE,0.0000,0
2907,,0,0,0,NONE,0.0000,0
2908,,0,0,0,NONE,0.0000,0
2909,,0,0,0,NONE,0.0000,0
2910,,0,0,0,NONE,0.0000,0
2911,,0,0,0,NONE,0.0000,0
2912,,0,0,0,NONE,0.0000,0
2913,,0,0,0,NONE,0.0000,0
2914,,0,0,0,NONE,0.0000,0
2915,,0,0,0,NONE,0.0000,0
2916,,0,0,0,NONE,0.0000,0
2917,,0,0,0,NONE,0.0000,0
2918,,0,0,0,NONE,0.0000,0
2919,,0,0,0,NONE,0.0000,0
2920,,0,0,0,NONE,0.0000,0
2921,,0,0,0,NONE,0.0000,0
2922,,0,0,0,NONE,0.0000,0
2923,,0,0,0,NONE,0.0000,0
2924,,0,0,0,NONE,0.0000,0
2925,,0,0,0,NONE,0.0000,0
2926,,0,0,0,NONE,0.0000,0
2927,,0,0,0,NONE,0.0000,0
2928,,0,0,0,NONE,0.0000,0
2929,,0,0,0,NONE,0.0000,0
2930,,0,0,0,NONE,0.0000,0
2931,,0,0,0,NONE,0.0000,0
2932,,0,0,0,NONE,0.0000,0
2933,,0,0,0,NONE,0.0000,0
2934,,0,0,0,NONE,0.0000,0
2935,,0,0,0,NONE,0.0000,0
2936,,0,0,0,NONE,0.0000,0
2937,,0,0,0,NONE,0.0000,0
2938,,0,0,0,NONE,0.0000,0
2939,,0,0,0,NONE,0.0000,0
2940,,0,0,0,NONE,0.0000,0
2941,,0,0,0,NONE,0.0000,0
2942,,0,0,0,NONE,0.0000,0
2943,,0,0,0,NONE,0.0000,0
2944,,0,0,0,NONE,0.0000,0
2945,,0,0,0,NONE,0.0000,0
2946,,0,0,0,NONE,0.0000,0
2947,,0,0,0,NONE,0.0000,0
2948,,0,0,0,NONE,0.0000,0
2949,,0,0,0,NONE,0.0000,0
2950,,0,0,0,NONE,0.0000,0
2951,,0,0,0,NONE,0.0000,0
2952,,0,0,0,NONE,0.0000,0
2953,,0,0,0,NONE,0.0000,0
2954,,0,0,0,NONE,0.0000,0
2955,,0,0,0,NONE,0.0000,0
2956,,0,0,0,NONE,0.0000,0
2957,,0,0,0,NONE,0.0000,0
2958,,0,0,0,NONE,0.0000,0
2959,,0,0,0,NONE,0.0000,0
2960,,0,0,0,NONE,0.0000,0
2961,,0,0,0,NONE,0.0000,0
2962,,0,0,0,NONE,0.0000,0
2963,,0,0,0,NONE,0.0000,0
2964,,0,0,0,NONE,0.0000,0
2965,,0,0,0,NONE,0.0000,0
2966,,0,0,0,NONE,0.0000,0
2967,,0,0,0,NONE,0.0000,0
2968,,0,0,0,NONE,0.0000,0
2969,,0,0,0,NONE,0.0000,0
2970,,0,0,0,NONE,0.0000,0
2971,,0,0,0,NONE,0.0000,0
2972,,0,0,0,NONE,0.0000,0
2973,,0,0,0,NONE,0.0000,0
2974,,0,0,0,NONE,0.0000,0
2975,,0,0,0,NONE,0.0000,0
2976,,0,0,0,NONE,0.0000,0
2977,,0,0,0,NONE,0.0000,0
2978,,0,0,0,NONE,0.0000,0
2979,,0,0,0,NONE,0.0000,0
2980,,0,0,0,NONE,0.0000,0
2981,,0,0,0,NONE,0.0000,0
2982,,0,0,0,NONE,0.0000,0
2983,,0,0,0,NONE,0.0000,0
2984,,0,0,0,NONE,0.0000,0
2985,,0,0,0,NONE,0.0000,0
2986,,0,0,0,NONE,0.0000,0
2987,,0,0,0,NONE,0.0000,0
2988,,0,0,0,NONE,0.0000,0
2989,,0,0,0,NONE,0.0000,0
2990,,0,0,0,NONE,0.0000,0
2991,,0,0,0,NONE,0.0000,0
2992,,0,0,0,NONE,0.0000,0
2993,,0,0,0,NONE,0.0000,0
2994,,0,0,0,NONE,0.0000,0
2995,,0,0,0,NONE,0.0000,0
2996,,0,0,0,NONE,0.0000,0
2997,,0,0,0,NONE,0.0000,0
2998,,0,0,0,NONE,0.0000,0
2999,,0,0,0,NONE,0.0000,0
3000,,0,0,0,NONE,0.0000,0
3001,,0,0,0,NONE,0.0000,0
3002,,0,0,0,NONE,0.0000,0
3003,,0,0,0,NONE,0.0000,0
3004,,0,0,0,NONE,0.0000,0
3005,,0,0,0,NONE,0.0000,0
3006,,0,0,0,NONE,0.0000,0
3007,,0,0,0,NONE,0.0000,0
3008,,0,0,0,NONE,0.0000,0
3009,,0,0,0,NONE,0.0000,0
3010,,0,0,0,NONE,0.0000,0
3011,,0,0,0,NONE,0.0000,0
3012,,0,0,0,NONE,0.0000,0
3013,,0,0,0,NONE,0.0000,0
3014,,0,0,0,NONE,0.0000,0
3015,,0,0,0,NONE,0.0000,0
3016,,0,0,0,NONE,0.0000,0
3017,,0,0,0,NONE,0.0000,0
3018,,0,0,0,NONE,0.0000,0
3019,,0,0,0,NONE,0.0000,0
3020,,0,0,0,NONE,0.0000,0
3021,,0,0,0,NONE,0.0000,0
3022,,0,0,0,NONE,0.0000,0
3023,,0,0,0,NONE,0.0000,0
3024,,0,0,0,NONE,0.0000,0
3025,,0,0,0,NONE,0.0000,0
3026,,0,0,0,NONE,0.0000,0
3027,,0,0,0,NONE,0.0000,0
3028,,0,0,0,NONE,0.0000,0
3029,,0,0,0,NONE,0.0000,0
3030,,0,0,0,NONE,0.0000,0
3031,,0,0,0,NONE,0.0000,0
3032,,0,0,0,NONE,0.0000,0
3033,,0,0,0,NONE,0.0000,0
3034,,0,0,0,NONE,0.0000,0
3035,,0,0,0,NONE,0.0000,0
3036,,0,0,0,NONE,0.0000,0
3037,,0,0,0,NONE,0.0000,0
3038,,0,0,0,NONE,0.0000,0
3039,,0,0,0,NONE,0.0000,0
3040,,0,0,0,NONE,0.0000,0
3041,,0,0,0,NONE,0.0000,0
3042,,0,0,0,NONE,0.0000,0
3043,,0,0,0,NONE,0.0000,0
3044,,0,0,0,NONE,0.0000,0
3045,,0,0,0,NONE,0.0000,0
3046,,0,0,0,NONE,0.0000,0
3047,,0,0,0,NONE,0.0000,0
3048,,0,0,0,NONE,0.0000,0
3049,,0,0,0,NONE,0.0000,0
3050,,0,0,0,NONE,0.0000,0
3051,,0,0,0,NONE,0.0000,0
3052,,0,0,0,NONE,0.0000,0
3053,,0,0,0,NONE,0.0000,0
3054,,0,0,0,NONE,0.0000,0
3055,,0,0,0,NONE,0.0000,0
3056,,0,0,0,NONE,0.0000,0
3057,,0,0,0,NONE,0.0000,0
3058,,0,0,0,NONE,0.0000,0
3059,,0,0,0,NONE,0.0000,0
3060,,0,0,0,NONE,0.0000,0
3061,,0,0,0,NONE,0.0000,0
3062,,0,0,0,NONE,0.0000,0
3063,,0,0,0,NONE,0.0000,0
3064,,0,0,0,NONE,0.0000,0
3065,,0,0,0,NONE,0.0000,0
3066,,0,0,0,NONE,0.0000,0
3067,,0,0,0,NONE,0.0000,0
3068,,0,0,0,NONE,0.0000,0
3069,,0,0,0,NONE,0.0000,0
3070,,0,0,0,NONE,0.0000,0
3071,,0,0,0,NONE,0.0000,0
3072,,0,0,0,NONE,0.0000,0
3073,,0,0,0,NONE,0.0000,0
3074,,0,0,0,NONE,0.0000,0
3075,,0,0,0,NONE,0.0000,0
3076,,0,0,0,NONE,0.0000,0
3077,,0,0,0,NONE,0.0000,0
3078,,0,0,0,NONE,0.0000,0
3079,,0,0,0,NONE,0.0000,0
3080,,0,0,0,NONE,0.0000,0
3081,,0,0,0,NONE,0.0000,0
3082,,0,0,0,NONE,0.0000,0
3083,,0,0,0,NONE,0.0000,0
3084,,0,0,0,NONE,0.0000,0
3085,,0,0,0,NONE,0.0000,0
3086,,0,0,0,NONE,0.0000,0
3087,,0,0,0,NONE,0.0000,0
3088,,0,0,0,NONE,0.0000,0
3089,,0,0,0,NONE,0.0000,0
3090,,0,0,0,NONE,0.0000,0
3091,,0,0,0,NONE,0.0000,0
3092,,0,0,0,NONE,0.0000,0
3093,,0,0,0,NONE,0.0000,0
3094,,0,0,0,NONE,0.0000,0
3095,,0,0,0,NONE,0.0000,0
3096,,0,0,0,NONE,0.0000,0
3097,,0,0,0,NONE,0.0000,0
3098,,0,0,0,NONE,0.0000,0
3099,,0,0,0,NONE,0.0000,0
3100,,0,0,0,NONE,0.0000,0
3101,,0,0,0,NONE,0.0000,0
3102,,0,0,0,NONE,0.0000,0
3103,,0,0,0,NONE,0.0000,0
3104,,0,0,0,NONE,0.0000,0
3105,,0,0,0,NONE,0.0000,0
3106,,0,0,0,NONE,0.0000,0
3107,,0,0,0,NONE,0.0000,0
3108,,0,0,0,NONE,0.0000,0
3109,,0,0,0,NONE,0.0000,0
3110,,0,0,0,NONE,0.0000,0
3111,,0,0,0,NONE,0.0000,0
3112,,0,0,0,NONE,0.0000,0
3113,,0,0,0,NONE,0.0000,0
3114,,0,0,0,NONE,0.0000,0
3115,,0,0,0,NONE,0.0000,0
3116,,0,0,0,NONE,0.0000,0
3117,,0,0,0,NONE,0.0000,0
3118,,0,0,0,NONE,0.0000,0
3119,,0,0,0,NONE,0.0000,0
3120,,0,0,0,NONE,0.0000,0
3121,,0,0,0,NONE,0.0000,0
3122,,0,0,0,NONE,0.0000,0
3123,,0,0,0,NONE,0.0000,0
3124,,0,0,0,NONE,0.0000,0
3125,,0,0,0,NONE,0.0000,0
3126,,0,0,0,NONE,0.0000,0
3127,,0,0,0,NONE,0.0000,0
3128,,0,0,0,NONE,0.0000,0
3129,,0,0,0,NONE,0.0000,0
3130,,0,0,0,NONE,0.0000,0
3131,,0,0,0,NONE,0.0000,0
3132,,0,0,0,NONE,0.0000,0
3133,,0,0,0,NONE,0.0000,0
3134,,0,0,0,NONE,0.0000,0
3135,,0,0,0,NONE,0.0000,0
3136,,0,0,0,NONE,0.0000,0
3137,,0,0,0,NONE,0.0000,0
3138,,0,0,0,NONE,0.0000,0
3139,,0,0,0,NONE,0.0000,0
3140,,0,0,0,NONE,0.0000,0
3141,,0,0,0,NONE,0.0000,0
3142,,0,0,0,NONE,0.0000,0
3143,,0,0,0,NONE,0.0000,0
3144,,0,0,0,NONE,0.0000,0
3145,,0,0,0,NONE,0.0000,0
3146,,0,0,0,NONE,0.0000,0
3147,,0,0,0,NONE,0.0000,0
3148,,0,0,0,NONE,0.0000,0
3149,,0,0,0,NONE,0.0000,0
3150,,0,0,0,NONE,0.0000,0
3151,,0,0,0,NONE,0.0000,0
3152,,0,0,0,NONE,0.0000,0
3153,,0,0,0,NONE,0.0000,0
3154,,0,0,0,NONE,0.0000,0
3155,,0,0,0,NONE,0.0000,0
3156,,0,0,0,NONE,0.0000,0
3157,,0,0,0,NONE,0.0000,0
3158,,0,0,0,NONE,0.0000,0
3159,,0,0,0,NONE,0.0000,0
3160,,0,0,0,NONE,0.0000,0
3161,,0,0,0,NONE,0.0000,0
3162,,0,0,0,NONE,0.0000,0
3163,,0,0,0,NONE,0.0000,0
3164,,0,0,0,NONE,0.0000,0
3165,,0,0,0,NONE,0.0000,0
3166,,0,0,0,NONE,0.0000,0
3167,,0,0,0,NONE,0.0000,0
3168,,0,0,0,NONE,0.0000,0
3169,,0,0,0,NONE,0.0000,0
3170,,0,0,0,NONE,0.0000,0
3171,,0,0,0,NONE,0.0000,0
3172,,0,0,0,NONE,0.0000,0
3173,,0,0,0,NONE,0.0000,0
3174,,0,0,0,NONE,0.0000,0
3175,,0,0,0,NONE,0.0000,0
3176,,0,0,0,NONE,0.0000,0
3177,,0,0,0,NONE,0.0000,0
3178,,0,0,0,NONE,0.0000,0
3179,,0,0,0,NONE,0.0000,0
3180,,0,0,0,NONE,0.0000,0
3181,,0,0,0,NONE,0.0000,0
3182,,0,0,0,NONE,0.0000,0
3183,,0,0,0,NONE,0.0000,0
3184,,0,0,0,NONE,0.0000,0
3185,,0,0,0,NONE,0.0000,0
3186,,0,0,0,NONE,0.0000,0
3187,,0,0,0,NONE,0.0000,0
3188,,0,0,0,NONE,0.0000,0
3189,,0,0,0,NONE,0.0000,0
3190,,0,0,0,NONE,0.0000,0
3191,,0,0,0,NONE,0.0000,0
3192,,0,0,0,NONE,0.0000,0
3193,,0,0,0,NONE,0.0000,0
3194,,0,0,0,NONE,0.0000,0
3195,,0,0,0,NONE,0.0000,0
3196,,0,0,0,NONE,0.0000,0
3197,,0,0,0,NONE,0.0000,0
3198,,0,0,0,NONE,0.0000,0
3199,,0,0,0,NONE,0.0000,0
3200,,0,0,0,NONE,0.0000,0
3201,,0,0,0,NONE,0.0000,0
3202,,0,0,0,NONE,0.0000,0
3203,,0,0,0,NONE,0.0000,0
3204,,0,0,0,NONE,0.0000,0
3205,,0,0,0,NONE,0.0000,0
3206,,0,0,0,NONE,0.0000,0
3207,,0,0,0,NONE,0.0000,0
3208,,0,0,0,NONE,0.0000,0
3209,,0,0,0,NONE,0.0000,0
3210,,0,0,0,NONE,0.0000,0
3211,,0,0,0,NONE,0.0000,0
3212,,0,0,0,NONE,0.0000,0
3213,,0,0,0,NONE,0.0000,0
3214,,0,0,0,NONE,0.0000,0
3215,,0,0,0,NONE,0.0000,0
3216,,0,0,0,NONE,0.0000,0
3217,,0,0,0,NONE,0.0000,0
3218,,0,0,0,NONE,0.0000,0
3219,,0,0,0,NONE,0.0000,0
3220,,0,0,0,NONE,0.0000,0
3221,,0,0,0,NONE,0.0000,0
3222,,0,0,0,NONE,0.0000,0
3223,,0,0,0,NONE,0.0000,0
3224,,0,0,0,NONE,0.0000,0
3225,,0,0,0,NONE,0.0000,0
3226,,0,0,0,NONE,0.0000,0
3227,,0,0,0,NONE,0.0000,0
3228,,0,0,0,NONE,0.0000,0
3229,,0,0,0,NONE,0.0000,0
3230,,0,0,0,NONE,0.0000,0
3231,,0,0,0,NONE,0.0000,0
3232,,0,0,0,NONE,0.0000,0
3233,,0,0,0,NONE,0.0000,0
3234,,0,0,0,NONE,0.0000,0
3235,,0,0,0,NONE,0.0000,0
3236,,0,0,0,NONE,0.0000,0
3237,,0,0,0,NONE,0.0000,0
3238,,0,0,0,NONE,0.0000,0
3239,,0,0,0,NONE,0.0000,0
3240,,0,0,0,NONE,0.0000,0
3241,,0,0,0,NONE,0.0000,0
3242,,0,0,0,NONE,0.0000,0
3243,,0,0,0,NONE,0.0000,0
3244,,0,0,0,NONE,0.0000,0
3245,,0,0,0,NONE,0.0000,0
3246,SWE,728,0,172,fish,0.0000,0
3247,,0,0,0,NONE,0.0000,0
3248,,0,0,0,NONE,0.0000,0
